,sampleId,sampCountry,origCountry,productCode,efsaProductCode,productTreat,progType,pesticideCode,resVal,fatPerc,resType,year,tag,short_name,long_name,paramcode,limit,mandatory
0,A5A85B6394B58A00F7E75DA76F35D8C9,CZ,CZ,P1020010A,A.01.001348,T134A,K018A,RF-0059-001-PPP,0.002,80.0,LOQ,2011,Camphechlor (sum),Toxaphene,Camphechlor (Toxaphene),RF-0059-001-PPP,0.01,True
1,A5A85B6394B58A00F7E75DA76F35D8C9,CZ,CZ,P1020010A,A.01.001348,T134A,K018A,RF-0032-001-PPP,0.01,80.0,LOQ,2011,Azinphos-ethyl,Azinphos-ethyl,Azinphos-ethyl,RF-0032-001-PPP,0.01,True
2,A5A85B6394B58A00F7E75DA76F35D8C9,CZ,CZ,P1020010A,A.01.001348,T134A,K018A,RF-0119-001-PPP,0.029,80.0,VAL,2011,DDT (sum),DDT (sum),"DDT (sum of p,p'-DDT, o,p'-DDT, p-p'-DDE and p,p'-TDE (DDD) expressed as DDT)",RF-0119-001-PPP,0.04,True
3,A5A85B6394B58A00F7E75DA76F35D8C9,CZ,CZ,P1020010A,A.01.001348,T134A,K018A,RF-0263-001-PPP,0.001,80.0,LOQ,2011,Lindane,Lindane,Lindane (Gamma-isomer of hexachlorocyclohexane (HCH)),RF-0263-001-PPP,0.01,True
4,A5A85B6394B58A00F7E75DA76F35D8C9,CZ,CZ,P1020010A,A.01.001348,T134A,K018A,RF-0406-001-PPP,0.03,80.0,LOQ,2011,Tecnazene,Tecnazene,Tecnazene,RF-0406-001-PPP,0.01,True
5,A5A85B6394B58A00F7E75DA76F35D8C9,CZ,CZ,P1020010A,A.01.001348,T134A,K018A,RF-0432-001-PPP,0.01,80.0,LOQ,2011,Triazophos,Triazophos,Triazophos,RF-0432-001-PPP,0.01,True
6,A5A85B6394B58A00F7E75DA76F35D8C9,CZ,CZ,P1020010A,A.01.001348,T134A,K018A,RF-0011-001-PPP,0.005,80.0,LOQ,2011,Abamectin (sum),Abamectin (sum),"Abamectin (sum of Avermectin B1a, Avermectin B1b and delta-8,9 isomer of Avermectin B1a)",RF-0011-001-PPP,0.01,True
7,A5A85B6394B58A00F7E75DA76F35D8C9,CZ,CZ,P1020010A,A.01.001348,T134A,K018A,RF-0238-001-PPP,0.002,80.0,LOQ,2011,HCH-alpha,HCH-alpha,"Hexachlorocyclohexane (HCH), alpha-isomer",RF-0238-001-PPP,0.01,True
8,A5A85B6394B58A00F7E75DA76F35D8C9,CZ,CZ,P1020010A,A.01.001348,T134A,K018A,RF-0075-002-PPP,0.001,80.0,LOQ,2011,Chlordane (sum),Chlordane,Chlordane,RF-0075-002-PPP,0.002,True
9,A5A85B6394B58A00F7E75DA76F35D8C9,CZ,CZ,P1020010A,A.01.001348,T134A,K018A,RF-0155-001-PPP,0.001,80.0,LOQ,2011,Endosulfan (sum),Endosulfan (sum),Endosulfan (sum of alpha- and beta-isomers and endosulfan-sulphate expresses as endosulfan),RF-0155-001-PPP,0.05,True
10,A5A85B6394B58A00F7E75DA76F35D8C9,CZ,CZ,P1020010A,A.01.001348,T134A,K018A,RF-0187-006-PPP,0.01,80.0,LOQ,2011,Fenthion (sum),Fenthion,Fenthion,RF-0187-006-PPP,0.01,True
11,A5A85B6394B58A00F7E75DA76F35D8C9,CZ,CZ,P1020010A,A.01.001348,T134A,K018A,RF-0108-003-PPP,0.005,80.0,LOQ,2011,Cyfluthrin (sum),Cyfluthrin,Cyfluthrin,RF-0108-003-PPP,0.02,True
12,A5A85B6394B58A00F7E75DA76F35D8C9,CZ,CZ,P1020010A,A.01.001348,T134A,K018A,RF-0239-002-PPP,0.002,80.0,LOQ,2011,HCH-beta,HCH-beta,"Hexachlorocyclohexane (HCH), beta-isomer",RF-0239-002-PPP,0.01,True
13,A5A85B6394B58A00F7E75DA76F35D8C9,CZ,CZ,P1020010A,A.01.001348,T134A,K018A,RF-0237-001-PPP,0.015,80.0,VAL,2011,Hexachlorobenzene,Hexachlorobenzene,Hexachlorobenzene,RF-0237-001-PPP,0.005,True
14,A5A85B6394B58A00F7E75DA76F35D8C9,CZ,CZ,P1020010A,A.01.001348,T134A,K018A,RF-0842-001-PPP,0.01,80.0,LOQ,2011,Permethrin (sum),Permethrin (sum),Permethrin (sum of isomers),RF-0842-001-PPP,0.0,True
15,9C546FD6EEF9033680D7D88C330AF075,CZ,CZ,P1020010A,A.01.001029,T134A,K018A,RF-0112-001-PPP,0.01,3.8,LOQ,2011,Cypermethrin (sum),Cypermethrin (sum),Cypermethrin (Cypermethrin including other mixtures of constituent isomers (sum of isomers)),RF-0112-001-PPP,0.05,True
16,9C546FD6EEF9033680D7D88C330AF075,CZ,CZ,P1020010A,A.01.001029,T134A,K018A,RF-0120-001-PPP,0.007,3.8,LOQ,2011,Deltamethrin,Deltamethrin,Deltamethrin (cis-deltamethrin),RF-0120-001-PPP,0.05,True
17,9C546FD6EEF9033680D7D88C330AF075,CZ,CZ,P1020010A,A.01.001029,T134A,K018A,RF-0290-001-PPP,0.02,3.8,LOQ,2011,Methidathion,Methidathion,Methidathion,RF-0290-001-PPP,0.02,True
18,9C546FD6EEF9033680D7D88C330AF075,CZ,CZ,P1020010A,A.01.001029,T134A,K018A,RF-0373-001-PPP,0.02,3.8,LOQ,2011,Pyrazophos,Pyrazophos,Pyrazophos,RF-0373-001-PPP,0.01,True
19,66B8D2FAAFE5920952CB40EED71652F9,CZ,CZ,P1020010A,A.01.001040,T134A,K018A,RF-0348-001-PPP,0.003,1.51,LOQ,2011,Pirimiphos-methyl (sum),Pirimiphos-methyl,Pirimiphos-methyl,RF-0348-001-PPP,0.01,True
20,9C546FD6EEF9033680D7D88C330AF075,CZ,CZ,P1020010A,A.01.001029,T134A,K018A,RF-0236-004-PPP,0.001,3.8,LOQ,2011,Heptachlor (sum),Heptachlor,Heptachlor,RF-0236-004-PPP,0.004,True
21,66B8D2FAAFE5920952CB40EED71652F9,CZ,CZ,P1020010A,A.01.001040,T134A,K018A,RF-0123-001-PPP,0.003,1.51,LOQ,2011,Diazinon,Diazinon,Diazinon,RF-0123-001-PPP,0.02,True
22,66B8D2FAAFE5920952CB40EED71652F9,CZ,CZ,P1020010A,A.01.001040,T134A,K018A,RF-0295-001-PPP,0.01,1.51,LOQ,2011,Methoxychlor,Methoxychlor,Methoxychlor,RF-0295-001-PPP,0.01,True
23,66B8D2FAAFE5920952CB40EED71652F9,CZ,CZ,P1020010A,A.01.001040,T134A,K018A,RF-0156-001-PPP,0.001,1.51,LOQ,2011,Endrin (sum),Endrin,Endrin,RF-0156-001-PPP,0.0008,True
24,E9EDB81EBB05E5E9A05B9124EDD3A3DB,CZ,CZ,P1020010A,A.01.000953,T134A,K018A,RF-0059-001-PPP,0.002,-1.0,LOQ,2011,Camphechlor (sum),Toxaphene,Camphechlor (Toxaphene),RF-0059-001-PPP,0.01,True
25,E9EDB81EBB05E5E9A05B9124EDD3A3DB,CZ,CZ,P1020010A,A.01.000953,T134A,K018A,RF-0032-001-PPP,0.01,-1.0,LOQ,2011,Azinphos-ethyl,Azinphos-ethyl,Azinphos-ethyl,RF-0032-001-PPP,0.01,True
26,E9EDB81EBB05E5E9A05B9124EDD3A3DB,CZ,CZ,P1020010A,A.01.000953,T134A,K018A,RF-0119-001-PPP,0.001,-1.0,LOQ,2011,DDT (sum),DDT (sum),"DDT (sum of p,p'-DDT, o,p'-DDT, p-p'-DDE and p,p'-TDE (DDD) expressed as DDT)",RF-0119-001-PPP,0.04,True
27,E9EDB81EBB05E5E9A05B9124EDD3A3DB,CZ,CZ,P1020010A,A.01.000953,T134A,K018A,RF-0263-001-PPP,0.001,-1.0,LOQ,2011,Lindane,Lindane,Lindane (Gamma-isomer of hexachlorocyclohexane (HCH)),RF-0263-001-PPP,0.01,True
28,E9EDB81EBB05E5E9A05B9124EDD3A3DB,CZ,CZ,P1020010A,A.01.000953,T134A,K018A,RF-0406-001-PPP,0.03,-1.0,LOQ,2011,Tecnazene,Tecnazene,Tecnazene,RF-0406-001-PPP,0.01,True
29,E9EDB81EBB05E5E9A05B9124EDD3A3DB,CZ,CZ,P1020010A,A.01.000953,T134A,K018A,RF-0432-001-PPP,0.01,-1.0,LOQ,2011,Triazophos,Triazophos,Triazophos,RF-0432-001-PPP,0.01,True
30,E9EDB81EBB05E5E9A05B9124EDD3A3DB,CZ,CZ,P1020010A,A.01.000953,T134A,K018A,RF-0011-001-PPP,0.005,-1.0,LOQ,2011,Abamectin (sum),Abamectin (sum),"Abamectin (sum of Avermectin B1a, Avermectin B1b and delta-8,9 isomer of Avermectin B1a)",RF-0011-001-PPP,0.01,True
31,E9EDB81EBB05E5E9A05B9124EDD3A3DB,CZ,CZ,P1020010A,A.01.000953,T134A,K018A,RF-0238-001-PPP,0.001,-1.0,LOQ,2011,HCH-alpha,HCH-alpha,"Hexachlorocyclohexane (HCH), alpha-isomer",RF-0238-001-PPP,0.01,True
32,E9EDB81EBB05E5E9A05B9124EDD3A3DB,CZ,CZ,P1020010A,A.01.000953,T134A,K018A,RF-0155-001-PPP,0.001,-1.0,LOQ,2011,Endosulfan (sum),Endosulfan (sum),Endosulfan (sum of alpha- and beta-isomers and endosulfan-sulphate expresses as endosulfan),RF-0155-001-PPP,0.05,True
33,E7DA8F12518246A7D5E11AADCD7EFA3A,CZ,CZ,P1020010A,A.01.000953,T134A,K018A,RF-0021-003-PPP,0.001,-1.0,LOQ,2011,Dieldrin (sum),Dieldrin (sum),Dieldrin,RF-0021-003-PPP,0.006,True
34,E7DA8F12518246A7D5E11AADCD7EFA3A,CZ,CZ,P1020010A,A.01.000953,T134A,K018A,RF-0842-001-PPP,0.01,-1.0,LOQ,2011,Permethrin (sum),Permethrin (sum),Permethrin (sum of isomers),RF-0842-001-PPP,0.0,True
35,E7DA8F12518246A7D5E11AADCD7EFA3A,CZ,CZ,P1020010A,A.01.000953,T134A,K018A,RF-0295-001-PPP,0.01,-1.0,LOQ,2011,Methoxychlor,Methoxychlor,Methoxychlor,RF-0295-001-PPP,0.01,True
36,E7DA8F12518246A7D5E11AADCD7EFA3A,CZ,CZ,P1020010A,A.01.000953,T134A,K018A,RF-0348-001-PPP,0.003,-1.0,LOQ,2011,Pirimiphos-methyl (sum),Pirimiphos-methyl,Pirimiphos-methyl,RF-0348-001-PPP,0.01,True
37,E7DA8F12518246A7D5E11AADCD7EFA3A,CZ,CZ,P1020010A,A.01.000953,T134A,K018A,RF-0123-001-PPP,0.003,-1.0,LOQ,2011,Diazinon,Diazinon,Diazinon,RF-0123-001-PPP,0.02,True
38,A5A85B6394B58A00F7E75DA76F35D8C9,CZ,CZ,P1020010A,A.01.001348,T134A,K018A,RF-0021-003-PPP,0.001,80.0,LOQ,2011,Dieldrin (sum),Dieldrin (sum),Dieldrin,RF-0021-003-PPP,0.006,True
39,A5A85B6394B58A00F7E75DA76F35D8C9,CZ,CZ,P1020010A,A.01.001348,T134A,K018A,RF-0295-001-PPP,0.01,80.0,LOQ,2011,Methoxychlor,Methoxychlor,Methoxychlor,RF-0295-001-PPP,0.01,True
40,A5A85B6394B58A00F7E75DA76F35D8C9,CZ,CZ,P1020010A,A.01.001348,T134A,K018A,RF-0348-001-PPP,0.003,80.0,LOQ,2011,Pirimiphos-methyl (sum),Pirimiphos-methyl,Pirimiphos-methyl,RF-0348-001-PPP,0.01,True
41,A5A85B6394B58A00F7E75DA76F35D8C9,CZ,CZ,P1020010A,A.01.001348,T134A,K018A,RF-0156-001-PPP,0.001,80.0,LOQ,2011,Endrin (sum),Endrin,Endrin,RF-0156-001-PPP,0.0008,True
42,A5A85B6394B58A00F7E75DA76F35D8C9,CZ,CZ,P1020010A,A.01.001348,T134A,K018A,RF-0123-001-PPP,0.003,80.0,LOQ,2011,Diazinon,Diazinon,Diazinon,RF-0123-001-PPP,0.02,True
43,A5A85B6394B58A00F7E75DA76F35D8C9,CZ,CZ,P1020010A,A.01.001348,T134A,K018A,RF-0385-001-PPP,0.01,80.0,LOQ,2011,Resmethrin (sum),Resmethrin (sum),Resmethrin (resmethrin including other mixtures of consituent isomers (sum of isomers)),RF-0385-001-PPP,0.02,True
44,A5A85B6394B58A00F7E75DA76F35D8C9,CZ,CZ,P1020010A,A.01.001348,T134A,K018A,RF-0351-001-PPP,0.02,80.0,LOQ,2011,Profenofos,Profenofos,Profenofos,RF-0351-001-PPP,0.01,True
45,A5A85B6394B58A00F7E75DA76F35D8C9,CZ,CZ,P1020010A,A.01.001348,T134A,K018A,RF-0088-001-PPP,0.004,80.0,LOQ,2011,Chlorpyrifos-methyl,Chlorpyrifos-methyl,Chlorpyrifos-methyl,RF-0088-001-PPP,0.01,True
46,A5A85B6394B58A00F7E75DA76F35D8C9,CZ,CZ,P1020010A,A.01.001348,T134A,K018A,RF-0690-002-PPP,0.005,80.0,LOQ,2011,Fenvalerate/Esfenvalerate (sum),Fenvalerate,Fenvalerate,RF-0690-002-PPP,0.04,True
47,A5A85B6394B58A00F7E75DA76F35D8C9,CZ,CZ,P1020010A,A.01.001348,T134A,K018A,RF-0120-001-PPP,0.007,80.0,LOQ,2011,Deltamethrin,Deltamethrin,Deltamethrin (cis-deltamethrin),RF-0120-001-PPP,0.05,True
48,A5A85B6394B58A00F7E75DA76F35D8C9,CZ,CZ,P1020010A,A.01.001348,T134A,K018A,RF-0383-002-PPP,0.01,80.0,LOQ,2011,Quintozene (sum),Quintozene,Quintozene,RF-0383-002-PPP,0.01,True
49,A5A85B6394B58A00F7E75DA76F35D8C9,CZ,CZ,P1020010A,A.01.001348,T134A,K018A,RF-0373-001-PPP,0.02,80.0,LOQ,2011,Pyrazophos,Pyrazophos,Pyrazophos,RF-0373-001-PPP,0.01,True
50,A5A85B6394B58A00F7E75DA76F35D8C9,CZ,CZ,P1020010A,A.01.001348,T134A,K018A,RF-0112-001-PPP,0.01,80.0,LOQ,2011,Cypermethrin (sum),Cypermethrin (sum),Cypermethrin (Cypermethrin including other mixtures of constituent isomers (sum of isomers)),RF-0112-001-PPP,0.05,True
51,A5A85B6394B58A00F7E75DA76F35D8C9,CZ,CZ,P1020010A,A.01.001348,T134A,K018A,RF-0236-004-PPP,0.001,80.0,LOQ,2011,Heptachlor (sum),Heptachlor,Heptachlor,RF-0236-004-PPP,0.004,True
52,A5A85B6394B58A00F7E75DA76F35D8C9,CZ,CZ,P1020010A,A.01.001348,T134A,K018A,RF-0290-001-PPP,0.02,80.0,LOQ,2011,Methidathion,Methidathion,Methidathion,RF-0290-001-PPP,0.02,True
53,9C546FD6EEF9033680D7D88C330AF075,CZ,CZ,P1020010A,A.01.001029,T134A,K018A,RF-0046-001-PPP,0.005,3.8,LOQ,2011,Bifenthrin (sum),Bifenthrin (sum),Bifenthrin (sum of isomers),RF-0046-001-PPP,0.2,True
54,9C546FD6EEF9033680D7D88C330AF075,CZ,CZ,P1020010A,A.01.001029,T134A,K018A,RF-0082-001-PPP,0.03,3.8,LOQ,2011,Chlorobenzilate,Chlorobenzilate,Chlorobenzilate,RF-0082-001-PPP,0.1,True
55,9C546FD6EEF9033680D7D88C330AF075,CZ,CZ,P1020010A,A.01.001029,T134A,K018A,RF-0087-001-PPP,0.002,3.8,LOQ,2011,Chlorpyrifos,Chlorpyrifos,Chlorpyrifos,RF-0087-001-PPP,0.01,True
56,9C546FD6EEF9033680D7D88C330AF075,CZ,CZ,P1020010A,A.01.001029,T134A,K018A,RF-0328-003-PPP,0.02,3.8,LOQ,2011,Parathion-methyl (sum),Parathion-methyl (sum),Parathion-methyl,RF-0328-003-PPP,0.01,True
57,7D4EA8B5FE17551064D6039EF0151826,CZ,CZ,P1020010A,A.01.000953,T134A,K018A,RF-0032-001-PPP,0.01,-1.0,LOQ,2011,Azinphos-ethyl,Azinphos-ethyl,Azinphos-ethyl,RF-0032-001-PPP,0.01,True
58,7D4EA8B5FE17551064D6039EF0151826,CZ,CZ,P1020010A,A.01.000953,T134A,K018A,RF-0263-001-PPP,0.001,-1.0,LOQ,2011,Lindane,Lindane,Lindane (Gamma-isomer of hexachlorocyclohexane (HCH)),RF-0263-001-PPP,0.01,True
59,7D4EA8B5FE17551064D6039EF0151826,CZ,CZ,P1020010A,A.01.000953,T134A,K018A,RF-0059-001-PPP,0.002,-1.0,LOQ,2011,Camphechlor (sum),Toxaphene,Camphechlor (Toxaphene),RF-0059-001-PPP,0.01,True
60,7D4EA8B5FE17551064D6039EF0151826,CZ,CZ,P1020010A,A.01.000953,T134A,K018A,RF-0432-001-PPP,0.01,-1.0,LOQ,2011,Triazophos,Triazophos,Triazophos,RF-0432-001-PPP,0.01,True
61,7D4EA8B5FE17551064D6039EF0151826,CZ,CZ,P1020010A,A.01.000953,T134A,K018A,RF-0119-001-PPP,0.001,-1.0,LOQ,2011,DDT (sum),DDT (sum),"DDT (sum of p,p'-DDT, o,p'-DDT, p-p'-DDE and p,p'-TDE (DDD) expressed as DDT)",RF-0119-001-PPP,0.04,True
62,66B8D2FAAFE5920952CB40EED71652F9,CZ,CZ,P1020010A,A.01.001040,T134A,K018A,RF-0385-001-PPP,0.01,1.51,LOQ,2011,Resmethrin (sum),Resmethrin (sum),Resmethrin (resmethrin including other mixtures of consituent isomers (sum of isomers)),RF-0385-001-PPP,0.02,True
63,66B8D2FAAFE5920952CB40EED71652F9,CZ,CZ,P1020010A,A.01.001040,T134A,K018A,RF-0351-001-PPP,0.02,1.51,LOQ,2011,Profenofos,Profenofos,Profenofos,RF-0351-001-PPP,0.01,True
64,66B8D2FAAFE5920952CB40EED71652F9,CZ,CZ,P1020010A,A.01.001040,T134A,K018A,RF-0088-001-PPP,0.004,1.51,LOQ,2011,Chlorpyrifos-methyl,Chlorpyrifos-methyl,Chlorpyrifos-methyl,RF-0088-001-PPP,0.01,True
65,66B8D2FAAFE5920952CB40EED71652F9,CZ,CZ,P1020010A,A.01.001040,T134A,K018A,RF-0690-002-PPP,0.005,1.51,LOQ,2011,Fenvalerate/Esfenvalerate (sum),Fenvalerate,Fenvalerate,RF-0690-002-PPP,0.04,True
66,66B8D2FAAFE5920952CB40EED71652F9,CZ,CZ,P1020010A,A.01.001040,T134A,K018A,RF-0120-001-PPP,0.007,1.51,LOQ,2011,Deltamethrin,Deltamethrin,Deltamethrin (cis-deltamethrin),RF-0120-001-PPP,0.05,True
67,66B8D2FAAFE5920952CB40EED71652F9,CZ,CZ,P1020010A,A.01.001040,T134A,K018A,RF-0383-002-PPP,0.01,1.51,LOQ,2011,Quintozene (sum),Quintozene,Quintozene,RF-0383-002-PPP,0.01,True
68,66B8D2FAAFE5920952CB40EED71652F9,CZ,CZ,P1020010A,A.01.001040,T134A,K018A,RF-0373-001-PPP,0.02,1.51,LOQ,2011,Pyrazophos,Pyrazophos,Pyrazophos,RF-0373-001-PPP,0.01,True
69,66B8D2FAAFE5920952CB40EED71652F9,CZ,CZ,P1020010A,A.01.001040,T134A,K018A,RF-0112-001-PPP,0.01,1.51,LOQ,2011,Cypermethrin (sum),Cypermethrin (sum),Cypermethrin (Cypermethrin including other mixtures of constituent isomers (sum of isomers)),RF-0112-001-PPP,0.05,True
70,66B8D2FAAFE5920952CB40EED71652F9,CZ,CZ,P1020010A,A.01.001040,T134A,K018A,RF-0236-004-PPP,0.001,1.51,LOQ,2011,Heptachlor (sum),Heptachlor,Heptachlor,RF-0236-004-PPP,0.004,True
71,66B8D2FAAFE5920952CB40EED71652F9,CZ,CZ,P1020010A,A.01.001040,T134A,K018A,RF-0290-001-PPP,0.02,1.51,LOQ,2011,Methidathion,Methidathion,Methidathion,RF-0290-001-PPP,0.02,True
72,DCC5A193E0243FC0FCF7D5AC453A56B1,CZ,CZ,P1020010A,A.01.000953,T134A,K018A,RF-0290-001-PPP,0.02,-1.0,LOQ,2011,Methidathion,Methidathion,Methidathion,RF-0290-001-PPP,0.02,True
73,DCC5A193E0243FC0FCF7D5AC453A56B1,CZ,CZ,P1020010A,A.01.000953,T134A,K018A,RF-0373-001-PPP,0.02,-1.0,LOQ,2011,Pyrazophos,Pyrazophos,Pyrazophos,RF-0373-001-PPP,0.01,True
74,DCC5A193E0243FC0FCF7D5AC453A56B1,CZ,CZ,P1020010A,A.01.000953,T134A,K018A,RF-0046-001-PPP,0.005,-1.0,LOQ,2011,Bifenthrin (sum),Bifenthrin (sum),Bifenthrin (sum of isomers),RF-0046-001-PPP,0.2,True
75,DCC5A193E0243FC0FCF7D5AC453A56B1,CZ,CZ,P1020010A,A.01.000953,T134A,K018A,RF-0236-004-PPP,0.001,-1.0,LOQ,2011,Heptachlor (sum),Heptachlor,Heptachlor,RF-0236-004-PPP,0.004,True
76,DCC5A193E0243FC0FCF7D5AC453A56B1,CZ,CZ,P1020010A,A.01.000953,T134A,K018A,RF-0087-001-PPP,0.002,-1.0,LOQ,2011,Chlorpyrifos,Chlorpyrifos,Chlorpyrifos,RF-0087-001-PPP,0.01,True
77,E7DA8F12518246A7D5E11AADCD7EFA3A,CZ,CZ,P1020010A,A.01.000953,T134A,K018A,RF-0351-001-PPP,0.02,-1.0,LOQ,2011,Profenofos,Profenofos,Profenofos,RF-0351-001-PPP,0.01,True
78,E7DA8F12518246A7D5E11AADCD7EFA3A,CZ,CZ,P1020010A,A.01.000953,T134A,K018A,RF-0156-001-PPP,0.0002,-1.0,LOQ,2011,Endrin (sum),Endrin,Endrin,RF-0156-001-PPP,0.0008,True
79,E7DA8F12518246A7D5E11AADCD7EFA3A,CZ,CZ,P1020010A,A.01.000953,T134A,K018A,RF-0690-002-PPP,0.005,-1.0,LOQ,2011,Fenvalerate/Esfenvalerate (sum),Fenvalerate,Fenvalerate,RF-0690-002-PPP,0.04,True
80,E7DA8F12518246A7D5E11AADCD7EFA3A,CZ,CZ,P1020010A,A.01.000953,T134A,K018A,RF-0385-001-PPP,0.01,-1.0,LOQ,2011,Resmethrin (sum),Resmethrin (sum),Resmethrin (resmethrin including other mixtures of consituent isomers (sum of isomers)),RF-0385-001-PPP,0.02,True
81,391042BF4AEFC3BB133E1B30F22A12E1,CZ,CZ,P1020010A,A.01.001348,T134A,K018A,RF-0406-001-PPP,0.03,82.0,LOQ,2011,Tecnazene,Tecnazene,Tecnazene,RF-0406-001-PPP,0.01,True
82,E7DA8F12518246A7D5E11AADCD7EFA3A,CZ,CZ,P1020010A,A.01.000953,T134A,K018A,RF-0088-001-PPP,0.004,-1.0,LOQ,2011,Chlorpyrifos-methyl,Chlorpyrifos-methyl,Chlorpyrifos-methyl,RF-0088-001-PPP,0.01,True
83,391042BF4AEFC3BB133E1B30F22A12E1,CZ,CZ,P1020010A,A.01.001348,T134A,K018A,RF-0011-001-PPP,0.005,82.0,LOQ,2011,Abamectin (sum),Abamectin (sum),"Abamectin (sum of Avermectin B1a, Avermectin B1b and delta-8,9 isomer of Avermectin B1a)",RF-0011-001-PPP,0.01,True
84,391042BF4AEFC3BB133E1B30F22A12E1,CZ,CZ,P1020010A,A.01.001348,T134A,K018A,RF-0238-001-PPP,0.002,82.0,LOQ,2011,HCH-alpha,HCH-alpha,"Hexachlorocyclohexane (HCH), alpha-isomer",RF-0238-001-PPP,0.01,True
85,391042BF4AEFC3BB133E1B30F22A12E1,CZ,CZ,P1020010A,A.01.001348,T134A,K018A,RF-0075-002-PPP,0.001,82.0,LOQ,2011,Chlordane (sum),Chlordane,Chlordane,RF-0075-002-PPP,0.002,True
86,391042BF4AEFC3BB133E1B30F22A12E1,CZ,CZ,P1020010A,A.01.001348,T134A,K018A,RF-0155-001-PPP,0.001,82.0,LOQ,2011,Endosulfan (sum),Endosulfan (sum),Endosulfan (sum of alpha- and beta-isomers and endosulfan-sulphate expresses as endosulfan),RF-0155-001-PPP,0.05,True
87,391042BF4AEFC3BB133E1B30F22A12E1,CZ,CZ,P1020010A,A.01.001348,T134A,K018A,RF-0187-006-PPP,0.01,82.0,LOQ,2011,Fenthion (sum),Fenthion,Fenthion,RF-0187-006-PPP,0.01,True
88,391042BF4AEFC3BB133E1B30F22A12E1,CZ,CZ,P1020010A,A.01.001348,T134A,K018A,RF-0108-003-PPP,0.005,82.0,LOQ,2011,Cyfluthrin (sum),Cyfluthrin,Cyfluthrin,RF-0108-003-PPP,0.02,True
89,391042BF4AEFC3BB133E1B30F22A12E1,CZ,CZ,P1020010A,A.01.001348,T134A,K018A,RF-0239-002-PPP,0.002,82.0,LOQ,2011,HCH-beta,HCH-beta,"Hexachlorocyclohexane (HCH), beta-isomer",RF-0239-002-PPP,0.01,True
90,391042BF4AEFC3BB133E1B30F22A12E1,CZ,CZ,P1020010A,A.01.001348,T134A,K018A,RF-0237-001-PPP,0.011,82.0,VAL,2011,Hexachlorobenzene,Hexachlorobenzene,Hexachlorobenzene,RF-0237-001-PPP,0.005,True
91,3EB99079B6725C1000987DF2738E6309,CZ,CZ,P1020010A,A.01.001348,T134A,K018A,RF-0327-001-PPP,0.02,82.0,LOQ,2011,Parathion,Parathion,Parathion,RF-0327-001-PPP,0.05,True
92,A5A85B6394B58A00F7E75DA76F35D8C9,CZ,CZ,P1020010A,A.01.001348,T134A,K018A,RF-0046-001-PPP,0.005,80.0,LOQ,2011,Bifenthrin (sum),Bifenthrin (sum),Bifenthrin (sum of isomers),RF-0046-001-PPP,0.2,True
93,A5A85B6394B58A00F7E75DA76F35D8C9,CZ,CZ,P1020010A,A.01.001348,T134A,K018A,RF-0082-001-PPP,0.03,80.0,LOQ,2011,Chlorobenzilate,Chlorobenzilate,Chlorobenzilate,RF-0082-001-PPP,0.1,True
94,A5A85B6394B58A00F7E75DA76F35D8C9,CZ,CZ,P1020010A,A.01.001348,T134A,K018A,RF-0087-001-PPP,0.002,80.0,LOQ,2011,Chlorpyrifos,Chlorpyrifos,Chlorpyrifos,RF-0087-001-PPP,0.01,True
95,A5A85B6394B58A00F7E75DA76F35D8C9,CZ,CZ,P1020010A,A.01.001348,T134A,K018A,RF-0327-001-PPP,0.02,80.0,LOQ,2011,Parathion,Parathion,Parathion,RF-0327-001-PPP,0.05,True
96,A5A85B6394B58A00F7E75DA76F35D8C9,CZ,CZ,P1020010A,A.01.001348,T134A,K018A,RF-0328-003-PPP,0.02,80.0,LOQ,2011,Parathion-methyl (sum),Parathion-methyl (sum),Parathion-methyl,RF-0328-003-PPP,0.01,True
97,D08E911491CC32D0C46A8DEF280D1E41,CZ,CZ,P1020010A,A.01.001030,T134A,K018A,RF-0059-001-PPP,0.002,2.7,LOQ,2011,Camphechlor (sum),Toxaphene,Camphechlor (Toxaphene),RF-0059-001-PPP,0.01,True
98,D08E911491CC32D0C46A8DEF280D1E41,CZ,CZ,P1020010A,A.01.001030,T134A,K018A,RF-0032-001-PPP,0.01,2.7,LOQ,2011,Azinphos-ethyl,Azinphos-ethyl,Azinphos-ethyl,RF-0032-001-PPP,0.01,True
99,D08E911491CC32D0C46A8DEF280D1E41,CZ,CZ,P1020010A,A.01.001030,T134A,K018A,RF-0119-001-PPP,0.019,2.7,VAL,2011,DDT (sum),DDT (sum),"DDT (sum of p,p'-DDT, o,p'-DDT, p-p'-DDE and p,p'-TDE (DDD) expressed as DDT)",RF-0119-001-PPP,0.04,True
100,D08E911491CC32D0C46A8DEF280D1E41,CZ,CZ,P1020010A,A.01.001030,T134A,K018A,RF-0263-001-PPP,0.001,2.7,LOQ,2011,Lindane,Lindane,Lindane (Gamma-isomer of hexachlorocyclohexane (HCH)),RF-0263-001-PPP,0.01,True
101,D08E911491CC32D0C46A8DEF280D1E41,CZ,CZ,P1020010A,A.01.001030,T134A,K018A,RF-0406-001-PPP,0.03,2.7,LOQ,2011,Tecnazene,Tecnazene,Tecnazene,RF-0406-001-PPP,0.01,True
102,D08E911491CC32D0C46A8DEF280D1E41,CZ,CZ,P1020010A,A.01.001030,T134A,K018A,RF-0432-001-PPP,0.01,2.7,LOQ,2011,Triazophos,Triazophos,Triazophos,RF-0432-001-PPP,0.01,True
103,7D4EA8B5FE17551064D6039EF0151826,CZ,CZ,P1020010A,A.01.000953,T134A,K018A,RF-0406-001-PPP,0.03,-1.0,LOQ,2011,Tecnazene,Tecnazene,Tecnazene,RF-0406-001-PPP,0.01,True
104,D08E911491CC32D0C46A8DEF280D1E41,CZ,CZ,P1020010A,A.01.001030,T134A,K018A,RF-0238-001-PPP,0.002,2.7,LOQ,2011,HCH-alpha,HCH-alpha,"Hexachlorocyclohexane (HCH), alpha-isomer",RF-0238-001-PPP,0.01,True
105,7D4EA8B5FE17551064D6039EF0151826,CZ,CZ,P1020010A,A.01.000953,T134A,K018A,RF-0011-001-PPP,0.005,-1.0,LOQ,2011,Abamectin (sum),Abamectin (sum),"Abamectin (sum of Avermectin B1a, Avermectin B1b and delta-8,9 isomer of Avermectin B1a)",RF-0011-001-PPP,0.01,True
106,7D4EA8B5FE17551064D6039EF0151826,CZ,CZ,P1020010A,A.01.000953,T134A,K018A,RF-0238-001-PPP,0.001,-1.0,LOQ,2011,HCH-alpha,HCH-alpha,"Hexachlorocyclohexane (HCH), alpha-isomer",RF-0238-001-PPP,0.01,True
107,7D4EA8B5FE17551064D6039EF0151826,CZ,CZ,P1020010A,A.01.000953,T134A,K018A,RF-0075-002-PPP,0.001,-1.0,LOQ,2011,Chlordane (sum),Chlordane,Chlordane,RF-0075-002-PPP,0.002,True
108,7D4EA8B5FE17551064D6039EF0151826,CZ,CZ,P1020010A,A.01.000953,T134A,K018A,RF-0155-001-PPP,0.001,-1.0,LOQ,2011,Endosulfan (sum),Endosulfan (sum),Endosulfan (sum of alpha- and beta-isomers and endosulfan-sulphate expresses as endosulfan),RF-0155-001-PPP,0.05,True
109,7D4EA8B5FE17551064D6039EF0151826,CZ,CZ,P1020010A,A.01.000953,T134A,K018A,RF-0187-006-PPP,0.01,-1.0,LOQ,2011,Fenthion (sum),Fenthion,Fenthion,RF-0187-006-PPP,0.01,True
110,7D4EA8B5FE17551064D6039EF0151826,CZ,CZ,P1020010A,A.01.000953,T134A,K018A,RF-0108-003-PPP,0.005,-1.0,LOQ,2011,Cyfluthrin (sum),Cyfluthrin,Cyfluthrin,RF-0108-003-PPP,0.02,True
111,7D4EA8B5FE17551064D6039EF0151826,CZ,CZ,P1020010A,A.01.000953,T134A,K018A,RF-0239-002-PPP,0.001,-1.0,LOQ,2011,HCH-beta,HCH-beta,"Hexachlorocyclohexane (HCH), beta-isomer",RF-0239-002-PPP,0.01,True
112,7D4EA8B5FE17551064D6039EF0151826,CZ,CZ,P1020010A,A.01.000953,T134A,K018A,RF-0237-001-PPP,0.001,-1.0,LOQ,2011,Hexachlorobenzene,Hexachlorobenzene,Hexachlorobenzene,RF-0237-001-PPP,0.005,True
113,7D4EA8B5FE17551064D6039EF0151826,CZ,CZ,P1020010A,A.01.000953,T134A,K018A,RF-0021-003-PPP,0.001,-1.0,LOQ,2011,Dieldrin (sum),Dieldrin (sum),Dieldrin,RF-0021-003-PPP,0.006,True
114,7D4EA8B5FE17551064D6039EF0151826,CZ,CZ,P1020010A,A.01.000953,T134A,K018A,RF-0842-001-PPP,0.01,-1.0,LOQ,2011,Permethrin (sum),Permethrin (sum),Permethrin (sum of isomers),RF-0842-001-PPP,0.0,True
115,C260107091A7F225E48DBAA2747F0120,CZ,CZ,P1020010A,A.01.001348,T134A,K018A,RF-0108-003-PPP,0.005,82.0,LOQ,2011,Cyfluthrin (sum),Cyfluthrin,Cyfluthrin,RF-0108-003-PPP,0.02,True
116,C260107091A7F225E48DBAA2747F0120,CZ,CZ,P1020010A,A.01.001348,T134A,K018A,RF-0075-002-PPP,0.001,82.0,LOQ,2011,Chlordane (sum),Chlordane,Chlordane,RF-0075-002-PPP,0.002,True
117,DCC5A193E0243FC0FCF7D5AC453A56B1,CZ,CZ,P1020010A,A.01.000953,T134A,K018A,RF-0082-001-PPP,0.03,-1.0,LOQ,2011,Chlorobenzilate,Chlorobenzilate,Chlorobenzilate,RF-0082-001-PPP,0.1,True
118,C260107091A7F225E48DBAA2747F0120,CZ,CZ,P1020010A,A.01.001348,T134A,K018A,RF-0187-006-PPP,0.01,82.0,LOQ,2011,Fenthion (sum),Fenthion,Fenthion,RF-0187-006-PPP,0.01,True
119,DCC5A193E0243FC0FCF7D5AC453A56B1,CZ,CZ,P1020010A,A.01.000953,T134A,K018A,RF-0327-001-PPP,0.02,-1.0,LOQ,2011,Parathion,Parathion,Parathion,RF-0327-001-PPP,0.05,True
120,DCC5A193E0243FC0FCF7D5AC453A56B1,CZ,CZ,P1020010A,A.01.000953,T134A,K018A,RF-0328-003-PPP,0.02,-1.0,LOQ,2011,Parathion-methyl (sum),Parathion-methyl (sum),Parathion-methyl,RF-0328-003-PPP,0.01,True
121,66B8D2FAAFE5920952CB40EED71652F9,CZ,CZ,P1020010A,A.01.001040,T134A,K018A,RF-0046-001-PPP,0.005,1.51,LOQ,2011,Bifenthrin (sum),Bifenthrin (sum),Bifenthrin (sum of isomers),RF-0046-001-PPP,0.2,True
122,66B8D2FAAFE5920952CB40EED71652F9,CZ,CZ,P1020010A,A.01.001040,T134A,K018A,RF-0082-001-PPP,0.03,1.51,LOQ,2011,Chlorobenzilate,Chlorobenzilate,Chlorobenzilate,RF-0082-001-PPP,0.1,True
123,66B8D2FAAFE5920952CB40EED71652F9,CZ,CZ,P1020010A,A.01.001040,T134A,K018A,RF-0087-001-PPP,0.002,1.51,LOQ,2011,Chlorpyrifos,Chlorpyrifos,Chlorpyrifos,RF-0087-001-PPP,0.01,True
124,66B8D2FAAFE5920952CB40EED71652F9,CZ,CZ,P1020010A,A.01.001040,T134A,K018A,RF-0327-001-PPP,0.02,1.51,LOQ,2011,Parathion,Parathion,Parathion,RF-0327-001-PPP,0.05,True
125,66B8D2FAAFE5920952CB40EED71652F9,CZ,CZ,P1020010A,A.01.001040,T134A,K018A,RF-0328-003-PPP,0.02,1.51,LOQ,2011,Parathion-methyl (sum),Parathion-methyl (sum),Parathion-methyl,RF-0328-003-PPP,0.01,True
126,E7DA8F12518246A7D5E11AADCD7EFA3A,CZ,CZ,P1020010A,A.01.000953,T134A,K018A,RF-0120-001-PPP,0.005,-1.0,LOQ,2011,Deltamethrin,Deltamethrin,Deltamethrin (cis-deltamethrin),RF-0120-001-PPP,0.05,True
127,E7DA8F12518246A7D5E11AADCD7EFA3A,CZ,CZ,P1020010A,A.01.000953,T134A,K018A,RF-0383-002-PPP,0.01,-1.0,LOQ,2011,Quintozene (sum),Quintozene,Quintozene,RF-0383-002-PPP,0.01,True
128,E7DA8F12518246A7D5E11AADCD7EFA3A,CZ,CZ,P1020010A,A.01.000953,T134A,K018A,RF-0373-001-PPP,0.02,-1.0,LOQ,2011,Pyrazophos,Pyrazophos,Pyrazophos,RF-0373-001-PPP,0.01,True
129,E7DA8F12518246A7D5E11AADCD7EFA3A,CZ,CZ,P1020010A,A.01.000953,T134A,K018A,RF-0112-001-PPP,0.005,-1.0,LOQ,2011,Cypermethrin (sum),Cypermethrin (sum),Cypermethrin (Cypermethrin including other mixtures of constituent isomers (sum of isomers)),RF-0112-001-PPP,0.05,True
130,E7DA8F12518246A7D5E11AADCD7EFA3A,CZ,CZ,P1020010A,A.01.000953,T134A,K018A,RF-0290-001-PPP,0.02,-1.0,LOQ,2011,Methidathion,Methidathion,Methidathion,RF-0290-001-PPP,0.02,True
131,7251367C0D3A0FFF7CE9A1E3FE9C56E3,CZ,CZ,P1020010A,A.01.001053,T134A,K018A,RF-0059-001-PPP,0.002,27.81,LOQ,2011,Camphechlor (sum),Toxaphene,Camphechlor (Toxaphene),RF-0059-001-PPP,0.01,True
132,7251367C0D3A0FFF7CE9A1E3FE9C56E3,CZ,CZ,P1020010A,A.01.001053,T134A,K018A,RF-0032-001-PPP,0.01,27.81,LOQ,2011,Azinphos-ethyl,Azinphos-ethyl,Azinphos-ethyl,RF-0032-001-PPP,0.01,True
133,7251367C0D3A0FFF7CE9A1E3FE9C56E3,CZ,CZ,P1020010A,A.01.001053,T134A,K018A,RF-0119-001-PPP,0.017,27.81,VAL,2011,DDT (sum),DDT (sum),"DDT (sum of p,p'-DDT, o,p'-DDT, p-p'-DDE and p,p'-TDE (DDD) expressed as DDT)",RF-0119-001-PPP,0.04,True
134,7251367C0D3A0FFF7CE9A1E3FE9C56E3,CZ,CZ,P1020010A,A.01.001053,T134A,K018A,RF-0263-001-PPP,0.001,27.81,LOQ,2011,Lindane,Lindane,Lindane (Gamma-isomer of hexachlorocyclohexane (HCH)),RF-0263-001-PPP,0.01,True
135,7251367C0D3A0FFF7CE9A1E3FE9C56E3,CZ,CZ,P1020010A,A.01.001053,T134A,K018A,RF-0406-001-PPP,0.03,27.81,LOQ,2011,Tecnazene,Tecnazene,Tecnazene,RF-0406-001-PPP,0.01,True
136,7251367C0D3A0FFF7CE9A1E3FE9C56E3,CZ,CZ,P1020010A,A.01.001053,T134A,K018A,RF-0432-001-PPP,0.01,27.81,LOQ,2011,Triazophos,Triazophos,Triazophos,RF-0432-001-PPP,0.01,True
137,7251367C0D3A0FFF7CE9A1E3FE9C56E3,CZ,CZ,P1020010A,A.01.001053,T134A,K018A,RF-0011-001-PPP,0.005,27.81,LOQ,2011,Abamectin (sum),Abamectin (sum),"Abamectin (sum of Avermectin B1a, Avermectin B1b and delta-8,9 isomer of Avermectin B1a)",RF-0011-001-PPP,0.01,True
138,7251367C0D3A0FFF7CE9A1E3FE9C56E3,CZ,CZ,P1020010A,A.01.001053,T134A,K018A,RF-0238-001-PPP,0.002,27.81,LOQ,2011,HCH-alpha,HCH-alpha,"Hexachlorocyclohexane (HCH), alpha-isomer",RF-0238-001-PPP,0.01,True
139,D08E911491CC32D0C46A8DEF280D1E41,CZ,CZ,P1020010A,A.01.001030,T134A,K018A,RF-0155-001-PPP,0.001,2.7,LOQ,2011,Endosulfan (sum),Endosulfan (sum),Endosulfan (sum of alpha- and beta-isomers and endosulfan-sulphate expresses as endosulfan),RF-0155-001-PPP,0.05,True
140,D08E911491CC32D0C46A8DEF280D1E41,CZ,CZ,P1020010A,A.01.001030,T134A,K018A,RF-0011-001-PPP,0.005,2.7,LOQ,2011,Abamectin (sum),Abamectin (sum),"Abamectin (sum of Avermectin B1a, Avermectin B1b and delta-8,9 isomer of Avermectin B1a)",RF-0011-001-PPP,0.01,True
141,D08E911491CC32D0C46A8DEF280D1E41,CZ,CZ,P1020010A,A.01.001030,T134A,K018A,RF-0108-003-PPP,0.005,2.7,LOQ,2011,Cyfluthrin (sum),Cyfluthrin,Cyfluthrin,RF-0108-003-PPP,0.02,True
142,D08E911491CC32D0C46A8DEF280D1E41,CZ,CZ,P1020010A,A.01.001030,T134A,K018A,RF-0075-002-PPP,0.001,2.7,LOQ,2011,Chlordane (sum),Chlordane,Chlordane,RF-0075-002-PPP,0.002,True
143,D08E911491CC32D0C46A8DEF280D1E41,CZ,CZ,P1020010A,A.01.001030,T134A,K018A,RF-0237-001-PPP,0.015,2.7,VAL,2011,Hexachlorobenzene,Hexachlorobenzene,Hexachlorobenzene,RF-0237-001-PPP,0.005,True
144,D08E911491CC32D0C46A8DEF280D1E41,CZ,CZ,P1020010A,A.01.001030,T134A,K018A,RF-0187-006-PPP,0.01,2.7,LOQ,2011,Fenthion (sum),Fenthion,Fenthion,RF-0187-006-PPP,0.01,True
145,D08E911491CC32D0C46A8DEF280D1E41,CZ,CZ,P1020010A,A.01.001030,T134A,K018A,RF-0842-001-PPP,0.01,2.7,LOQ,2011,Permethrin (sum),Permethrin (sum),Permethrin (sum of isomers),RF-0842-001-PPP,0.0,True
146,D08E911491CC32D0C46A8DEF280D1E41,CZ,CZ,P1020010A,A.01.001030,T134A,K018A,RF-0239-002-PPP,0.002,2.7,LOQ,2011,HCH-beta,HCH-beta,"Hexachlorocyclohexane (HCH), beta-isomer",RF-0239-002-PPP,0.01,True
147,D08E911491CC32D0C46A8DEF280D1E41,CZ,CZ,P1020010A,A.01.001030,T134A,K018A,RF-0348-001-PPP,0.003,2.7,LOQ,2011,Pirimiphos-methyl (sum),Pirimiphos-methyl,Pirimiphos-methyl,RF-0348-001-PPP,0.01,True
148,D08E911491CC32D0C46A8DEF280D1E41,CZ,CZ,P1020010A,A.01.001030,T134A,K018A,RF-0021-003-PPP,0.001,2.7,LOQ,2011,Dieldrin (sum),Dieldrin (sum),Dieldrin,RF-0021-003-PPP,0.006,True
149,D08E911491CC32D0C46A8DEF280D1E41,CZ,CZ,P1020010A,A.01.001030,T134A,K018A,RF-0123-001-PPP,0.003,2.7,LOQ,2011,Diazinon,Diazinon,Diazinon,RF-0123-001-PPP,0.02,True
150,D08E911491CC32D0C46A8DEF280D1E41,CZ,CZ,P1020010A,A.01.001030,T134A,K018A,RF-0295-001-PPP,0.01,2.7,LOQ,2011,Methoxychlor,Methoxychlor,Methoxychlor,RF-0295-001-PPP,0.01,True
151,D08E911491CC32D0C46A8DEF280D1E41,CZ,CZ,P1020010A,A.01.001030,T134A,K018A,RF-0351-001-PPP,0.02,2.7,LOQ,2011,Profenofos,Profenofos,Profenofos,RF-0351-001-PPP,0.01,True
152,D08E911491CC32D0C46A8DEF280D1E41,CZ,CZ,P1020010A,A.01.001030,T134A,K018A,RF-0156-001-PPP,0.001,2.7,LOQ,2011,Endrin (sum),Endrin,Endrin,RF-0156-001-PPP,0.0008,True
153,C260107091A7F225E48DBAA2747F0120,CZ,CZ,P1020010A,A.01.001348,T134A,K018A,RF-0239-002-PPP,0.002,82.0,LOQ,2011,HCH-beta,HCH-beta,"Hexachlorocyclohexane (HCH), beta-isomer",RF-0239-002-PPP,0.01,True
154,C260107091A7F225E48DBAA2747F0120,CZ,CZ,P1020010A,A.01.001348,T134A,K018A,RF-0237-001-PPP,0.01,82.0,VAL,2011,Hexachlorobenzene,Hexachlorobenzene,Hexachlorobenzene,RF-0237-001-PPP,0.005,True
155,C260107091A7F225E48DBAA2747F0120,CZ,CZ,P1020010A,A.01.001348,T134A,K018A,RF-0021-003-PPP,0.001,82.0,LOQ,2011,Dieldrin (sum),Dieldrin (sum),Dieldrin,RF-0021-003-PPP,0.006,True
156,C260107091A7F225E48DBAA2747F0120,CZ,CZ,P1020010A,A.01.001348,T134A,K018A,RF-0842-001-PPP,0.01,82.0,LOQ,2011,Permethrin (sum),Permethrin (sum),Permethrin (sum of isomers),RF-0842-001-PPP,0.0,True
157,C260107091A7F225E48DBAA2747F0120,CZ,CZ,P1020010A,A.01.001348,T134A,K018A,RF-0295-001-PPP,0.01,82.0,LOQ,2011,Methoxychlor,Methoxychlor,Methoxychlor,RF-0295-001-PPP,0.01,True
158,C260107091A7F225E48DBAA2747F0120,CZ,CZ,P1020010A,A.01.001348,T134A,K018A,RF-0348-001-PPP,0.003,82.0,LOQ,2011,Pirimiphos-methyl (sum),Pirimiphos-methyl,Pirimiphos-methyl,RF-0348-001-PPP,0.01,True
159,9C546FD6EEF9033680D7D88C330AF075,CZ,CZ,P1020010A,A.01.001029,T134A,K018A,RF-0327-001-PPP,0.02,3.8,LOQ,2011,Parathion,Parathion,Parathion,RF-0327-001-PPP,0.05,True
160,E9EDB81EBB05E5E9A05B9124EDD3A3DB,CZ,CZ,P1020010A,A.01.000953,T134A,K018A,RF-0075-002-PPP,0.001,-1.0,LOQ,2011,Chlordane (sum),Chlordane,Chlordane,RF-0075-002-PPP,0.002,True
161,E9EDB81EBB05E5E9A05B9124EDD3A3DB,CZ,CZ,P1020010A,A.01.000953,T134A,K018A,RF-0187-006-PPP,0.01,-1.0,LOQ,2011,Fenthion (sum),Fenthion,Fenthion,RF-0187-006-PPP,0.01,True
162,E9EDB81EBB05E5E9A05B9124EDD3A3DB,CZ,CZ,P1020010A,A.01.000953,T134A,K018A,RF-0108-003-PPP,0.005,-1.0,LOQ,2011,Cyfluthrin (sum),Cyfluthrin,Cyfluthrin,RF-0108-003-PPP,0.02,True
163,E9EDB81EBB05E5E9A05B9124EDD3A3DB,CZ,CZ,P1020010A,A.01.000953,T134A,K018A,RF-0239-002-PPP,0.001,-1.0,LOQ,2011,HCH-beta,HCH-beta,"Hexachlorocyclohexane (HCH), beta-isomer",RF-0239-002-PPP,0.01,True
164,E9EDB81EBB05E5E9A05B9124EDD3A3DB,CZ,CZ,P1020010A,A.01.000953,T134A,K018A,RF-0237-001-PPP,0.001,-1.0,LOQ,2011,Hexachlorobenzene,Hexachlorobenzene,Hexachlorobenzene,RF-0237-001-PPP,0.005,True
165,E9EDB81EBB05E5E9A05B9124EDD3A3DB,CZ,CZ,P1020010A,A.01.000953,T134A,K018A,RF-0021-003-PPP,0.001,-1.0,LOQ,2011,Dieldrin (sum),Dieldrin (sum),Dieldrin,RF-0021-003-PPP,0.006,True
166,E9EDB81EBB05E5E9A05B9124EDD3A3DB,CZ,CZ,P1020010A,A.01.000953,T134A,K018A,RF-0842-001-PPP,0.01,-1.0,LOQ,2011,Permethrin (sum),Permethrin (sum),Permethrin (sum of isomers),RF-0842-001-PPP,0.0,True
167,E9EDB81EBB05E5E9A05B9124EDD3A3DB,CZ,CZ,P1020010A,A.01.000953,T134A,K018A,RF-0295-001-PPP,0.01,-1.0,LOQ,2011,Methoxychlor,Methoxychlor,Methoxychlor,RF-0295-001-PPP,0.01,True
168,E9EDB81EBB05E5E9A05B9124EDD3A3DB,CZ,CZ,P1020010A,A.01.000953,T134A,K018A,RF-0348-001-PPP,0.003,-1.0,LOQ,2011,Pirimiphos-methyl (sum),Pirimiphos-methyl,Pirimiphos-methyl,RF-0348-001-PPP,0.01,True
169,E9EDB81EBB05E5E9A05B9124EDD3A3DB,CZ,CZ,P1020010A,A.01.000953,T134A,K018A,RF-0156-001-PPP,0.0002,-1.0,LOQ,2011,Endrin (sum),Endrin,Endrin,RF-0156-001-PPP,0.0008,True
170,E9EDB81EBB05E5E9A05B9124EDD3A3DB,CZ,CZ,P1020010A,A.01.000953,T134A,K018A,RF-0123-001-PPP,0.003,-1.0,LOQ,2011,Diazinon,Diazinon,Diazinon,RF-0123-001-PPP,0.02,True
171,E9EDB81EBB05E5E9A05B9124EDD3A3DB,CZ,CZ,P1020010A,A.01.000953,T134A,K018A,RF-0385-001-PPP,0.01,-1.0,LOQ,2011,Resmethrin (sum),Resmethrin (sum),Resmethrin (resmethrin including other mixtures of consituent isomers (sum of isomers)),RF-0385-001-PPP,0.02,True
172,E9EDB81EBB05E5E9A05B9124EDD3A3DB,CZ,CZ,P1020010A,A.01.000953,T134A,K018A,RF-0351-001-PPP,0.02,-1.0,LOQ,2011,Profenofos,Profenofos,Profenofos,RF-0351-001-PPP,0.01,True
173,E7DA8F12518246A7D5E11AADCD7EFA3A,CZ,CZ,P1020010A,A.01.000953,T134A,K018A,RF-0236-004-PPP,0.001,-1.0,LOQ,2011,Heptachlor (sum),Heptachlor,Heptachlor,RF-0236-004-PPP,0.004,True
174,E7DA8F12518246A7D5E11AADCD7EFA3A,CZ,CZ,P1020010A,A.01.000953,T134A,K018A,RF-0087-001-PPP,0.002,-1.0,LOQ,2011,Chlorpyrifos,Chlorpyrifos,Chlorpyrifos,RF-0087-001-PPP,0.01,True
175,E7DA8F12518246A7D5E11AADCD7EFA3A,CZ,CZ,P1020010A,A.01.000953,T134A,K018A,RF-0046-001-PPP,0.005,-1.0,LOQ,2011,Bifenthrin (sum),Bifenthrin (sum),Bifenthrin (sum of isomers),RF-0046-001-PPP,0.2,True
176,E7DA8F12518246A7D5E11AADCD7EFA3A,CZ,CZ,P1020010A,A.01.000953,T134A,K018A,RF-0328-003-PPP,0.02,-1.0,LOQ,2011,Parathion-methyl (sum),Parathion-methyl (sum),Parathion-methyl,RF-0328-003-PPP,0.01,True
177,E7DA8F12518246A7D5E11AADCD7EFA3A,CZ,CZ,P1020010A,A.01.000953,T134A,K018A,RF-0082-001-PPP,0.03,-1.0,LOQ,2011,Chlorobenzilate,Chlorobenzilate,Chlorobenzilate,RF-0082-001-PPP,0.1,True
178,391042BF4AEFC3BB133E1B30F22A12E1,CZ,CZ,P1020010A,A.01.001348,T134A,K018A,RF-0021-003-PPP,0.001,82.0,LOQ,2011,Dieldrin (sum),Dieldrin (sum),Dieldrin,RF-0021-003-PPP,0.006,True
179,391042BF4AEFC3BB133E1B30F22A12E1,CZ,CZ,P1020010A,A.01.001348,T134A,K018A,RF-0842-001-PPP,0.01,82.0,LOQ,2011,Permethrin (sum),Permethrin (sum),Permethrin (sum of isomers),RF-0842-001-PPP,0.0,True
180,391042BF4AEFC3BB133E1B30F22A12E1,CZ,CZ,P1020010A,A.01.001348,T134A,K018A,RF-0295-001-PPP,0.01,82.0,LOQ,2011,Methoxychlor,Methoxychlor,Methoxychlor,RF-0295-001-PPP,0.01,True
181,391042BF4AEFC3BB133E1B30F22A12E1,CZ,CZ,P1020010A,A.01.001348,T134A,K018A,RF-0348-001-PPP,0.003,82.0,LOQ,2011,Pirimiphos-methyl (sum),Pirimiphos-methyl,Pirimiphos-methyl,RF-0348-001-PPP,0.01,True
182,391042BF4AEFC3BB133E1B30F22A12E1,CZ,CZ,P1020010A,A.01.001348,T134A,K018A,RF-0156-001-PPP,0.001,82.0,LOQ,2011,Endrin (sum),Endrin,Endrin,RF-0156-001-PPP,0.0008,True
183,391042BF4AEFC3BB133E1B30F22A12E1,CZ,CZ,P1020010A,A.01.001348,T134A,K018A,RF-0123-001-PPP,0.003,82.0,LOQ,2011,Diazinon,Diazinon,Diazinon,RF-0123-001-PPP,0.02,True
184,391042BF4AEFC3BB133E1B30F22A12E1,CZ,CZ,P1020010A,A.01.001348,T134A,K018A,RF-0385-001-PPP,0.01,82.0,LOQ,2011,Resmethrin (sum),Resmethrin (sum),Resmethrin (resmethrin including other mixtures of consituent isomers (sum of isomers)),RF-0385-001-PPP,0.02,True
185,391042BF4AEFC3BB133E1B30F22A12E1,CZ,CZ,P1020010A,A.01.001348,T134A,K018A,RF-0351-001-PPP,0.02,82.0,LOQ,2011,Profenofos,Profenofos,Profenofos,RF-0351-001-PPP,0.01,True
186,391042BF4AEFC3BB133E1B30F22A12E1,CZ,CZ,P1020010A,A.01.001348,T134A,K018A,RF-0690-002-PPP,0.005,82.0,LOQ,2011,Fenvalerate/Esfenvalerate (sum),Fenvalerate,Fenvalerate,RF-0690-002-PPP,0.04,True
187,7251367C0D3A0FFF7CE9A1E3FE9C56E3,CZ,CZ,P1020010A,A.01.001053,T134A,K018A,RF-0075-002-PPP,0.001,27.81,LOQ,2011,Chlordane (sum),Chlordane,Chlordane,RF-0075-002-PPP,0.002,True
188,7251367C0D3A0FFF7CE9A1E3FE9C56E3,CZ,CZ,P1020010A,A.01.001053,T134A,K018A,RF-0155-001-PPP,0.001,27.81,LOQ,2011,Endosulfan (sum),Endosulfan (sum),Endosulfan (sum of alpha- and beta-isomers and endosulfan-sulphate expresses as endosulfan),RF-0155-001-PPP,0.05,True
189,7251367C0D3A0FFF7CE9A1E3FE9C56E3,CZ,CZ,P1020010A,A.01.001053,T134A,K018A,RF-0187-006-PPP,0.01,27.81,LOQ,2011,Fenthion (sum),Fenthion,Fenthion,RF-0187-006-PPP,0.01,True
190,7251367C0D3A0FFF7CE9A1E3FE9C56E3,CZ,CZ,P1020010A,A.01.001053,T134A,K018A,RF-0108-003-PPP,0.005,27.81,LOQ,2011,Cyfluthrin (sum),Cyfluthrin,Cyfluthrin,RF-0108-003-PPP,0.02,True
191,7251367C0D3A0FFF7CE9A1E3FE9C56E3,CZ,CZ,P1020010A,A.01.001053,T134A,K018A,RF-0239-002-PPP,0.002,27.81,LOQ,2011,HCH-beta,HCH-beta,"Hexachlorocyclohexane (HCH), beta-isomer",RF-0239-002-PPP,0.01,True
192,7251367C0D3A0FFF7CE9A1E3FE9C56E3,CZ,CZ,P1020010A,A.01.001053,T134A,K018A,RF-0237-001-PPP,0.011,27.81,VAL,2011,Hexachlorobenzene,Hexachlorobenzene,Hexachlorobenzene,RF-0237-001-PPP,0.005,True
193,7251367C0D3A0FFF7CE9A1E3FE9C56E3,CZ,CZ,P1020010A,A.01.001053,T134A,K018A,RF-0021-003-PPP,0.001,27.81,LOQ,2011,Dieldrin (sum),Dieldrin (sum),Dieldrin,RF-0021-003-PPP,0.006,True
194,7251367C0D3A0FFF7CE9A1E3FE9C56E3,CZ,CZ,P1020010A,A.01.001053,T134A,K018A,RF-0842-001-PPP,0.01,27.81,LOQ,2011,Permethrin (sum),Permethrin (sum),Permethrin (sum of isomers),RF-0842-001-PPP,0.0,True
195,7251367C0D3A0FFF7CE9A1E3FE9C56E3,CZ,CZ,P1020010A,A.01.001053,T134A,K018A,RF-0295-001-PPP,0.01,27.81,LOQ,2011,Methoxychlor,Methoxychlor,Methoxychlor,RF-0295-001-PPP,0.01,True
196,7251367C0D3A0FFF7CE9A1E3FE9C56E3,CZ,CZ,P1020010A,A.01.001053,T134A,K018A,RF-0348-001-PPP,0.003,27.81,LOQ,2011,Pirimiphos-methyl (sum),Pirimiphos-methyl,Pirimiphos-methyl,RF-0348-001-PPP,0.01,True
197,7251367C0D3A0FFF7CE9A1E3FE9C56E3,CZ,CZ,P1020010A,A.01.001053,T134A,K018A,RF-0156-001-PPP,0.001,27.81,LOQ,2011,Endrin (sum),Endrin,Endrin,RF-0156-001-PPP,0.0008,True
198,7251367C0D3A0FFF7CE9A1E3FE9C56E3,CZ,CZ,P1020010A,A.01.001053,T134A,K018A,RF-0123-001-PPP,0.003,27.81,LOQ,2011,Diazinon,Diazinon,Diazinon,RF-0123-001-PPP,0.02,True
199,7251367C0D3A0FFF7CE9A1E3FE9C56E3,CZ,CZ,P1020010A,A.01.001053,T134A,K018A,RF-0385-001-PPP,0.01,27.81,LOQ,2011,Resmethrin (sum),Resmethrin (sum),Resmethrin (resmethrin including other mixtures of consituent isomers (sum of isomers)),RF-0385-001-PPP,0.02,True
200,7251367C0D3A0FFF7CE9A1E3FE9C56E3,CZ,CZ,P1020010A,A.01.001053,T134A,K018A,RF-0351-001-PPP,0.02,27.81,LOQ,2011,Profenofos,Profenofos,Profenofos,RF-0351-001-PPP,0.01,True
201,7251367C0D3A0FFF7CE9A1E3FE9C56E3,CZ,CZ,P1020010A,A.01.001053,T134A,K018A,RF-0690-002-PPP,0.005,27.81,LOQ,2011,Fenvalerate/Esfenvalerate (sum),Fenvalerate,Fenvalerate,RF-0690-002-PPP,0.04,True
202,C260107091A7F225E48DBAA2747F0120,CZ,CZ,P1020010A,A.01.001348,T134A,K018A,RF-0123-001-PPP,0.003,82.0,LOQ,2011,Diazinon,Diazinon,Diazinon,RF-0123-001-PPP,0.02,True
203,C260107091A7F225E48DBAA2747F0120,CZ,CZ,P1020010A,A.01.001348,T134A,K018A,RF-0351-001-PPP,0.02,82.0,LOQ,2011,Profenofos,Profenofos,Profenofos,RF-0351-001-PPP,0.01,True
204,C260107091A7F225E48DBAA2747F0120,CZ,CZ,P1020010A,A.01.001348,T134A,K018A,RF-0156-001-PPP,0.001,82.0,LOQ,2011,Endrin (sum),Endrin,Endrin,RF-0156-001-PPP,0.0008,True
205,C260107091A7F225E48DBAA2747F0120,CZ,CZ,P1020010A,A.01.001348,T134A,K018A,RF-0690-002-PPP,0.005,82.0,LOQ,2011,Fenvalerate/Esfenvalerate (sum),Fenvalerate,Fenvalerate,RF-0690-002-PPP,0.04,True
206,C260107091A7F225E48DBAA2747F0120,CZ,CZ,P1020010A,A.01.001348,T134A,K018A,RF-0385-001-PPP,0.01,82.0,LOQ,2011,Resmethrin (sum),Resmethrin (sum),Resmethrin (resmethrin including other mixtures of consituent isomers (sum of isomers)),RF-0385-001-PPP,0.02,True
207,C260107091A7F225E48DBAA2747F0120,CZ,CZ,P1020010A,A.01.001348,T134A,K018A,RF-0383-002-PPP,0.01,82.0,LOQ,2011,Quintozene (sum),Quintozene,Quintozene,RF-0383-002-PPP,0.01,True
208,C260107091A7F225E48DBAA2747F0120,CZ,CZ,P1020010A,A.01.001348,T134A,K018A,RF-0088-001-PPP,0.004,82.0,LOQ,2011,Chlorpyrifos-methyl,Chlorpyrifos-methyl,Chlorpyrifos-methyl,RF-0088-001-PPP,0.01,True
209,C260107091A7F225E48DBAA2747F0120,CZ,CZ,P1020010A,A.01.001348,T134A,K018A,RF-0112-001-PPP,0.01,82.0,LOQ,2011,Cypermethrin (sum),Cypermethrin (sum),Cypermethrin (Cypermethrin including other mixtures of constituent isomers (sum of isomers)),RF-0112-001-PPP,0.05,True
210,C260107091A7F225E48DBAA2747F0120,CZ,CZ,P1020010A,A.01.001348,T134A,K018A,RF-0120-001-PPP,0.007,82.0,LOQ,2011,Deltamethrin,Deltamethrin,Deltamethrin (cis-deltamethrin),RF-0120-001-PPP,0.05,True
211,7D4EA8B5FE17551064D6039EF0151826,CZ,CZ,P1020010A,A.01.000953,T134A,K018A,RF-0295-001-PPP,0.01,-1.0,LOQ,2011,Methoxychlor,Methoxychlor,Methoxychlor,RF-0295-001-PPP,0.01,True
212,7D4EA8B5FE17551064D6039EF0151826,CZ,CZ,P1020010A,A.01.000953,T134A,K018A,RF-0348-001-PPP,0.003,-1.0,LOQ,2011,Pirimiphos-methyl (sum),Pirimiphos-methyl,Pirimiphos-methyl,RF-0348-001-PPP,0.01,True
213,7D4EA8B5FE17551064D6039EF0151826,CZ,CZ,P1020010A,A.01.000953,T134A,K018A,RF-0156-001-PPP,0.0002,-1.0,LOQ,2011,Endrin (sum),Endrin,Endrin,RF-0156-001-PPP,0.0008,True
214,7D4EA8B5FE17551064D6039EF0151826,CZ,CZ,P1020010A,A.01.000953,T134A,K018A,RF-0123-001-PPP,0.003,-1.0,LOQ,2011,Diazinon,Diazinon,Diazinon,RF-0123-001-PPP,0.02,True
215,E9EDB81EBB05E5E9A05B9124EDD3A3DB,CZ,CZ,P1020010A,A.01.000953,T134A,K018A,RF-0088-001-PPP,0.004,-1.0,LOQ,2011,Chlorpyrifos-methyl,Chlorpyrifos-methyl,Chlorpyrifos-methyl,RF-0088-001-PPP,0.01,True
216,E9EDB81EBB05E5E9A05B9124EDD3A3DB,CZ,CZ,P1020010A,A.01.000953,T134A,K018A,RF-0690-002-PPP,0.005,-1.0,LOQ,2011,Fenvalerate/Esfenvalerate (sum),Fenvalerate,Fenvalerate,RF-0690-002-PPP,0.04,True
217,E9EDB81EBB05E5E9A05B9124EDD3A3DB,CZ,CZ,P1020010A,A.01.000953,T134A,K018A,RF-0120-001-PPP,0.005,-1.0,LOQ,2011,Deltamethrin,Deltamethrin,Deltamethrin (cis-deltamethrin),RF-0120-001-PPP,0.05,True
218,E9EDB81EBB05E5E9A05B9124EDD3A3DB,CZ,CZ,P1020010A,A.01.000953,T134A,K018A,RF-0383-002-PPP,0.01,-1.0,LOQ,2011,Quintozene (sum),Quintozene,Quintozene,RF-0383-002-PPP,0.01,True
219,E9EDB81EBB05E5E9A05B9124EDD3A3DB,CZ,CZ,P1020010A,A.01.000953,T134A,K018A,RF-0373-001-PPP,0.02,-1.0,LOQ,2011,Pyrazophos,Pyrazophos,Pyrazophos,RF-0373-001-PPP,0.01,True
220,E9EDB81EBB05E5E9A05B9124EDD3A3DB,CZ,CZ,P1020010A,A.01.000953,T134A,K018A,RF-0112-001-PPP,0.005,-1.0,LOQ,2011,Cypermethrin (sum),Cypermethrin (sum),Cypermethrin (Cypermethrin including other mixtures of constituent isomers (sum of isomers)),RF-0112-001-PPP,0.05,True
221,E9EDB81EBB05E5E9A05B9124EDD3A3DB,CZ,CZ,P1020010A,A.01.000953,T134A,K018A,RF-0290-001-PPP,0.02,-1.0,LOQ,2011,Methidathion,Methidathion,Methidathion,RF-0290-001-PPP,0.02,True
222,E7DA8F12518246A7D5E11AADCD7EFA3A,CZ,CZ,P1020010A,A.01.000953,T134A,K018A,RF-0327-001-PPP,0.02,-1.0,LOQ,2011,Parathion,Parathion,Parathion,RF-0327-001-PPP,0.05,True
223,7251367C0D3A0FFF7CE9A1E3FE9C56E3,CZ,CZ,P1020010A,A.01.001053,T134A,K018A,RF-0383-002-PPP,0.01,27.81,LOQ,2011,Quintozene (sum),Quintozene,Quintozene,RF-0383-002-PPP,0.01,True
224,7251367C0D3A0FFF7CE9A1E3FE9C56E3,CZ,CZ,P1020010A,A.01.001053,T134A,K018A,RF-0088-001-PPP,0.004,27.81,LOQ,2011,Chlorpyrifos-methyl,Chlorpyrifos-methyl,Chlorpyrifos-methyl,RF-0088-001-PPP,0.01,True
225,7251367C0D3A0FFF7CE9A1E3FE9C56E3,CZ,CZ,P1020010A,A.01.001053,T134A,K018A,RF-0112-001-PPP,0.01,27.81,LOQ,2011,Cypermethrin (sum),Cypermethrin (sum),Cypermethrin (Cypermethrin including other mixtures of constituent isomers (sum of isomers)),RF-0112-001-PPP,0.05,True
226,7251367C0D3A0FFF7CE9A1E3FE9C56E3,CZ,CZ,P1020010A,A.01.001053,T134A,K018A,RF-0120-001-PPP,0.007,27.81,LOQ,2011,Deltamethrin,Deltamethrin,Deltamethrin (cis-deltamethrin),RF-0120-001-PPP,0.05,True
227,7251367C0D3A0FFF7CE9A1E3FE9C56E3,CZ,CZ,P1020010A,A.01.001053,T134A,K018A,RF-0290-001-PPP,0.02,27.81,LOQ,2011,Methidathion,Methidathion,Methidathion,RF-0290-001-PPP,0.02,True
228,7251367C0D3A0FFF7CE9A1E3FE9C56E3,CZ,CZ,P1020010A,A.01.001053,T134A,K018A,RF-0373-001-PPP,0.02,27.81,LOQ,2011,Pyrazophos,Pyrazophos,Pyrazophos,RF-0373-001-PPP,0.01,True
229,7251367C0D3A0FFF7CE9A1E3FE9C56E3,CZ,CZ,P1020010A,A.01.001053,T134A,K018A,RF-0046-001-PPP,0.005,27.81,LOQ,2011,Bifenthrin (sum),Bifenthrin (sum),Bifenthrin (sum of isomers),RF-0046-001-PPP,0.2,True
230,7251367C0D3A0FFF7CE9A1E3FE9C56E3,CZ,CZ,P1020010A,A.01.001053,T134A,K018A,RF-0236-004-PPP,0.001,27.81,LOQ,2011,Heptachlor (sum),Heptachlor,Heptachlor,RF-0236-004-PPP,0.004,True
231,7251367C0D3A0FFF7CE9A1E3FE9C56E3,CZ,CZ,P1020010A,A.01.001053,T134A,K018A,RF-0082-001-PPP,0.03,27.81,LOQ,2011,Chlorobenzilate,Chlorobenzilate,Chlorobenzilate,RF-0082-001-PPP,0.1,True
232,7251367C0D3A0FFF7CE9A1E3FE9C56E3,CZ,CZ,P1020010A,A.01.001053,T134A,K018A,RF-0087-001-PPP,0.002,27.81,LOQ,2011,Chlorpyrifos,Chlorpyrifos,Chlorpyrifos,RF-0087-001-PPP,0.01,True
233,7251367C0D3A0FFF7CE9A1E3FE9C56E3,CZ,CZ,P1020010A,A.01.001053,T134A,K018A,RF-0327-001-PPP,0.02,27.81,LOQ,2011,Parathion,Parathion,Parathion,RF-0327-001-PPP,0.05,True
234,7251367C0D3A0FFF7CE9A1E3FE9C56E3,CZ,CZ,P1020010A,A.01.001053,T134A,K018A,RF-0328-003-PPP,0.02,27.81,LOQ,2011,Parathion-methyl (sum),Parathion-methyl (sum),Parathion-methyl,RF-0328-003-PPP,0.01,True
235,64A9488887F4AA66F8362E4EF1A4CF7A,CZ,CZ,P1020010A,A.01.001348,T134A,K018A,RF-0059-001-PPP,0.002,82.0,LOQ,2011,Camphechlor (sum),Toxaphene,Camphechlor (Toxaphene),RF-0059-001-PPP,0.01,True
236,64A9488887F4AA66F8362E4EF1A4CF7A,CZ,CZ,P1020010A,A.01.001348,T134A,K018A,RF-0032-001-PPP,0.01,82.0,LOQ,2011,Azinphos-ethyl,Azinphos-ethyl,Azinphos-ethyl,RF-0032-001-PPP,0.01,True
237,64A9488887F4AA66F8362E4EF1A4CF7A,CZ,CZ,P1020010A,A.01.001348,T134A,K018A,RF-0263-001-PPP,0.001,82.0,LOQ,2011,Lindane,Lindane,Lindane (Gamma-isomer of hexachlorocyclohexane (HCH)),RF-0263-001-PPP,0.01,True
238,7D4EA8B5FE17551064D6039EF0151826,CZ,CZ,P1020010A,A.01.000953,T134A,K018A,RF-0385-001-PPP,0.01,-1.0,LOQ,2011,Resmethrin (sum),Resmethrin (sum),Resmethrin (resmethrin including other mixtures of consituent isomers (sum of isomers)),RF-0385-001-PPP,0.02,True
239,7D4EA8B5FE17551064D6039EF0151826,CZ,CZ,P1020010A,A.01.000953,T134A,K018A,RF-0351-001-PPP,0.02,-1.0,LOQ,2011,Profenofos,Profenofos,Profenofos,RF-0351-001-PPP,0.01,True
240,7D4EA8B5FE17551064D6039EF0151826,CZ,CZ,P1020010A,A.01.000953,T134A,K018A,RF-0088-001-PPP,0.004,-1.0,LOQ,2011,Chlorpyrifos-methyl,Chlorpyrifos-methyl,Chlorpyrifos-methyl,RF-0088-001-PPP,0.01,True
241,7D4EA8B5FE17551064D6039EF0151826,CZ,CZ,P1020010A,A.01.000953,T134A,K018A,RF-0690-002-PPP,0.005,-1.0,LOQ,2011,Fenvalerate/Esfenvalerate (sum),Fenvalerate,Fenvalerate,RF-0690-002-PPP,0.04,True
242,7D4EA8B5FE17551064D6039EF0151826,CZ,CZ,P1020010A,A.01.000953,T134A,K018A,RF-0120-001-PPP,0.005,-1.0,LOQ,2011,Deltamethrin,Deltamethrin,Deltamethrin (cis-deltamethrin),RF-0120-001-PPP,0.05,True
243,7D4EA8B5FE17551064D6039EF0151826,CZ,CZ,P1020010A,A.01.000953,T134A,K018A,RF-0383-002-PPP,0.01,-1.0,LOQ,2011,Quintozene (sum),Quintozene,Quintozene,RF-0383-002-PPP,0.01,True
244,7D4EA8B5FE17551064D6039EF0151826,CZ,CZ,P1020010A,A.01.000953,T134A,K018A,RF-0373-001-PPP,0.02,-1.0,LOQ,2011,Pyrazophos,Pyrazophos,Pyrazophos,RF-0373-001-PPP,0.01,True
245,7D4EA8B5FE17551064D6039EF0151826,CZ,CZ,P1020010A,A.01.000953,T134A,K018A,RF-0112-001-PPP,0.005,-1.0,LOQ,2011,Cypermethrin (sum),Cypermethrin (sum),Cypermethrin (Cypermethrin including other mixtures of constituent isomers (sum of isomers)),RF-0112-001-PPP,0.05,True
246,7D4EA8B5FE17551064D6039EF0151826,CZ,CZ,P1020010A,A.01.000953,T134A,K018A,RF-0236-004-PPP,0.001,-1.0,LOQ,2011,Heptachlor (sum),Heptachlor,Heptachlor,RF-0236-004-PPP,0.004,True
247,7D4EA8B5FE17551064D6039EF0151826,CZ,CZ,P1020010A,A.01.000953,T134A,K018A,RF-0290-001-PPP,0.02,-1.0,LOQ,2011,Methidathion,Methidathion,Methidathion,RF-0290-001-PPP,0.02,True
248,7D4EA8B5FE17551064D6039EF0151826,CZ,CZ,P1020010A,A.01.000953,T134A,K018A,RF-0087-001-PPP,0.002,-1.0,LOQ,2011,Chlorpyrifos,Chlorpyrifos,Chlorpyrifos,RF-0087-001-PPP,0.01,True
249,7D4EA8B5FE17551064D6039EF0151826,CZ,CZ,P1020010A,A.01.000953,T134A,K018A,RF-0046-001-PPP,0.005,-1.0,LOQ,2011,Bifenthrin (sum),Bifenthrin (sum),Bifenthrin (sum of isomers),RF-0046-001-PPP,0.2,True
250,7D4EA8B5FE17551064D6039EF0151826,CZ,CZ,P1020010A,A.01.000953,T134A,K018A,RF-0328-003-PPP,0.02,-1.0,LOQ,2011,Parathion-methyl (sum),Parathion-methyl (sum),Parathion-methyl,RF-0328-003-PPP,0.01,True
251,7D4EA8B5FE17551064D6039EF0151826,CZ,CZ,P1020010A,A.01.000953,T134A,K018A,RF-0082-001-PPP,0.03,-1.0,LOQ,2011,Chlorobenzilate,Chlorobenzilate,Chlorobenzilate,RF-0082-001-PPP,0.1,True
252,391042BF4AEFC3BB133E1B30F22A12E1,CZ,CZ,P1020010A,A.01.001348,T134A,K018A,RF-0088-001-PPP,0.004,82.0,LOQ,2011,Chlorpyrifos-methyl,Chlorpyrifos-methyl,Chlorpyrifos-methyl,RF-0088-001-PPP,0.01,True
253,391042BF4AEFC3BB133E1B30F22A12E1,CZ,CZ,P1020010A,A.01.001348,T134A,K018A,RF-0120-001-PPP,0.007,82.0,LOQ,2011,Deltamethrin,Deltamethrin,Deltamethrin (cis-deltamethrin),RF-0120-001-PPP,0.05,True
254,391042BF4AEFC3BB133E1B30F22A12E1,CZ,CZ,P1020010A,A.01.001348,T134A,K018A,RF-0383-002-PPP,0.01,82.0,LOQ,2011,Quintozene (sum),Quintozene,Quintozene,RF-0383-002-PPP,0.01,True
255,391042BF4AEFC3BB133E1B30F22A12E1,CZ,CZ,P1020010A,A.01.001348,T134A,K018A,RF-0373-001-PPP,0.02,82.0,LOQ,2011,Pyrazophos,Pyrazophos,Pyrazophos,RF-0373-001-PPP,0.01,True
256,391042BF4AEFC3BB133E1B30F22A12E1,CZ,CZ,P1020010A,A.01.001348,T134A,K018A,RF-0112-001-PPP,0.01,82.0,LOQ,2011,Cypermethrin (sum),Cypermethrin (sum),Cypermethrin (Cypermethrin including other mixtures of constituent isomers (sum of isomers)),RF-0112-001-PPP,0.05,True
257,391042BF4AEFC3BB133E1B30F22A12E1,CZ,CZ,P1020010A,A.01.001348,T134A,K018A,RF-0236-004-PPP,0.001,82.0,LOQ,2011,Heptachlor (sum),Heptachlor,Heptachlor,RF-0236-004-PPP,0.004,True
258,391042BF4AEFC3BB133E1B30F22A12E1,CZ,CZ,P1020010A,A.01.001348,T134A,K018A,RF-0290-001-PPP,0.02,82.0,LOQ,2011,Methidathion,Methidathion,Methidathion,RF-0290-001-PPP,0.02,True
259,391042BF4AEFC3BB133E1B30F22A12E1,CZ,CZ,P1020010A,A.01.001348,T134A,K018A,RF-0046-001-PPP,0.005,82.0,LOQ,2011,Bifenthrin (sum),Bifenthrin (sum),Bifenthrin (sum of isomers),RF-0046-001-PPP,0.2,True
260,64A9488887F4AA66F8362E4EF1A4CF7A,CZ,CZ,P1020010A,A.01.001348,T134A,K018A,RF-0119-001-PPP,0.017,82.0,VAL,2011,DDT (sum),DDT (sum),"DDT (sum of p,p'-DDT, o,p'-DDT, p-p'-DDE and p,p'-TDE (DDD) expressed as DDT)",RF-0119-001-PPP,0.04,True
261,64A9488887F4AA66F8362E4EF1A4CF7A,CZ,CZ,P1020010A,A.01.001348,T134A,K018A,RF-0406-001-PPP,0.03,82.0,LOQ,2011,Tecnazene,Tecnazene,Tecnazene,RF-0406-001-PPP,0.01,True
262,64A9488887F4AA66F8362E4EF1A4CF7A,CZ,CZ,P1020010A,A.01.001348,T134A,K018A,RF-0432-001-PPP,0.01,82.0,LOQ,2011,Triazophos,Triazophos,Triazophos,RF-0432-001-PPP,0.01,True
263,64A9488887F4AA66F8362E4EF1A4CF7A,CZ,CZ,P1020010A,A.01.001348,T134A,K018A,RF-0011-001-PPP,0.005,82.0,LOQ,2011,Abamectin (sum),Abamectin (sum),"Abamectin (sum of Avermectin B1a, Avermectin B1b and delta-8,9 isomer of Avermectin B1a)",RF-0011-001-PPP,0.01,True
264,64A9488887F4AA66F8362E4EF1A4CF7A,CZ,CZ,P1020010A,A.01.001348,T134A,K018A,RF-0238-001-PPP,0.002,82.0,LOQ,2011,HCH-alpha,HCH-alpha,"Hexachlorocyclohexane (HCH), alpha-isomer",RF-0238-001-PPP,0.01,True
265,64A9488887F4AA66F8362E4EF1A4CF7A,CZ,CZ,P1020010A,A.01.001348,T134A,K018A,RF-0075-002-PPP,0.001,82.0,LOQ,2011,Chlordane (sum),Chlordane,Chlordane,RF-0075-002-PPP,0.002,True
266,64A9488887F4AA66F8362E4EF1A4CF7A,CZ,CZ,P1020010A,A.01.001348,T134A,K018A,RF-0155-001-PPP,0.001,82.0,LOQ,2011,Endosulfan (sum),Endosulfan (sum),Endosulfan (sum of alpha- and beta-isomers and endosulfan-sulphate expresses as endosulfan),RF-0155-001-PPP,0.05,True
267,64A9488887F4AA66F8362E4EF1A4CF7A,CZ,CZ,P1020010A,A.01.001348,T134A,K018A,RF-0187-006-PPP,0.01,82.0,LOQ,2011,Fenthion (sum),Fenthion,Fenthion,RF-0187-006-PPP,0.01,True
268,64A9488887F4AA66F8362E4EF1A4CF7A,CZ,CZ,P1020010A,A.01.001348,T134A,K018A,RF-0108-003-PPP,0.005,82.0,LOQ,2011,Cyfluthrin (sum),Cyfluthrin,Cyfluthrin,RF-0108-003-PPP,0.02,True
269,64A9488887F4AA66F8362E4EF1A4CF7A,CZ,CZ,P1020010A,A.01.001348,T134A,K018A,RF-0239-002-PPP,0.002,82.0,LOQ,2011,HCH-beta,HCH-beta,"Hexachlorocyclohexane (HCH), beta-isomer",RF-0239-002-PPP,0.01,True
270,64A9488887F4AA66F8362E4EF1A4CF7A,CZ,CZ,P1020010A,A.01.001348,T134A,K018A,RF-0237-001-PPP,0.009,82.0,VAL,2011,Hexachlorobenzene,Hexachlorobenzene,Hexachlorobenzene,RF-0237-001-PPP,0.005,True
271,64A9488887F4AA66F8362E4EF1A4CF7A,CZ,CZ,P1020010A,A.01.001348,T134A,K018A,RF-0021-003-PPP,0.001,82.0,LOQ,2011,Dieldrin (sum),Dieldrin (sum),Dieldrin,RF-0021-003-PPP,0.006,True
272,64A9488887F4AA66F8362E4EF1A4CF7A,CZ,CZ,P1020010A,A.01.001348,T134A,K018A,RF-0842-001-PPP,0.01,82.0,LOQ,2011,Permethrin (sum),Permethrin (sum),Permethrin (sum of isomers),RF-0842-001-PPP,0.0,True
273,64A9488887F4AA66F8362E4EF1A4CF7A,CZ,CZ,P1020010A,A.01.001348,T134A,K018A,RF-0295-001-PPP,0.01,82.0,LOQ,2011,Methoxychlor,Methoxychlor,Methoxychlor,RF-0295-001-PPP,0.01,True
274,64A9488887F4AA66F8362E4EF1A4CF7A,CZ,CZ,P1020010A,A.01.001348,T134A,K018A,RF-0348-001-PPP,0.003,82.0,LOQ,2011,Pirimiphos-methyl (sum),Pirimiphos-methyl,Pirimiphos-methyl,RF-0348-001-PPP,0.01,True
275,D08E911491CC32D0C46A8DEF280D1E41,CZ,CZ,P1020010A,A.01.001030,T134A,K018A,RF-0690-002-PPP,0.005,2.7,LOQ,2011,Fenvalerate/Esfenvalerate (sum),Fenvalerate,Fenvalerate,RF-0690-002-PPP,0.04,True
276,D08E911491CC32D0C46A8DEF280D1E41,CZ,CZ,P1020010A,A.01.001030,T134A,K018A,RF-0385-001-PPP,0.01,2.7,LOQ,2011,Resmethrin (sum),Resmethrin (sum),Resmethrin (resmethrin including other mixtures of consituent isomers (sum of isomers)),RF-0385-001-PPP,0.02,True
277,7D4EA8B5FE17551064D6039EF0151826,CZ,CZ,P1020010A,A.01.000953,T134A,K018A,RF-0327-001-PPP,0.02,-1.0,LOQ,2011,Parathion,Parathion,Parathion,RF-0327-001-PPP,0.05,True
278,D08E911491CC32D0C46A8DEF280D1E41,CZ,CZ,P1020010A,A.01.001030,T134A,K018A,RF-0088-001-PPP,0.004,2.7,LOQ,2011,Chlorpyrifos-methyl,Chlorpyrifos-methyl,Chlorpyrifos-methyl,RF-0088-001-PPP,0.01,True
279,C260107091A7F225E48DBAA2747F0120,CZ,CZ,P1020010A,A.01.001348,T134A,K018A,RF-0373-001-PPP,0.02,82.0,LOQ,2011,Pyrazophos,Pyrazophos,Pyrazophos,RF-0373-001-PPP,0.01,True
280,C260107091A7F225E48DBAA2747F0120,CZ,CZ,P1020010A,A.01.001348,T134A,K018A,RF-0236-004-PPP,0.001,82.0,LOQ,2011,Heptachlor (sum),Heptachlor,Heptachlor,RF-0236-004-PPP,0.004,True
281,C260107091A7F225E48DBAA2747F0120,CZ,CZ,P1020010A,A.01.001348,T134A,K018A,RF-0290-001-PPP,0.02,82.0,LOQ,2011,Methidathion,Methidathion,Methidathion,RF-0290-001-PPP,0.02,True
282,C260107091A7F225E48DBAA2747F0120,CZ,CZ,P1020010A,A.01.001348,T134A,K018A,RF-0087-001-PPP,0.002,82.0,LOQ,2011,Chlorpyrifos,Chlorpyrifos,Chlorpyrifos,RF-0087-001-PPP,0.01,True
283,C260107091A7F225E48DBAA2747F0120,CZ,CZ,P1020010A,A.01.001348,T134A,K018A,RF-0046-001-PPP,0.005,82.0,LOQ,2011,Bifenthrin (sum),Bifenthrin (sum),Bifenthrin (sum of isomers),RF-0046-001-PPP,0.2,True
284,C260107091A7F225E48DBAA2747F0120,CZ,CZ,P1020010A,A.01.001348,T134A,K018A,RF-0328-003-PPP,0.02,82.0,LOQ,2011,Parathion-methyl (sum),Parathion-methyl (sum),Parathion-methyl,RF-0328-003-PPP,0.01,True
285,C260107091A7F225E48DBAA2747F0120,CZ,CZ,P1020010A,A.01.001348,T134A,K018A,RF-0082-001-PPP,0.03,82.0,LOQ,2011,Chlorobenzilate,Chlorobenzilate,Chlorobenzilate,RF-0082-001-PPP,0.1,True
286,C260107091A7F225E48DBAA2747F0120,CZ,CZ,P1020010A,A.01.001348,T134A,K018A,RF-0327-001-PPP,0.02,82.0,LOQ,2011,Parathion,Parathion,Parathion,RF-0327-001-PPP,0.05,True
287,391042BF4AEFC3BB133E1B30F22A12E1,CZ,CZ,P1020010A,A.01.001348,T134A,K018A,RF-0087-001-PPP,0.002,82.0,LOQ,2011,Chlorpyrifos,Chlorpyrifos,Chlorpyrifos,RF-0087-001-PPP,0.01,True
288,391042BF4AEFC3BB133E1B30F22A12E1,CZ,CZ,P1020010A,A.01.001348,T134A,K018A,RF-0328-003-PPP,0.02,82.0,LOQ,2011,Parathion-methyl (sum),Parathion-methyl (sum),Parathion-methyl,RF-0328-003-PPP,0.01,True
289,391042BF4AEFC3BB133E1B30F22A12E1,CZ,CZ,P1020010A,A.01.001348,T134A,K018A,RF-0082-001-PPP,0.03,82.0,LOQ,2011,Chlorobenzilate,Chlorobenzilate,Chlorobenzilate,RF-0082-001-PPP,0.1,True
290,391042BF4AEFC3BB133E1B30F22A12E1,CZ,CZ,P1020010A,A.01.001348,T134A,K018A,RF-0327-001-PPP,0.02,82.0,LOQ,2011,Parathion,Parathion,Parathion,RF-0327-001-PPP,0.05,True
291,64A9488887F4AA66F8362E4EF1A4CF7A,CZ,CZ,P1020010A,A.01.001348,T134A,K018A,RF-0123-001-PPP,0.003,82.0,LOQ,2011,Diazinon,Diazinon,Diazinon,RF-0123-001-PPP,0.02,True
292,64A9488887F4AA66F8362E4EF1A4CF7A,CZ,CZ,P1020010A,A.01.001348,T134A,K018A,RF-0351-001-PPP,0.02,82.0,LOQ,2011,Profenofos,Profenofos,Profenofos,RF-0351-001-PPP,0.01,True
293,64A9488887F4AA66F8362E4EF1A4CF7A,CZ,CZ,P1020010A,A.01.001348,T134A,K018A,RF-0156-001-PPP,0.001,82.0,LOQ,2011,Endrin (sum),Endrin,Endrin,RF-0156-001-PPP,0.0008,True
294,64A9488887F4AA66F8362E4EF1A4CF7A,CZ,CZ,P1020010A,A.01.001348,T134A,K018A,RF-0385-001-PPP,0.01,82.0,LOQ,2011,Resmethrin (sum),Resmethrin (sum),Resmethrin (resmethrin including other mixtures of consituent isomers (sum of isomers)),RF-0385-001-PPP,0.02,True
295,64A9488887F4AA66F8362E4EF1A4CF7A,CZ,CZ,P1020010A,A.01.001348,T134A,K018A,RF-0088-001-PPP,0.004,82.0,LOQ,2011,Chlorpyrifos-methyl,Chlorpyrifos-methyl,Chlorpyrifos-methyl,RF-0088-001-PPP,0.01,True
296,64A9488887F4AA66F8362E4EF1A4CF7A,CZ,CZ,P1020010A,A.01.001348,T134A,K018A,RF-0690-002-PPP,0.005,82.0,LOQ,2011,Fenvalerate/Esfenvalerate (sum),Fenvalerate,Fenvalerate,RF-0690-002-PPP,0.04,True
297,64A9488887F4AA66F8362E4EF1A4CF7A,CZ,CZ,P1020010A,A.01.001348,T134A,K018A,RF-0120-001-PPP,0.007,82.0,LOQ,2011,Deltamethrin,Deltamethrin,Deltamethrin (cis-deltamethrin),RF-0120-001-PPP,0.05,True
298,64A9488887F4AA66F8362E4EF1A4CF7A,CZ,CZ,P1020010A,A.01.001348,T134A,K018A,RF-0383-002-PPP,0.01,82.0,LOQ,2011,Quintozene (sum),Quintozene,Quintozene,RF-0383-002-PPP,0.01,True
299,64A9488887F4AA66F8362E4EF1A4CF7A,CZ,CZ,P1020010A,A.01.001348,T134A,K018A,RF-0373-001-PPP,0.02,82.0,LOQ,2011,Pyrazophos,Pyrazophos,Pyrazophos,RF-0373-001-PPP,0.01,True
300,64A9488887F4AA66F8362E4EF1A4CF7A,CZ,CZ,P1020010A,A.01.001348,T134A,K018A,RF-0112-001-PPP,0.01,82.0,LOQ,2011,Cypermethrin (sum),Cypermethrin (sum),Cypermethrin (Cypermethrin including other mixtures of constituent isomers (sum of isomers)),RF-0112-001-PPP,0.05,True
301,64A9488887F4AA66F8362E4EF1A4CF7A,CZ,CZ,P1020010A,A.01.001348,T134A,K018A,RF-0236-004-PPP,0.001,82.0,LOQ,2011,Heptachlor (sum),Heptachlor,Heptachlor,RF-0236-004-PPP,0.004,True
302,64A9488887F4AA66F8362E4EF1A4CF7A,CZ,CZ,P1020010A,A.01.001348,T134A,K018A,RF-0290-001-PPP,0.02,82.0,LOQ,2011,Methidathion,Methidathion,Methidathion,RF-0290-001-PPP,0.02,True
303,64A9488887F4AA66F8362E4EF1A4CF7A,CZ,CZ,P1020010A,A.01.001348,T134A,K018A,RF-0087-001-PPP,0.002,82.0,LOQ,2011,Chlorpyrifos,Chlorpyrifos,Chlorpyrifos,RF-0087-001-PPP,0.01,True
304,64A9488887F4AA66F8362E4EF1A4CF7A,CZ,CZ,P1020010A,A.01.001348,T134A,K018A,RF-0046-001-PPP,0.005,82.0,LOQ,2011,Bifenthrin (sum),Bifenthrin (sum),Bifenthrin (sum of isomers),RF-0046-001-PPP,0.2,True
305,64A9488887F4AA66F8362E4EF1A4CF7A,CZ,CZ,P1020010A,A.01.001348,T134A,K018A,RF-0082-001-PPP,0.03,82.0,LOQ,2011,Chlorobenzilate,Chlorobenzilate,Chlorobenzilate,RF-0082-001-PPP,0.1,True
306,D08E911491CC32D0C46A8DEF280D1E41,CZ,CZ,P1020010A,A.01.001030,T134A,K018A,RF-0120-001-PPP,0.007,2.7,LOQ,2011,Deltamethrin,Deltamethrin,Deltamethrin (cis-deltamethrin),RF-0120-001-PPP,0.05,True
307,D08E911491CC32D0C46A8DEF280D1E41,CZ,CZ,P1020010A,A.01.001030,T134A,K018A,RF-0383-002-PPP,0.01,2.7,LOQ,2011,Quintozene (sum),Quintozene,Quintozene,RF-0383-002-PPP,0.01,True
308,D08E911491CC32D0C46A8DEF280D1E41,CZ,CZ,P1020010A,A.01.001030,T134A,K018A,RF-0373-001-PPP,0.02,2.7,LOQ,2011,Pyrazophos,Pyrazophos,Pyrazophos,RF-0373-001-PPP,0.01,True
309,D08E911491CC32D0C46A8DEF280D1E41,CZ,CZ,P1020010A,A.01.001030,T134A,K018A,RF-0112-001-PPP,0.01,2.7,LOQ,2011,Cypermethrin (sum),Cypermethrin (sum),Cypermethrin (Cypermethrin including other mixtures of constituent isomers (sum of isomers)),RF-0112-001-PPP,0.05,True
310,D08E911491CC32D0C46A8DEF280D1E41,CZ,CZ,P1020010A,A.01.001030,T134A,K018A,RF-0236-004-PPP,0.001,2.7,LOQ,2011,Heptachlor (sum),Heptachlor,Heptachlor,RF-0236-004-PPP,0.004,True
311,D08E911491CC32D0C46A8DEF280D1E41,CZ,CZ,P1020010A,A.01.001030,T134A,K018A,RF-0290-001-PPP,0.02,2.7,LOQ,2011,Methidathion,Methidathion,Methidathion,RF-0290-001-PPP,0.02,True
312,D08E911491CC32D0C46A8DEF280D1E41,CZ,CZ,P1020010A,A.01.001030,T134A,K018A,RF-0087-001-PPP,0.002,2.7,LOQ,2011,Chlorpyrifos,Chlorpyrifos,Chlorpyrifos,RF-0087-001-PPP,0.01,True
313,D08E911491CC32D0C46A8DEF280D1E41,CZ,CZ,P1020010A,A.01.001030,T134A,K018A,RF-0046-001-PPP,0.005,2.7,LOQ,2011,Bifenthrin (sum),Bifenthrin (sum),Bifenthrin (sum of isomers),RF-0046-001-PPP,0.2,True
314,D08E911491CC32D0C46A8DEF280D1E41,CZ,CZ,P1020010A,A.01.001030,T134A,K018A,RF-0328-003-PPP,0.02,2.7,LOQ,2011,Parathion-methyl (sum),Parathion-methyl (sum),Parathion-methyl,RF-0328-003-PPP,0.01,True
315,D08E911491CC32D0C46A8DEF280D1E41,CZ,CZ,P1020010A,A.01.001030,T134A,K018A,RF-0082-001-PPP,0.03,2.7,LOQ,2011,Chlorobenzilate,Chlorobenzilate,Chlorobenzilate,RF-0082-001-PPP,0.1,True
316,D08E911491CC32D0C46A8DEF280D1E41,CZ,CZ,P1020010A,A.01.001030,T134A,K018A,RF-0327-001-PPP,0.02,2.7,LOQ,2011,Parathion,Parathion,Parathion,RF-0327-001-PPP,0.05,True
317,D2E780B198C7D6A84A10780D1E28E822,CZ,CZ,P1020010A,A.01.000953,T134A,K018A,RF-0032-001-PPP,0.01,-1.0,LOQ,2011,Azinphos-ethyl,Azinphos-ethyl,Azinphos-ethyl,RF-0032-001-PPP,0.01,True
318,D2E780B198C7D6A84A10780D1E28E822,CZ,CZ,P1020010A,A.01.000953,T134A,K018A,RF-0059-001-PPP,0.002,-1.0,LOQ,2011,Camphechlor (sum),Toxaphene,Camphechlor (Toxaphene),RF-0059-001-PPP,0.01,True
319,64A9488887F4AA66F8362E4EF1A4CF7A,CZ,CZ,P1020010A,A.01.001348,T134A,K018A,RF-0328-003-PPP,0.02,82.0,LOQ,2011,Parathion-methyl (sum),Parathion-methyl (sum),Parathion-methyl,RF-0328-003-PPP,0.01,True
320,64A9488887F4AA66F8362E4EF1A4CF7A,CZ,CZ,P1020010A,A.01.001348,T134A,K018A,RF-0327-001-PPP,0.02,82.0,LOQ,2011,Parathion,Parathion,Parathion,RF-0327-001-PPP,0.05,True
321,6353212A78964A370C828385D0E6AE29,CZ,CZ,P1020010A,A.01.001054,T134A,K018A,RF-0059-001-PPP,0.002,13.53,LOQ,2011,Camphechlor (sum),Toxaphene,Camphechlor (Toxaphene),RF-0059-001-PPP,0.01,True
322,6353212A78964A370C828385D0E6AE29,CZ,CZ,P1020010A,A.01.001054,T134A,K018A,RF-0032-001-PPP,0.01,13.53,LOQ,2011,Azinphos-ethyl,Azinphos-ethyl,Azinphos-ethyl,RF-0032-001-PPP,0.01,True
323,6353212A78964A370C828385D0E6AE29,CZ,CZ,P1020010A,A.01.001054,T134A,K018A,RF-0119-001-PPP,0.016,13.53,VAL,2011,DDT (sum),DDT (sum),"DDT (sum of p,p'-DDT, o,p'-DDT, p-p'-DDE and p,p'-TDE (DDD) expressed as DDT)",RF-0119-001-PPP,0.04,True
324,6353212A78964A370C828385D0E6AE29,CZ,CZ,P1020010A,A.01.001054,T134A,K018A,RF-0263-001-PPP,0.001,13.53,LOQ,2011,Lindane,Lindane,Lindane (Gamma-isomer of hexachlorocyclohexane (HCH)),RF-0263-001-PPP,0.01,True
325,6353212A78964A370C828385D0E6AE29,CZ,CZ,P1020010A,A.01.001054,T134A,K018A,RF-0406-001-PPP,0.03,13.53,LOQ,2011,Tecnazene,Tecnazene,Tecnazene,RF-0406-001-PPP,0.01,True
326,6353212A78964A370C828385D0E6AE29,CZ,CZ,P1020010A,A.01.001054,T134A,K018A,RF-0432-001-PPP,0.01,13.53,LOQ,2011,Triazophos,Triazophos,Triazophos,RF-0432-001-PPP,0.01,True
327,6353212A78964A370C828385D0E6AE29,CZ,CZ,P1020010A,A.01.001054,T134A,K018A,RF-0011-001-PPP,0.005,13.53,LOQ,2011,Abamectin (sum),Abamectin (sum),"Abamectin (sum of Avermectin B1a, Avermectin B1b and delta-8,9 isomer of Avermectin B1a)",RF-0011-001-PPP,0.01,True
328,6353212A78964A370C828385D0E6AE29,CZ,CZ,P1020010A,A.01.001054,T134A,K018A,RF-0238-001-PPP,0.002,13.53,LOQ,2011,HCH-alpha,HCH-alpha,"Hexachlorocyclohexane (HCH), alpha-isomer",RF-0238-001-PPP,0.01,True
329,6353212A78964A370C828385D0E6AE29,CZ,CZ,P1020010A,A.01.001054,T134A,K018A,RF-0075-002-PPP,0.001,13.53,LOQ,2011,Chlordane (sum),Chlordane,Chlordane,RF-0075-002-PPP,0.002,True
330,6353212A78964A370C828385D0E6AE29,CZ,CZ,P1020010A,A.01.001054,T134A,K018A,RF-0155-001-PPP,0.001,13.53,LOQ,2011,Endosulfan (sum),Endosulfan (sum),Endosulfan (sum of alpha- and beta-isomers and endosulfan-sulphate expresses as endosulfan),RF-0155-001-PPP,0.05,True
331,6353212A78964A370C828385D0E6AE29,CZ,CZ,P1020010A,A.01.001054,T134A,K018A,RF-0187-006-PPP,0.01,13.53,LOQ,2011,Fenthion (sum),Fenthion,Fenthion,RF-0187-006-PPP,0.01,True
332,6353212A78964A370C828385D0E6AE29,CZ,CZ,P1020010A,A.01.001054,T134A,K018A,RF-0108-003-PPP,0.005,13.53,LOQ,2011,Cyfluthrin (sum),Cyfluthrin,Cyfluthrin,RF-0108-003-PPP,0.02,True
333,6353212A78964A370C828385D0E6AE29,CZ,CZ,P1020010A,A.01.001054,T134A,K018A,RF-0237-001-PPP,0.01,13.53,VAL,2011,Hexachlorobenzene,Hexachlorobenzene,Hexachlorobenzene,RF-0237-001-PPP,0.005,True
334,E9EDB81EBB05E5E9A05B9124EDD3A3DB,CZ,CZ,P1020010A,A.01.000953,T134A,K018A,RF-0236-004-PPP,0.001,-1.0,LOQ,2011,Heptachlor (sum),Heptachlor,Heptachlor,RF-0236-004-PPP,0.004,True
335,E9EDB81EBB05E5E9A05B9124EDD3A3DB,CZ,CZ,P1020010A,A.01.000953,T134A,K018A,RF-0087-001-PPP,0.002,-1.0,LOQ,2011,Chlorpyrifos,Chlorpyrifos,Chlorpyrifos,RF-0087-001-PPP,0.01,True
336,E9EDB81EBB05E5E9A05B9124EDD3A3DB,CZ,CZ,P1020010A,A.01.000953,T134A,K018A,RF-0046-001-PPP,0.005,-1.0,LOQ,2011,Bifenthrin (sum),Bifenthrin (sum),Bifenthrin (sum of isomers),RF-0046-001-PPP,0.2,True
337,E9EDB81EBB05E5E9A05B9124EDD3A3DB,CZ,CZ,P1020010A,A.01.000953,T134A,K018A,RF-0328-003-PPP,0.02,-1.0,LOQ,2011,Parathion-methyl (sum),Parathion-methyl (sum),Parathion-methyl,RF-0328-003-PPP,0.01,True
338,E9EDB81EBB05E5E9A05B9124EDD3A3DB,CZ,CZ,P1020010A,A.01.000953,T134A,K018A,RF-0082-001-PPP,0.03,-1.0,LOQ,2011,Chlorobenzilate,Chlorobenzilate,Chlorobenzilate,RF-0082-001-PPP,0.1,True
339,E9EDB81EBB05E5E9A05B9124EDD3A3DB,CZ,CZ,P1020010A,A.01.000953,T134A,K018A,RF-0327-001-PPP,0.02,-1.0,LOQ,2011,Parathion,Parathion,Parathion,RF-0327-001-PPP,0.05,True
340,6353212A78964A370C828385D0E6AE29,CZ,CZ,P1020010A,A.01.001054,T134A,K018A,RF-0842-001-PPP,0.01,13.53,LOQ,2011,Permethrin (sum),Permethrin (sum),Permethrin (sum of isomers),RF-0842-001-PPP,0.0,True
341,6353212A78964A370C828385D0E6AE29,CZ,CZ,P1020010A,A.01.001054,T134A,K018A,RF-0239-002-PPP,0.002,13.53,LOQ,2011,HCH-beta,HCH-beta,"Hexachlorocyclohexane (HCH), beta-isomer",RF-0239-002-PPP,0.01,True
342,6353212A78964A370C828385D0E6AE29,CZ,CZ,P1020010A,A.01.001054,T134A,K018A,RF-0348-001-PPP,0.003,13.53,LOQ,2011,Pirimiphos-methyl (sum),Pirimiphos-methyl,Pirimiphos-methyl,RF-0348-001-PPP,0.01,True
343,6353212A78964A370C828385D0E6AE29,CZ,CZ,P1020010A,A.01.001054,T134A,K018A,RF-0021-003-PPP,0.001,13.53,LOQ,2011,Dieldrin (sum),Dieldrin (sum),Dieldrin,RF-0021-003-PPP,0.006,True
344,6353212A78964A370C828385D0E6AE29,CZ,CZ,P1020010A,A.01.001054,T134A,K018A,RF-0123-001-PPP,0.003,13.53,LOQ,2011,Diazinon,Diazinon,Diazinon,RF-0123-001-PPP,0.02,True
345,6353212A78964A370C828385D0E6AE29,CZ,CZ,P1020010A,A.01.001054,T134A,K018A,RF-0295-001-PPP,0.01,13.53,LOQ,2011,Methoxychlor,Methoxychlor,Methoxychlor,RF-0295-001-PPP,0.01,True
346,6353212A78964A370C828385D0E6AE29,CZ,CZ,P1020010A,A.01.001054,T134A,K018A,RF-0351-001-PPP,0.02,13.53,LOQ,2011,Profenofos,Profenofos,Profenofos,RF-0351-001-PPP,0.01,True
347,6353212A78964A370C828385D0E6AE29,CZ,CZ,P1020010A,A.01.001054,T134A,K018A,RF-0156-001-PPP,0.001,13.53,LOQ,2011,Endrin (sum),Endrin,Endrin,RF-0156-001-PPP,0.0008,True
348,D2E780B198C7D6A84A10780D1E28E822,CZ,CZ,P1020010A,A.01.000953,T134A,K018A,RF-0263-001-PPP,0.001,-1.0,LOQ,2011,Lindane,Lindane,Lindane (Gamma-isomer of hexachlorocyclohexane (HCH)),RF-0263-001-PPP,0.01,True
349,D2E780B198C7D6A84A10780D1E28E822,CZ,CZ,P1020010A,A.01.000953,T134A,K018A,RF-0432-001-PPP,0.01,-1.0,LOQ,2011,Triazophos,Triazophos,Triazophos,RF-0432-001-PPP,0.01,True
350,D2E780B198C7D6A84A10780D1E28E822,CZ,CZ,P1020010A,A.01.000953,T134A,K018A,RF-0119-001-PPP,0.001,-1.0,LOQ,2011,DDT (sum),DDT (sum),"DDT (sum of p,p'-DDT, o,p'-DDT, p-p'-DDE and p,p'-TDE (DDD) expressed as DDT)",RF-0119-001-PPP,0.04,True
351,D2E780B198C7D6A84A10780D1E28E822,CZ,CZ,P1020010A,A.01.000953,T134A,K018A,RF-0238-001-PPP,0.001,-1.0,LOQ,2011,HCH-alpha,HCH-alpha,"Hexachlorocyclohexane (HCH), alpha-isomer",RF-0238-001-PPP,0.01,True
352,D2E780B198C7D6A84A10780D1E28E822,CZ,CZ,P1020010A,A.01.000953,T134A,K018A,RF-0406-001-PPP,0.03,-1.0,LOQ,2011,Tecnazene,Tecnazene,Tecnazene,RF-0406-001-PPP,0.01,True
353,D2E780B198C7D6A84A10780D1E28E822,CZ,CZ,P1020010A,A.01.000953,T134A,K018A,RF-0155-001-PPP,0.001,-1.0,LOQ,2011,Endosulfan (sum),Endosulfan (sum),Endosulfan (sum of alpha- and beta-isomers and endosulfan-sulphate expresses as endosulfan),RF-0155-001-PPP,0.05,True
354,D2E780B198C7D6A84A10780D1E28E822,CZ,CZ,P1020010A,A.01.000953,T134A,K018A,RF-0011-001-PPP,0.005,-1.0,LOQ,2011,Abamectin (sum),Abamectin (sum),"Abamectin (sum of Avermectin B1a, Avermectin B1b and delta-8,9 isomer of Avermectin B1a)",RF-0011-001-PPP,0.01,True
355,6353212A78964A370C828385D0E6AE29,CZ,CZ,P1020010A,A.01.001054,T134A,K018A,RF-0690-002-PPP,0.005,13.53,LOQ,2011,Fenvalerate/Esfenvalerate (sum),Fenvalerate,Fenvalerate,RF-0690-002-PPP,0.04,True
356,6353212A78964A370C828385D0E6AE29,CZ,CZ,P1020010A,A.01.001054,T134A,K018A,RF-0385-001-PPP,0.01,13.53,LOQ,2011,Resmethrin (sum),Resmethrin (sum),Resmethrin (resmethrin including other mixtures of consituent isomers (sum of isomers)),RF-0385-001-PPP,0.02,True
357,6353212A78964A370C828385D0E6AE29,CZ,CZ,P1020010A,A.01.001054,T134A,K018A,RF-0383-002-PPP,0.01,13.53,LOQ,2011,Quintozene (sum),Quintozene,Quintozene,RF-0383-002-PPP,0.01,True
358,6353212A78964A370C828385D0E6AE29,CZ,CZ,P1020010A,A.01.001054,T134A,K018A,RF-0088-001-PPP,0.004,13.53,LOQ,2011,Chlorpyrifos-methyl,Chlorpyrifos-methyl,Chlorpyrifos-methyl,RF-0088-001-PPP,0.01,True
359,6353212A78964A370C828385D0E6AE29,CZ,CZ,P1020010A,A.01.001054,T134A,K018A,RF-0112-001-PPP,0.01,13.53,LOQ,2011,Cypermethrin (sum),Cypermethrin (sum),Cypermethrin (Cypermethrin including other mixtures of constituent isomers (sum of isomers)),RF-0112-001-PPP,0.05,True
360,6353212A78964A370C828385D0E6AE29,CZ,CZ,P1020010A,A.01.001054,T134A,K018A,RF-0120-001-PPP,0.007,13.53,LOQ,2011,Deltamethrin,Deltamethrin,Deltamethrin (cis-deltamethrin),RF-0120-001-PPP,0.05,True
361,6353212A78964A370C828385D0E6AE29,CZ,CZ,P1020010A,A.01.001054,T134A,K018A,RF-0290-001-PPP,0.02,13.53,LOQ,2011,Methidathion,Methidathion,Methidathion,RF-0290-001-PPP,0.02,True
362,6353212A78964A370C828385D0E6AE29,CZ,CZ,P1020010A,A.01.001054,T134A,K018A,RF-0373-001-PPP,0.02,13.53,LOQ,2011,Pyrazophos,Pyrazophos,Pyrazophos,RF-0373-001-PPP,0.01,True
363,6353212A78964A370C828385D0E6AE29,CZ,CZ,P1020010A,A.01.001054,T134A,K018A,RF-0046-001-PPP,0.005,13.53,LOQ,2011,Bifenthrin (sum),Bifenthrin (sum),Bifenthrin (sum of isomers),RF-0046-001-PPP,0.2,True
364,6353212A78964A370C828385D0E6AE29,CZ,CZ,P1020010A,A.01.001054,T134A,K018A,RF-0236-004-PPP,0.001,13.53,LOQ,2011,Heptachlor (sum),Heptachlor,Heptachlor,RF-0236-004-PPP,0.004,True
365,DCC5A193E0243FC0FCF7D5AC453A56B1,CZ,CZ,P1020010A,A.01.000953,T134A,K018A,RF-0032-001-PPP,0.01,-1.0,LOQ,2011,Azinphos-ethyl,Azinphos-ethyl,Azinphos-ethyl,RF-0032-001-PPP,0.01,True
366,DCC5A193E0243FC0FCF7D5AC453A56B1,CZ,CZ,P1020010A,A.01.000953,T134A,K018A,RF-0263-001-PPP,0.001,-1.0,LOQ,2011,Lindane,Lindane,Lindane (Gamma-isomer of hexachlorocyclohexane (HCH)),RF-0263-001-PPP,0.01,True
367,DCC5A193E0243FC0FCF7D5AC453A56B1,CZ,CZ,P1020010A,A.01.000953,T134A,K018A,RF-0059-001-PPP,0.002,-1.0,LOQ,2011,Camphechlor (sum),Toxaphene,Camphechlor (Toxaphene),RF-0059-001-PPP,0.01,True
368,DCC5A193E0243FC0FCF7D5AC453A56B1,CZ,CZ,P1020010A,A.01.000953,T134A,K018A,RF-0432-001-PPP,0.01,-1.0,LOQ,2011,Triazophos,Triazophos,Triazophos,RF-0432-001-PPP,0.01,True
369,DCC5A193E0243FC0FCF7D5AC453A56B1,CZ,CZ,P1020010A,A.01.000953,T134A,K018A,RF-0119-001-PPP,0.001,-1.0,LOQ,2011,DDT (sum),DDT (sum),"DDT (sum of p,p'-DDT, o,p'-DDT, p-p'-DDE and p,p'-TDE (DDD) expressed as DDT)",RF-0119-001-PPP,0.04,True
370,DCC5A193E0243FC0FCF7D5AC453A56B1,CZ,CZ,P1020010A,A.01.000953,T134A,K018A,RF-0238-001-PPP,0.001,-1.0,LOQ,2011,HCH-alpha,HCH-alpha,"Hexachlorocyclohexane (HCH), alpha-isomer",RF-0238-001-PPP,0.01,True
371,DCC5A193E0243FC0FCF7D5AC453A56B1,CZ,CZ,P1020010A,A.01.000953,T134A,K018A,RF-0406-001-PPP,0.03,-1.0,LOQ,2011,Tecnazene,Tecnazene,Tecnazene,RF-0406-001-PPP,0.01,True
372,D2E780B198C7D6A84A10780D1E28E822,CZ,CZ,P1020010A,A.01.000953,T134A,K018A,RF-0108-003-PPP,0.005,-1.0,LOQ,2011,Cyfluthrin (sum),Cyfluthrin,Cyfluthrin,RF-0108-003-PPP,0.02,True
373,D2E780B198C7D6A84A10780D1E28E822,CZ,CZ,P1020010A,A.01.000953,T134A,K018A,RF-0075-002-PPP,0.001,-1.0,LOQ,2011,Chlordane (sum),Chlordane,Chlordane,RF-0075-002-PPP,0.002,True
374,D2E780B198C7D6A84A10780D1E28E822,CZ,CZ,P1020010A,A.01.000953,T134A,K018A,RF-0237-001-PPP,0.001,-1.0,LOQ,2011,Hexachlorobenzene,Hexachlorobenzene,Hexachlorobenzene,RF-0237-001-PPP,0.005,True
375,D2E780B198C7D6A84A10780D1E28E822,CZ,CZ,P1020010A,A.01.000953,T134A,K018A,RF-0187-006-PPP,0.01,-1.0,LOQ,2011,Fenthion (sum),Fenthion,Fenthion,RF-0187-006-PPP,0.01,True
376,D2E780B198C7D6A84A10780D1E28E822,CZ,CZ,P1020010A,A.01.000953,T134A,K018A,RF-0842-001-PPP,0.01,-1.0,LOQ,2011,Permethrin (sum),Permethrin (sum),Permethrin (sum of isomers),RF-0842-001-PPP,0.0,True
377,D2E780B198C7D6A84A10780D1E28E822,CZ,CZ,P1020010A,A.01.000953,T134A,K018A,RF-0239-002-PPP,0.001,-1.0,LOQ,2011,HCH-beta,HCH-beta,"Hexachlorocyclohexane (HCH), beta-isomer",RF-0239-002-PPP,0.01,True
378,D2E780B198C7D6A84A10780D1E28E822,CZ,CZ,P1020010A,A.01.000953,T134A,K018A,RF-0348-001-PPP,0.003,-1.0,LOQ,2011,Pirimiphos-methyl (sum),Pirimiphos-methyl,Pirimiphos-methyl,RF-0348-001-PPP,0.01,True
379,D2E780B198C7D6A84A10780D1E28E822,CZ,CZ,P1020010A,A.01.000953,T134A,K018A,RF-0021-003-PPP,0.001,-1.0,LOQ,2011,Dieldrin (sum),Dieldrin (sum),Dieldrin,RF-0021-003-PPP,0.006,True
380,D2E780B198C7D6A84A10780D1E28E822,CZ,CZ,P1020010A,A.01.000953,T134A,K018A,RF-0123-001-PPP,0.003,-1.0,LOQ,2011,Diazinon,Diazinon,Diazinon,RF-0123-001-PPP,0.02,True
381,D2E780B198C7D6A84A10780D1E28E822,CZ,CZ,P1020010A,A.01.000953,T134A,K018A,RF-0295-001-PPP,0.01,-1.0,LOQ,2011,Methoxychlor,Methoxychlor,Methoxychlor,RF-0295-001-PPP,0.01,True
382,D2E780B198C7D6A84A10780D1E28E822,CZ,CZ,P1020010A,A.01.000953,T134A,K018A,RF-0156-001-PPP,0.0002,-1.0,LOQ,2011,Endrin (sum),Endrin,Endrin,RF-0156-001-PPP,0.0008,True
383,6353212A78964A370C828385D0E6AE29,CZ,CZ,P1020010A,A.01.001054,T134A,K018A,RF-0087-001-PPP,0.002,13.53,LOQ,2011,Chlorpyrifos,Chlorpyrifos,Chlorpyrifos,RF-0087-001-PPP,0.01,True
384,6353212A78964A370C828385D0E6AE29,CZ,CZ,P1020010A,A.01.001054,T134A,K018A,RF-0328-003-PPP,0.02,13.53,LOQ,2011,Parathion-methyl (sum),Parathion-methyl (sum),Parathion-methyl,RF-0328-003-PPP,0.01,True
385,6353212A78964A370C828385D0E6AE29,CZ,CZ,P1020010A,A.01.001054,T134A,K018A,RF-0082-001-PPP,0.03,13.53,LOQ,2011,Chlorobenzilate,Chlorobenzilate,Chlorobenzilate,RF-0082-001-PPP,0.1,True
386,9C546FD6EEF9033680D7D88C330AF075,CZ,CZ,P1020010A,A.01.001029,T134A,K018A,RF-0032-001-PPP,0.01,3.8,LOQ,2011,Azinphos-ethyl,Azinphos-ethyl,Azinphos-ethyl,RF-0032-001-PPP,0.01,True
387,6353212A78964A370C828385D0E6AE29,CZ,CZ,P1020010A,A.01.001054,T134A,K018A,RF-0327-001-PPP,0.02,13.53,LOQ,2011,Parathion,Parathion,Parathion,RF-0327-001-PPP,0.05,True
388,9C546FD6EEF9033680D7D88C330AF075,CZ,CZ,P1020010A,A.01.001029,T134A,K018A,RF-0263-001-PPP,0.001,3.8,LOQ,2011,Lindane,Lindane,Lindane (Gamma-isomer of hexachlorocyclohexane (HCH)),RF-0263-001-PPP,0.01,True
389,9C546FD6EEF9033680D7D88C330AF075,CZ,CZ,P1020010A,A.01.001029,T134A,K018A,RF-0059-001-PPP,0.002,3.8,LOQ,2011,Camphechlor (sum),Toxaphene,Camphechlor (Toxaphene),RF-0059-001-PPP,0.01,True
390,9C546FD6EEF9033680D7D88C330AF075,CZ,CZ,P1020010A,A.01.001029,T134A,K018A,RF-0119-001-PPP,0.023,3.8,VAL,2011,DDT (sum),DDT (sum),"DDT (sum of p,p'-DDT, o,p'-DDT, p-p'-DDE and p,p'-TDE (DDD) expressed as DDT)",RF-0119-001-PPP,0.04,True
391,3EB99079B6725C1000987DF2738E6309,CZ,CZ,P1020010A,A.01.001348,T134A,K018A,RF-0032-001-PPP,0.01,82.0,LOQ,2011,Azinphos-ethyl,Azinphos-ethyl,Azinphos-ethyl,RF-0032-001-PPP,0.01,True
392,3EB99079B6725C1000987DF2738E6309,CZ,CZ,P1020010A,A.01.001348,T134A,K018A,RF-0263-001-PPP,0.001,82.0,LOQ,2011,Lindane,Lindane,Lindane (Gamma-isomer of hexachlorocyclohexane (HCH)),RF-0263-001-PPP,0.01,True
393,3EB99079B6725C1000987DF2738E6309,CZ,CZ,P1020010A,A.01.001348,T134A,K018A,RF-0059-001-PPP,0.002,82.0,LOQ,2011,Camphechlor (sum),Toxaphene,Camphechlor (Toxaphene),RF-0059-001-PPP,0.01,True
394,3EB99079B6725C1000987DF2738E6309,CZ,CZ,P1020010A,A.01.001348,T134A,K018A,RF-0432-001-PPP,0.01,82.0,LOQ,2011,Triazophos,Triazophos,Triazophos,RF-0432-001-PPP,0.01,True
395,3EB99079B6725C1000987DF2738E6309,CZ,CZ,P1020010A,A.01.001348,T134A,K018A,RF-0119-001-PPP,0.018,82.0,VAL,2011,DDT (sum),DDT (sum),"DDT (sum of p,p'-DDT, o,p'-DDT, p-p'-DDE and p,p'-TDE (DDD) expressed as DDT)",RF-0119-001-PPP,0.04,True
396,3EB99079B6725C1000987DF2738E6309,CZ,CZ,P1020010A,A.01.001348,T134A,K018A,RF-0406-001-PPP,0.03,82.0,LOQ,2011,Tecnazene,Tecnazene,Tecnazene,RF-0406-001-PPP,0.01,True
397,9C546FD6EEF9033680D7D88C330AF075,CZ,CZ,P1020010A,A.01.001029,T134A,K018A,RF-0406-001-PPP,0.03,3.8,LOQ,2011,Tecnazene,Tecnazene,Tecnazene,RF-0406-001-PPP,0.01,True
398,9C546FD6EEF9033680D7D88C330AF075,CZ,CZ,P1020010A,A.01.001029,T134A,K018A,RF-0432-001-PPP,0.01,3.8,LOQ,2011,Triazophos,Triazophos,Triazophos,RF-0432-001-PPP,0.01,True
399,9C546FD6EEF9033680D7D88C330AF075,CZ,CZ,P1020010A,A.01.001029,T134A,K018A,RF-0011-001-PPP,0.005,3.8,LOQ,2011,Abamectin (sum),Abamectin (sum),"Abamectin (sum of Avermectin B1a, Avermectin B1b and delta-8,9 isomer of Avermectin B1a)",RF-0011-001-PPP,0.01,True
400,9C546FD6EEF9033680D7D88C330AF075,CZ,CZ,P1020010A,A.01.001029,T134A,K018A,RF-0238-001-PPP,0.002,3.8,LOQ,2011,HCH-alpha,HCH-alpha,"Hexachlorocyclohexane (HCH), alpha-isomer",RF-0238-001-PPP,0.01,True
401,9C546FD6EEF9033680D7D88C330AF075,CZ,CZ,P1020010A,A.01.001029,T134A,K018A,RF-0075-002-PPP,0.001,3.8,LOQ,2011,Chlordane (sum),Chlordane,Chlordane,RF-0075-002-PPP,0.002,True
402,9C546FD6EEF9033680D7D88C330AF075,CZ,CZ,P1020010A,A.01.001029,T134A,K018A,RF-0155-001-PPP,0.001,3.8,LOQ,2011,Endosulfan (sum),Endosulfan (sum),Endosulfan (sum of alpha- and beta-isomers and endosulfan-sulphate expresses as endosulfan),RF-0155-001-PPP,0.05,True
403,9C546FD6EEF9033680D7D88C330AF075,CZ,CZ,P1020010A,A.01.001029,T134A,K018A,RF-0187-006-PPP,0.01,3.8,LOQ,2011,Fenthion (sum),Fenthion,Fenthion,RF-0187-006-PPP,0.01,True
404,9C546FD6EEF9033680D7D88C330AF075,CZ,CZ,P1020010A,A.01.001029,T134A,K018A,RF-0108-003-PPP,0.005,3.8,LOQ,2011,Cyfluthrin (sum),Cyfluthrin,Cyfluthrin,RF-0108-003-PPP,0.02,True
405,9C546FD6EEF9033680D7D88C330AF075,CZ,CZ,P1020010A,A.01.001029,T134A,K018A,RF-0239-002-PPP,0.002,3.8,LOQ,2011,HCH-beta,HCH-beta,"Hexachlorocyclohexane (HCH), beta-isomer",RF-0239-002-PPP,0.01,True
406,9C546FD6EEF9033680D7D88C330AF075,CZ,CZ,P1020010A,A.01.001029,T134A,K018A,RF-0237-001-PPP,0.012,3.8,VAL,2011,Hexachlorobenzene,Hexachlorobenzene,Hexachlorobenzene,RF-0237-001-PPP,0.005,True
407,9C546FD6EEF9033680D7D88C330AF075,CZ,CZ,P1020010A,A.01.001029,T134A,K018A,RF-0842-001-PPP,0.01,3.8,LOQ,2011,Permethrin (sum),Permethrin (sum),Permethrin (sum of isomers),RF-0842-001-PPP,0.0,True
408,66B8D2FAAFE5920952CB40EED71652F9,CZ,CZ,P1020010A,A.01.001040,T134A,K018A,RF-0059-001-PPP,0.002,1.51,LOQ,2011,Camphechlor (sum),Toxaphene,Camphechlor (Toxaphene),RF-0059-001-PPP,0.01,True
409,66B8D2FAAFE5920952CB40EED71652F9,CZ,CZ,P1020010A,A.01.001040,T134A,K018A,RF-0032-001-PPP,0.01,1.51,LOQ,2011,Azinphos-ethyl,Azinphos-ethyl,Azinphos-ethyl,RF-0032-001-PPP,0.01,True
410,66B8D2FAAFE5920952CB40EED71652F9,CZ,CZ,P1020010A,A.01.001040,T134A,K018A,RF-0263-001-PPP,0.001,1.51,LOQ,2011,Lindane,Lindane,Lindane (Gamma-isomer of hexachlorocyclohexane (HCH)),RF-0263-001-PPP,0.01,True
411,D2E780B198C7D6A84A10780D1E28E822,CZ,CZ,P1020010A,A.01.000953,T134A,K018A,RF-0351-001-PPP,0.02,-1.0,LOQ,2011,Profenofos,Profenofos,Profenofos,RF-0351-001-PPP,0.01,True
412,D2E780B198C7D6A84A10780D1E28E822,CZ,CZ,P1020010A,A.01.000953,T134A,K018A,RF-0690-002-PPP,0.005,-1.0,LOQ,2011,Fenvalerate/Esfenvalerate (sum),Fenvalerate,Fenvalerate,RF-0690-002-PPP,0.04,True
413,D2E780B198C7D6A84A10780D1E28E822,CZ,CZ,P1020010A,A.01.000953,T134A,K018A,RF-0385-001-PPP,0.01,-1.0,LOQ,2011,Resmethrin (sum),Resmethrin (sum),Resmethrin (resmethrin including other mixtures of consituent isomers (sum of isomers)),RF-0385-001-PPP,0.02,True
414,D2E780B198C7D6A84A10780D1E28E822,CZ,CZ,P1020010A,A.01.000953,T134A,K018A,RF-0383-002-PPP,0.01,-1.0,LOQ,2011,Quintozene (sum),Quintozene,Quintozene,RF-0383-002-PPP,0.01,True
415,D2E780B198C7D6A84A10780D1E28E822,CZ,CZ,P1020010A,A.01.000953,T134A,K018A,RF-0088-001-PPP,0.004,-1.0,LOQ,2011,Chlorpyrifos-methyl,Chlorpyrifos-methyl,Chlorpyrifos-methyl,RF-0088-001-PPP,0.01,True
416,D2E780B198C7D6A84A10780D1E28E822,CZ,CZ,P1020010A,A.01.000953,T134A,K018A,RF-0112-001-PPP,0.005,-1.0,LOQ,2011,Cypermethrin (sum),Cypermethrin (sum),Cypermethrin (Cypermethrin including other mixtures of constituent isomers (sum of isomers)),RF-0112-001-PPP,0.05,True
417,D2E780B198C7D6A84A10780D1E28E822,CZ,CZ,P1020010A,A.01.000953,T134A,K018A,RF-0120-001-PPP,0.005,-1.0,LOQ,2011,Deltamethrin,Deltamethrin,Deltamethrin (cis-deltamethrin),RF-0120-001-PPP,0.05,True
418,D2E780B198C7D6A84A10780D1E28E822,CZ,CZ,P1020010A,A.01.000953,T134A,K018A,RF-0290-001-PPP,0.02,-1.0,LOQ,2011,Methidathion,Methidathion,Methidathion,RF-0290-001-PPP,0.02,True
419,D2E780B198C7D6A84A10780D1E28E822,CZ,CZ,P1020010A,A.01.000953,T134A,K018A,RF-0373-001-PPP,0.02,-1.0,LOQ,2011,Pyrazophos,Pyrazophos,Pyrazophos,RF-0373-001-PPP,0.01,True
420,E7DA8F12518246A7D5E11AADCD7EFA3A,CZ,CZ,P1020010A,A.01.000953,T134A,K018A,RF-0032-001-PPP,0.01,-1.0,LOQ,2011,Azinphos-ethyl,Azinphos-ethyl,Azinphos-ethyl,RF-0032-001-PPP,0.01,True
421,E7DA8F12518246A7D5E11AADCD7EFA3A,CZ,CZ,P1020010A,A.01.000953,T134A,K018A,RF-0263-001-PPP,0.001,-1.0,LOQ,2011,Lindane,Lindane,Lindane (Gamma-isomer of hexachlorocyclohexane (HCH)),RF-0263-001-PPP,0.01,True
422,E7DA8F12518246A7D5E11AADCD7EFA3A,CZ,CZ,P1020010A,A.01.000953,T134A,K018A,RF-0059-001-PPP,0.002,-1.0,LOQ,2011,Camphechlor (sum),Toxaphene,Camphechlor (Toxaphene),RF-0059-001-PPP,0.01,True
423,E7DA8F12518246A7D5E11AADCD7EFA3A,CZ,CZ,P1020010A,A.01.000953,T134A,K018A,RF-0119-001-PPP,0.001,-1.0,LOQ,2011,DDT (sum),DDT (sum),"DDT (sum of p,p'-DDT, o,p'-DDT, p-p'-DDE and p,p'-TDE (DDD) expressed as DDT)",RF-0119-001-PPP,0.04,True
424,3EB99079B6725C1000987DF2738E6309,CZ,CZ,P1020010A,A.01.001348,T134A,K018A,RF-0238-001-PPP,0.002,82.0,LOQ,2011,HCH-alpha,HCH-alpha,"Hexachlorocyclohexane (HCH), alpha-isomer",RF-0238-001-PPP,0.01,True
425,3EB99079B6725C1000987DF2738E6309,CZ,CZ,P1020010A,A.01.001348,T134A,K018A,RF-0155-001-PPP,0.001,82.0,LOQ,2011,Endosulfan (sum),Endosulfan (sum),Endosulfan (sum of alpha- and beta-isomers and endosulfan-sulphate expresses as endosulfan),RF-0155-001-PPP,0.05,True
426,3EB99079B6725C1000987DF2738E6309,CZ,CZ,P1020010A,A.01.001348,T134A,K018A,RF-0011-001-PPP,0.005,82.0,LOQ,2011,Abamectin (sum),Abamectin (sum),"Abamectin (sum of Avermectin B1a, Avermectin B1b and delta-8,9 isomer of Avermectin B1a)",RF-0011-001-PPP,0.01,True
427,3EB99079B6725C1000987DF2738E6309,CZ,CZ,P1020010A,A.01.001348,T134A,K018A,RF-0108-003-PPP,0.005,82.0,LOQ,2011,Cyfluthrin (sum),Cyfluthrin,Cyfluthrin,RF-0108-003-PPP,0.02,True
428,3EB99079B6725C1000987DF2738E6309,CZ,CZ,P1020010A,A.01.001348,T134A,K018A,RF-0075-002-PPP,0.001,82.0,LOQ,2011,Chlordane (sum),Chlordane,Chlordane,RF-0075-002-PPP,0.002,True
429,3EB99079B6725C1000987DF2738E6309,CZ,CZ,P1020010A,A.01.001348,T134A,K018A,RF-0187-006-PPP,0.01,82.0,LOQ,2011,Fenthion (sum),Fenthion,Fenthion,RF-0187-006-PPP,0.01,True
430,66B8D2FAAFE5920952CB40EED71652F9,CZ,CZ,P1020010A,A.01.001040,T134A,K018A,RF-0119-001-PPP,0.026,1.51,VAL,2011,DDT (sum),DDT (sum),"DDT (sum of p,p'-DDT, o,p'-DDT, p-p'-DDE and p,p'-TDE (DDD) expressed as DDT)",RF-0119-001-PPP,0.04,True
431,66B8D2FAAFE5920952CB40EED71652F9,CZ,CZ,P1020010A,A.01.001040,T134A,K018A,RF-0406-001-PPP,0.03,1.51,LOQ,2011,Tecnazene,Tecnazene,Tecnazene,RF-0406-001-PPP,0.01,True
432,66B8D2FAAFE5920952CB40EED71652F9,CZ,CZ,P1020010A,A.01.001040,T134A,K018A,RF-0432-001-PPP,0.01,1.51,LOQ,2011,Triazophos,Triazophos,Triazophos,RF-0432-001-PPP,0.01,True
433,66B8D2FAAFE5920952CB40EED71652F9,CZ,CZ,P1020010A,A.01.001040,T134A,K018A,RF-0011-001-PPP,0.005,1.51,LOQ,2011,Abamectin (sum),Abamectin (sum),"Abamectin (sum of Avermectin B1a, Avermectin B1b and delta-8,9 isomer of Avermectin B1a)",RF-0011-001-PPP,0.01,True
434,66B8D2FAAFE5920952CB40EED71652F9,CZ,CZ,P1020010A,A.01.001040,T134A,K018A,RF-0238-001-PPP,0.002,1.51,LOQ,2011,HCH-alpha,HCH-alpha,"Hexachlorocyclohexane (HCH), alpha-isomer",RF-0238-001-PPP,0.01,True
435,66B8D2FAAFE5920952CB40EED71652F9,CZ,CZ,P1020010A,A.01.001040,T134A,K018A,RF-0075-002-PPP,0.001,1.51,LOQ,2011,Chlordane (sum),Chlordane,Chlordane,RF-0075-002-PPP,0.002,True
436,66B8D2FAAFE5920952CB40EED71652F9,CZ,CZ,P1020010A,A.01.001040,T134A,K018A,RF-0155-001-PPP,0.001,1.51,LOQ,2011,Endosulfan (sum),Endosulfan (sum),Endosulfan (sum of alpha- and beta-isomers and endosulfan-sulphate expresses as endosulfan),RF-0155-001-PPP,0.05,True
437,DCC5A193E0243FC0FCF7D5AC453A56B1,CZ,CZ,P1020010A,A.01.000953,T134A,K018A,RF-0155-001-PPP,0.001,-1.0,LOQ,2011,Endosulfan (sum),Endosulfan (sum),Endosulfan (sum of alpha- and beta-isomers and endosulfan-sulphate expresses as endosulfan),RF-0155-001-PPP,0.05,True
438,DCC5A193E0243FC0FCF7D5AC453A56B1,CZ,CZ,P1020010A,A.01.000953,T134A,K018A,RF-0011-001-PPP,0.005,-1.0,LOQ,2011,Abamectin (sum),Abamectin (sum),"Abamectin (sum of Avermectin B1a, Avermectin B1b and delta-8,9 isomer of Avermectin B1a)",RF-0011-001-PPP,0.01,True
439,DCC5A193E0243FC0FCF7D5AC453A56B1,CZ,CZ,P1020010A,A.01.000953,T134A,K018A,RF-0108-003-PPP,0.005,-1.0,LOQ,2011,Cyfluthrin (sum),Cyfluthrin,Cyfluthrin,RF-0108-003-PPP,0.02,True
440,DCC5A193E0243FC0FCF7D5AC453A56B1,CZ,CZ,P1020010A,A.01.000953,T134A,K018A,RF-0075-002-PPP,0.001,-1.0,LOQ,2011,Chlordane (sum),Chlordane,Chlordane,RF-0075-002-PPP,0.002,True
441,DCC5A193E0243FC0FCF7D5AC453A56B1,CZ,CZ,P1020010A,A.01.000953,T134A,K018A,RF-0237-001-PPP,0.001,-1.0,LOQ,2011,Hexachlorobenzene,Hexachlorobenzene,Hexachlorobenzene,RF-0237-001-PPP,0.005,True
442,DCC5A193E0243FC0FCF7D5AC453A56B1,CZ,CZ,P1020010A,A.01.000953,T134A,K018A,RF-0187-006-PPP,0.01,-1.0,LOQ,2011,Fenthion (sum),Fenthion,Fenthion,RF-0187-006-PPP,0.01,True
443,DCC5A193E0243FC0FCF7D5AC453A56B1,CZ,CZ,P1020010A,A.01.000953,T134A,K018A,RF-0239-002-PPP,0.001,-1.0,LOQ,2011,HCH-beta,HCH-beta,"Hexachlorocyclohexane (HCH), beta-isomer",RF-0239-002-PPP,0.01,True
444,D2E780B198C7D6A84A10780D1E28E822,CZ,CZ,P1020010A,A.01.000953,T134A,K018A,RF-0046-001-PPP,0.005,-1.0,LOQ,2011,Bifenthrin (sum),Bifenthrin (sum),Bifenthrin (sum of isomers),RF-0046-001-PPP,0.2,True
445,D2E780B198C7D6A84A10780D1E28E822,CZ,CZ,P1020010A,A.01.000953,T134A,K018A,RF-0236-004-PPP,0.001,-1.0,LOQ,2011,Heptachlor (sum),Heptachlor,Heptachlor,RF-0236-004-PPP,0.004,True
446,D2E780B198C7D6A84A10780D1E28E822,CZ,CZ,P1020010A,A.01.000953,T134A,K018A,RF-0082-001-PPP,0.03,-1.0,LOQ,2011,Chlorobenzilate,Chlorobenzilate,Chlorobenzilate,RF-0082-001-PPP,0.1,True
447,D2E780B198C7D6A84A10780D1E28E822,CZ,CZ,P1020010A,A.01.000953,T134A,K018A,RF-0087-001-PPP,0.002,-1.0,LOQ,2011,Chlorpyrifos,Chlorpyrifos,Chlorpyrifos,RF-0087-001-PPP,0.01,True
448,3EB99079B6725C1000987DF2738E6309,CZ,CZ,P1020010A,A.01.001348,T134A,K018A,RF-0239-002-PPP,0.002,82.0,LOQ,2011,HCH-beta,HCH-beta,"Hexachlorocyclohexane (HCH), beta-isomer",RF-0239-002-PPP,0.01,True
449,3EB99079B6725C1000987DF2738E6309,CZ,CZ,P1020010A,A.01.001348,T134A,K018A,RF-0237-001-PPP,0.011,82.0,VAL,2011,Hexachlorobenzene,Hexachlorobenzene,Hexachlorobenzene,RF-0237-001-PPP,0.005,True
450,3EB99079B6725C1000987DF2738E6309,CZ,CZ,P1020010A,A.01.001348,T134A,K018A,RF-0021-003-PPP,0.001,82.0,LOQ,2011,Dieldrin (sum),Dieldrin (sum),Dieldrin,RF-0021-003-PPP,0.006,True
451,3EB99079B6725C1000987DF2738E6309,CZ,CZ,P1020010A,A.01.001348,T134A,K018A,RF-0842-001-PPP,0.01,82.0,LOQ,2011,Permethrin (sum),Permethrin (sum),Permethrin (sum of isomers),RF-0842-001-PPP,0.0,True
452,9C546FD6EEF9033680D7D88C330AF075,CZ,CZ,P1020010A,A.01.001029,T134A,K018A,RF-0021-003-PPP,0.001,3.8,LOQ,2011,Dieldrin (sum),Dieldrin (sum),Dieldrin,RF-0021-003-PPP,0.006,True
453,9C546FD6EEF9033680D7D88C330AF075,CZ,CZ,P1020010A,A.01.001029,T134A,K018A,RF-0295-001-PPP,0.01,3.8,LOQ,2011,Methoxychlor,Methoxychlor,Methoxychlor,RF-0295-001-PPP,0.01,True
454,9C546FD6EEF9033680D7D88C330AF075,CZ,CZ,P1020010A,A.01.001029,T134A,K018A,RF-0348-001-PPP,0.003,3.8,LOQ,2011,Pirimiphos-methyl (sum),Pirimiphos-methyl,Pirimiphos-methyl,RF-0348-001-PPP,0.01,True
455,9C546FD6EEF9033680D7D88C330AF075,CZ,CZ,P1020010A,A.01.001029,T134A,K018A,RF-0156-001-PPP,0.001,3.8,LOQ,2011,Endrin (sum),Endrin,Endrin,RF-0156-001-PPP,0.0008,True
456,9C546FD6EEF9033680D7D88C330AF075,CZ,CZ,P1020010A,A.01.001029,T134A,K018A,RF-0123-001-PPP,0.003,3.8,LOQ,2011,Diazinon,Diazinon,Diazinon,RF-0123-001-PPP,0.02,True
457,9C546FD6EEF9033680D7D88C330AF075,CZ,CZ,P1020010A,A.01.001029,T134A,K018A,RF-0385-001-PPP,0.01,3.8,LOQ,2011,Resmethrin (sum),Resmethrin (sum),Resmethrin (resmethrin including other mixtures of consituent isomers (sum of isomers)),RF-0385-001-PPP,0.02,True
458,9C546FD6EEF9033680D7D88C330AF075,CZ,CZ,P1020010A,A.01.001029,T134A,K018A,RF-0351-001-PPP,0.02,3.8,LOQ,2011,Profenofos,Profenofos,Profenofos,RF-0351-001-PPP,0.01,True
459,9C546FD6EEF9033680D7D88C330AF075,CZ,CZ,P1020010A,A.01.001029,T134A,K018A,RF-0088-001-PPP,0.004,3.8,LOQ,2011,Chlorpyrifos-methyl,Chlorpyrifos-methyl,Chlorpyrifos-methyl,RF-0088-001-PPP,0.01,True
460,9C546FD6EEF9033680D7D88C330AF075,CZ,CZ,P1020010A,A.01.001029,T134A,K018A,RF-0690-002-PPP,0.005,3.8,LOQ,2011,Fenvalerate/Esfenvalerate (sum),Fenvalerate,Fenvalerate,RF-0690-002-PPP,0.04,True
461,9C546FD6EEF9033680D7D88C330AF075,CZ,CZ,P1020010A,A.01.001029,T134A,K018A,RF-0383-002-PPP,0.01,3.8,LOQ,2011,Quintozene (sum),Quintozene,Quintozene,RF-0383-002-PPP,0.01,True
462,DCC5A193E0243FC0FCF7D5AC453A56B1,CZ,CZ,P1020010A,A.01.000953,T134A,K018A,RF-0021-003-PPP,0.001,-1.0,LOQ,2011,Dieldrin (sum),Dieldrin (sum),Dieldrin,RF-0021-003-PPP,0.006,True
463,DCC5A193E0243FC0FCF7D5AC453A56B1,CZ,CZ,P1020010A,A.01.000953,T134A,K018A,RF-0842-001-PPP,0.01,-1.0,LOQ,2011,Permethrin (sum),Permethrin (sum),Permethrin (sum of isomers),RF-0842-001-PPP,0.0,True
464,DCC5A193E0243FC0FCF7D5AC453A56B1,CZ,CZ,P1020010A,A.01.000953,T134A,K018A,RF-0348-001-PPP,0.003,-1.0,LOQ,2011,Pirimiphos-methyl (sum),Pirimiphos-methyl,Pirimiphos-methyl,RF-0348-001-PPP,0.01,True
465,DCC5A193E0243FC0FCF7D5AC453A56B1,CZ,CZ,P1020010A,A.01.000953,T134A,K018A,RF-0295-001-PPP,0.01,-1.0,LOQ,2011,Methoxychlor,Methoxychlor,Methoxychlor,RF-0295-001-PPP,0.01,True
466,DCC5A193E0243FC0FCF7D5AC453A56B1,CZ,CZ,P1020010A,A.01.000953,T134A,K018A,RF-0123-001-PPP,0.003,-1.0,LOQ,2011,Diazinon,Diazinon,Diazinon,RF-0123-001-PPP,0.02,True
467,D2E780B198C7D6A84A10780D1E28E822,CZ,CZ,P1020010A,A.01.000953,T134A,K018A,RF-0327-001-PPP,0.02,-1.0,LOQ,2011,Parathion,Parathion,Parathion,RF-0327-001-PPP,0.05,True
468,D2E780B198C7D6A84A10780D1E28E822,CZ,CZ,P1020010A,A.01.000953,T134A,K018A,RF-0328-003-PPP,0.02,-1.0,LOQ,2011,Parathion-methyl (sum),Parathion-methyl (sum),Parathion-methyl,RF-0328-003-PPP,0.01,True
469,E7DA8F12518246A7D5E11AADCD7EFA3A,CZ,CZ,P1020010A,A.01.000953,T134A,K018A,RF-0432-001-PPP,0.01,-1.0,LOQ,2011,Triazophos,Triazophos,Triazophos,RF-0432-001-PPP,0.01,True
470,E7DA8F12518246A7D5E11AADCD7EFA3A,CZ,CZ,P1020010A,A.01.000953,T134A,K018A,RF-0238-001-PPP,0.001,-1.0,LOQ,2011,HCH-alpha,HCH-alpha,"Hexachlorocyclohexane (HCH), alpha-isomer",RF-0238-001-PPP,0.01,True
471,E7DA8F12518246A7D5E11AADCD7EFA3A,CZ,CZ,P1020010A,A.01.000953,T134A,K018A,RF-0406-001-PPP,0.03,-1.0,LOQ,2011,Tecnazene,Tecnazene,Tecnazene,RF-0406-001-PPP,0.01,True
472,E7DA8F12518246A7D5E11AADCD7EFA3A,CZ,CZ,P1020010A,A.01.000953,T134A,K018A,RF-0155-001-PPP,0.001,-1.0,LOQ,2011,Endosulfan (sum),Endosulfan (sum),Endosulfan (sum of alpha- and beta-isomers and endosulfan-sulphate expresses as endosulfan),RF-0155-001-PPP,0.05,True
473,E7DA8F12518246A7D5E11AADCD7EFA3A,CZ,CZ,P1020010A,A.01.000953,T134A,K018A,RF-0011-001-PPP,0.005,-1.0,LOQ,2011,Abamectin (sum),Abamectin (sum),"Abamectin (sum of Avermectin B1a, Avermectin B1b and delta-8,9 isomer of Avermectin B1a)",RF-0011-001-PPP,0.01,True
474,E7DA8F12518246A7D5E11AADCD7EFA3A,CZ,CZ,P1020010A,A.01.000953,T134A,K018A,RF-0108-003-PPP,0.005,-1.0,LOQ,2011,Cyfluthrin (sum),Cyfluthrin,Cyfluthrin,RF-0108-003-PPP,0.02,True
475,E7DA8F12518246A7D5E11AADCD7EFA3A,CZ,CZ,P1020010A,A.01.000953,T134A,K018A,RF-0075-002-PPP,0.001,-1.0,LOQ,2011,Chlordane (sum),Chlordane,Chlordane,RF-0075-002-PPP,0.002,True
476,3EB99079B6725C1000987DF2738E6309,CZ,CZ,P1020010A,A.01.001348,T134A,K018A,RF-0295-001-PPP,0.01,82.0,LOQ,2011,Methoxychlor,Methoxychlor,Methoxychlor,RF-0295-001-PPP,0.01,True
477,3EB99079B6725C1000987DF2738E6309,CZ,CZ,P1020010A,A.01.001348,T134A,K018A,RF-0348-001-PPP,0.003,82.0,LOQ,2011,Pirimiphos-methyl (sum),Pirimiphos-methyl,Pirimiphos-methyl,RF-0348-001-PPP,0.01,True
478,3EB99079B6725C1000987DF2738E6309,CZ,CZ,P1020010A,A.01.001348,T134A,K018A,RF-0156-001-PPP,0.001,82.0,LOQ,2011,Endrin (sum),Endrin,Endrin,RF-0156-001-PPP,0.0008,True
479,3EB99079B6725C1000987DF2738E6309,CZ,CZ,P1020010A,A.01.001348,T134A,K018A,RF-0123-001-PPP,0.003,82.0,LOQ,2011,Diazinon,Diazinon,Diazinon,RF-0123-001-PPP,0.02,True
480,3EB99079B6725C1000987DF2738E6309,CZ,CZ,P1020010A,A.01.001348,T134A,K018A,RF-0385-001-PPP,0.01,82.0,LOQ,2011,Resmethrin (sum),Resmethrin (sum),Resmethrin (resmethrin including other mixtures of consituent isomers (sum of isomers)),RF-0385-001-PPP,0.02,True
481,3EB99079B6725C1000987DF2738E6309,CZ,CZ,P1020010A,A.01.001348,T134A,K018A,RF-0351-001-PPP,0.02,82.0,LOQ,2011,Profenofos,Profenofos,Profenofos,RF-0351-001-PPP,0.01,True
482,3EB99079B6725C1000987DF2738E6309,CZ,CZ,P1020010A,A.01.001348,T134A,K018A,RF-0690-002-PPP,0.005,82.0,LOQ,2011,Fenvalerate/Esfenvalerate (sum),Fenvalerate,Fenvalerate,RF-0690-002-PPP,0.04,True
483,C260107091A7F225E48DBAA2747F0120,CZ,CZ,P1020010A,A.01.001348,T134A,K018A,RF-0032-001-PPP,0.01,82.0,LOQ,2011,Azinphos-ethyl,Azinphos-ethyl,Azinphos-ethyl,RF-0032-001-PPP,0.01,True
484,C260107091A7F225E48DBAA2747F0120,CZ,CZ,P1020010A,A.01.001348,T134A,K018A,RF-0263-001-PPP,0.001,82.0,LOQ,2011,Lindane,Lindane,Lindane (Gamma-isomer of hexachlorocyclohexane (HCH)),RF-0263-001-PPP,0.01,True
485,C260107091A7F225E48DBAA2747F0120,CZ,CZ,P1020010A,A.01.001348,T134A,K018A,RF-0059-001-PPP,0.002,82.0,LOQ,2011,Camphechlor (sum),Toxaphene,Camphechlor (Toxaphene),RF-0059-001-PPP,0.01,True
486,C260107091A7F225E48DBAA2747F0120,CZ,CZ,P1020010A,A.01.001348,T134A,K018A,RF-0432-001-PPP,0.01,82.0,LOQ,2011,Triazophos,Triazophos,Triazophos,RF-0432-001-PPP,0.01,True
487,C260107091A7F225E48DBAA2747F0120,CZ,CZ,P1020010A,A.01.001348,T134A,K018A,RF-0119-001-PPP,0.019,82.0,VAL,2011,DDT (sum),DDT (sum),"DDT (sum of p,p'-DDT, o,p'-DDT, p-p'-DDE and p,p'-TDE (DDD) expressed as DDT)",RF-0119-001-PPP,0.04,True
488,C260107091A7F225E48DBAA2747F0120,CZ,CZ,P1020010A,A.01.001348,T134A,K018A,RF-0238-001-PPP,0.002,82.0,LOQ,2011,HCH-alpha,HCH-alpha,"Hexachlorocyclohexane (HCH), alpha-isomer",RF-0238-001-PPP,0.01,True
489,C260107091A7F225E48DBAA2747F0120,CZ,CZ,P1020010A,A.01.001348,T134A,K018A,RF-0406-001-PPP,0.03,82.0,LOQ,2011,Tecnazene,Tecnazene,Tecnazene,RF-0406-001-PPP,0.01,True
490,C260107091A7F225E48DBAA2747F0120,CZ,CZ,P1020010A,A.01.001348,T134A,K018A,RF-0155-001-PPP,0.001,82.0,LOQ,2011,Endosulfan (sum),Endosulfan (sum),Endosulfan (sum of alpha- and beta-isomers and endosulfan-sulphate expresses as endosulfan),RF-0155-001-PPP,0.05,True
491,C260107091A7F225E48DBAA2747F0120,CZ,CZ,P1020010A,A.01.001348,T134A,K018A,RF-0011-001-PPP,0.005,82.0,LOQ,2011,Abamectin (sum),Abamectin (sum),"Abamectin (sum of Avermectin B1a, Avermectin B1b and delta-8,9 isomer of Avermectin B1a)",RF-0011-001-PPP,0.01,True
492,DCC5A193E0243FC0FCF7D5AC453A56B1,CZ,CZ,P1020010A,A.01.000953,T134A,K018A,RF-0351-001-PPP,0.02,-1.0,LOQ,2011,Profenofos,Profenofos,Profenofos,RF-0351-001-PPP,0.01,True
493,DCC5A193E0243FC0FCF7D5AC453A56B1,CZ,CZ,P1020010A,A.01.000953,T134A,K018A,RF-0156-001-PPP,0.0002,-1.0,LOQ,2011,Endrin (sum),Endrin,Endrin,RF-0156-001-PPP,0.0008,True
494,DCC5A193E0243FC0FCF7D5AC453A56B1,CZ,CZ,P1020010A,A.01.000953,T134A,K018A,RF-0690-002-PPP,0.005,-1.0,LOQ,2011,Fenvalerate/Esfenvalerate (sum),Fenvalerate,Fenvalerate,RF-0690-002-PPP,0.04,True
495,DCC5A193E0243FC0FCF7D5AC453A56B1,CZ,CZ,P1020010A,A.01.000953,T134A,K018A,RF-0385-001-PPP,0.01,-1.0,LOQ,2011,Resmethrin (sum),Resmethrin (sum),Resmethrin (resmethrin including other mixtures of consituent isomers (sum of isomers)),RF-0385-001-PPP,0.02,True
496,DCC5A193E0243FC0FCF7D5AC453A56B1,CZ,CZ,P1020010A,A.01.000953,T134A,K018A,RF-0383-002-PPP,0.01,-1.0,LOQ,2011,Quintozene (sum),Quintozene,Quintozene,RF-0383-002-PPP,0.01,True
497,DCC5A193E0243FC0FCF7D5AC453A56B1,CZ,CZ,P1020010A,A.01.000953,T134A,K018A,RF-0088-001-PPP,0.004,-1.0,LOQ,2011,Chlorpyrifos-methyl,Chlorpyrifos-methyl,Chlorpyrifos-methyl,RF-0088-001-PPP,0.01,True
498,DCC5A193E0243FC0FCF7D5AC453A56B1,CZ,CZ,P1020010A,A.01.000953,T134A,K018A,RF-0112-001-PPP,0.005,-1.0,LOQ,2011,Cypermethrin (sum),Cypermethrin (sum),Cypermethrin (Cypermethrin including other mixtures of constituent isomers (sum of isomers)),RF-0112-001-PPP,0.05,True
499,DCC5A193E0243FC0FCF7D5AC453A56B1,CZ,CZ,P1020010A,A.01.000953,T134A,K018A,RF-0120-001-PPP,0.005,-1.0,LOQ,2011,Deltamethrin,Deltamethrin,Deltamethrin (cis-deltamethrin),RF-0120-001-PPP,0.05,True
500,66B8D2FAAFE5920952CB40EED71652F9,CZ,CZ,P1020010A,A.01.001040,T134A,K018A,RF-0187-006-PPP,0.01,1.51,LOQ,2011,Fenthion (sum),Fenthion,Fenthion,RF-0187-006-PPP,0.01,True
501,66B8D2FAAFE5920952CB40EED71652F9,CZ,CZ,P1020010A,A.01.001040,T134A,K018A,RF-0108-003-PPP,0.005,1.51,LOQ,2011,Cyfluthrin (sum),Cyfluthrin,Cyfluthrin,RF-0108-003-PPP,0.02,True
502,66B8D2FAAFE5920952CB40EED71652F9,CZ,CZ,P1020010A,A.01.001040,T134A,K018A,RF-0239-002-PPP,0.002,1.51,LOQ,2011,HCH-beta,HCH-beta,"Hexachlorocyclohexane (HCH), beta-isomer",RF-0239-002-PPP,0.01,True
503,66B8D2FAAFE5920952CB40EED71652F9,CZ,CZ,P1020010A,A.01.001040,T134A,K018A,RF-0237-001-PPP,0.018,1.51,VAL,2011,Hexachlorobenzene,Hexachlorobenzene,Hexachlorobenzene,RF-0237-001-PPP,0.005,True
504,66B8D2FAAFE5920952CB40EED71652F9,CZ,CZ,P1020010A,A.01.001040,T134A,K018A,RF-0021-003-PPP,0.001,1.51,LOQ,2011,Dieldrin (sum),Dieldrin (sum),Dieldrin,RF-0021-003-PPP,0.006,True
505,66B8D2FAAFE5920952CB40EED71652F9,CZ,CZ,P1020010A,A.01.001040,T134A,K018A,RF-0842-001-PPP,0.01,1.51,LOQ,2011,Permethrin (sum),Permethrin (sum),Permethrin (sum of isomers),RF-0842-001-PPP,0.0,True
506,E7DA8F12518246A7D5E11AADCD7EFA3A,CZ,CZ,P1020010A,A.01.000953,T134A,K018A,RF-0237-001-PPP,0.001,-1.0,LOQ,2011,Hexachlorobenzene,Hexachlorobenzene,Hexachlorobenzene,RF-0237-001-PPP,0.005,True
507,E7DA8F12518246A7D5E11AADCD7EFA3A,CZ,CZ,P1020010A,A.01.000953,T134A,K018A,RF-0187-006-PPP,0.01,-1.0,LOQ,2011,Fenthion (sum),Fenthion,Fenthion,RF-0187-006-PPP,0.01,True
508,E7DA8F12518246A7D5E11AADCD7EFA3A,CZ,CZ,P1020010A,A.01.000953,T134A,K018A,RF-0239-002-PPP,0.001,-1.0,LOQ,2011,HCH-beta,HCH-beta,"Hexachlorocyclohexane (HCH), beta-isomer",RF-0239-002-PPP,0.01,True
509,391042BF4AEFC3BB133E1B30F22A12E1,CZ,CZ,P1020010A,A.01.001348,T134A,K018A,RF-0032-001-PPP,0.01,82.0,LOQ,2011,Azinphos-ethyl,Azinphos-ethyl,Azinphos-ethyl,RF-0032-001-PPP,0.01,True
510,391042BF4AEFC3BB133E1B30F22A12E1,CZ,CZ,P1020010A,A.01.001348,T134A,K018A,RF-0263-001-PPP,0.001,82.0,LOQ,2011,Lindane,Lindane,Lindane (Gamma-isomer of hexachlorocyclohexane (HCH)),RF-0263-001-PPP,0.01,True
511,391042BF4AEFC3BB133E1B30F22A12E1,CZ,CZ,P1020010A,A.01.001348,T134A,K018A,RF-0059-001-PPP,0.002,82.0,LOQ,2011,Camphechlor (sum),Toxaphene,Camphechlor (Toxaphene),RF-0059-001-PPP,0.01,True
512,391042BF4AEFC3BB133E1B30F22A12E1,CZ,CZ,P1020010A,A.01.001348,T134A,K018A,RF-0432-001-PPP,0.01,82.0,LOQ,2011,Triazophos,Triazophos,Triazophos,RF-0432-001-PPP,0.01,True
513,391042BF4AEFC3BB133E1B30F22A12E1,CZ,CZ,P1020010A,A.01.001348,T134A,K018A,RF-0119-001-PPP,0.019,82.0,VAL,2011,DDT (sum),DDT (sum),"DDT (sum of p,p'-DDT, o,p'-DDT, p-p'-DDE and p,p'-TDE (DDD) expressed as DDT)",RF-0119-001-PPP,0.04,True
514,3EB99079B6725C1000987DF2738E6309,CZ,CZ,P1020010A,A.01.001348,T134A,K018A,RF-0088-001-PPP,0.004,82.0,LOQ,2011,Chlorpyrifos-methyl,Chlorpyrifos-methyl,Chlorpyrifos-methyl,RF-0088-001-PPP,0.01,True
515,3EB99079B6725C1000987DF2738E6309,CZ,CZ,P1020010A,A.01.001348,T134A,K018A,RF-0120-001-PPP,0.007,82.0,LOQ,2011,Deltamethrin,Deltamethrin,Deltamethrin (cis-deltamethrin),RF-0120-001-PPP,0.05,True
516,3EB99079B6725C1000987DF2738E6309,CZ,CZ,P1020010A,A.01.001348,T134A,K018A,RF-0383-002-PPP,0.01,82.0,LOQ,2011,Quintozene (sum),Quintozene,Quintozene,RF-0383-002-PPP,0.01,True
517,3EB99079B6725C1000987DF2738E6309,CZ,CZ,P1020010A,A.01.001348,T134A,K018A,RF-0373-001-PPP,0.02,82.0,LOQ,2011,Pyrazophos,Pyrazophos,Pyrazophos,RF-0373-001-PPP,0.01,True
518,3EB99079B6725C1000987DF2738E6309,CZ,CZ,P1020010A,A.01.001348,T134A,K018A,RF-0112-001-PPP,0.01,82.0,LOQ,2011,Cypermethrin (sum),Cypermethrin (sum),Cypermethrin (Cypermethrin including other mixtures of constituent isomers (sum of isomers)),RF-0112-001-PPP,0.05,True
519,3EB99079B6725C1000987DF2738E6309,CZ,CZ,P1020010A,A.01.001348,T134A,K018A,RF-0236-004-PPP,0.001,82.0,LOQ,2011,Heptachlor (sum),Heptachlor,Heptachlor,RF-0236-004-PPP,0.004,True
520,3EB99079B6725C1000987DF2738E6309,CZ,CZ,P1020010A,A.01.001348,T134A,K018A,RF-0290-001-PPP,0.02,82.0,LOQ,2011,Methidathion,Methidathion,Methidathion,RF-0290-001-PPP,0.02,True
521,3EB99079B6725C1000987DF2738E6309,CZ,CZ,P1020010A,A.01.001348,T134A,K018A,RF-0087-001-PPP,0.002,82.0,LOQ,2011,Chlorpyrifos,Chlorpyrifos,Chlorpyrifos,RF-0087-001-PPP,0.01,True
522,3EB99079B6725C1000987DF2738E6309,CZ,CZ,P1020010A,A.01.001348,T134A,K018A,RF-0046-001-PPP,0.005,82.0,LOQ,2011,Bifenthrin (sum),Bifenthrin (sum),Bifenthrin (sum of isomers),RF-0046-001-PPP,0.2,True
523,3EB99079B6725C1000987DF2738E6309,CZ,CZ,P1020010A,A.01.001348,T134A,K018A,RF-0328-003-PPP,0.02,82.0,LOQ,2011,Parathion-methyl (sum),Parathion-methyl (sum),Parathion-methyl,RF-0328-003-PPP,0.01,True
524,3EB99079B6725C1000987DF2738E6309,CZ,CZ,P1020010A,A.01.001348,T134A,K018A,RF-0082-001-PPP,0.03,82.0,LOQ,2011,Chlorobenzilate,Chlorobenzilate,Chlorobenzilate,RF-0082-001-PPP,0.1,True
778,7775F82C794CA171641173E8B6BEA7E0,DE,DE,P1020010A,-1,T134A,K005A,RF-0119-001-PPP,0.0032,-1.0,VAL,2011,DDT (sum),DDT (sum),"DDT (sum of p,p'-DDT, o,p'-DDT, p-p'-DDE and p,p'-TDE (DDD) expressed as DDT)",RF-0119-001-PPP,0.04,True
781,11347A1FAFFD9B792681D45CD93F7E16,DE,DE,P1020010A,-1,T134A,K005A,RF-0237-001-PPP,0.003,30.6,VAL,2011,Hexachlorobenzene,Hexachlorobenzene,Hexachlorobenzene,RF-0237-001-PPP,0.005,True
795,11347A1FAFFD9B792681D45CD93F7E16,DE,DE,P1020010A,-1,T134A,K005A,RF-0119-001-PPP,0.007,30.6,VAL,2011,DDT (sum),DDT (sum),"DDT (sum of p,p'-DDT, o,p'-DDT, p-p'-DDE and p,p'-TDE (DDD) expressed as DDT)",RF-0119-001-PPP,0.04,True
908,7775F82C794CA171641173E8B6BEA7E0,DE,DE,P1020010A,-1,T134A,K005A,RF-0239-002-PPP,0.001,-1.0,VAL,2011,HCH-beta,HCH-beta,"Hexachlorocyclohexane (HCH), beta-isomer",RF-0239-002-PPP,0.01,True
1242,4308F3A2EC2B4117C4DE9343FF9A7044,DE,IT,P1020010A,-1,T134A,K005A,RF-0237-001-PPP,0.003,33.4,VAL,2011,Hexachlorobenzene,Hexachlorobenzene,Hexachlorobenzene,RF-0237-001-PPP,0.005,True
1255,71978DE03948F5ABB267DC2EE61E6D8A,DE,DE,P1020010A,-1,T134A,K005A,RF-0237-001-PPP,0.002,34.7,VAL,2011,Hexachlorobenzene,Hexachlorobenzene,Hexachlorobenzene,RF-0237-001-PPP,0.005,True
1263,144A5142D43C2BD369A930743E7E21A4,DE,DE,P1020010A,-1,T134A,K005A,RF-0119-001-PPP,0.001,35.9,VAL,2011,DDT (sum),DDT (sum),"DDT (sum of p,p'-DDT, o,p'-DDT, p-p'-DDE and p,p'-TDE (DDD) expressed as DDT)",RF-0119-001-PPP,0.04,True
1275,85EA5AAC726DCABF4E64C624E6A3BA7B,DE,IT,P1020010A,-1,T134A,K005A,RF-0237-001-PPP,0.004,33.0,VAL,2011,Hexachlorobenzene,Hexachlorobenzene,Hexachlorobenzene,RF-0237-001-PPP,0.005,True
1277,F7A7E7AB53A377155F2D98A0ABA85A34,DE,DE,P1020010A,-1,T134A,K005A,RF-0237-001-PPP,0.003,34.2,VAL,2011,Hexachlorobenzene,Hexachlorobenzene,Hexachlorobenzene,RF-0237-001-PPP,0.005,True
1281,97D20DCA62C17789BBC6E043F1BD7972,DE,IT,P1020010A,-1,T134A,K005A,RF-0237-001-PPP,0.003,33.1,VAL,2011,Hexachlorobenzene,Hexachlorobenzene,Hexachlorobenzene,RF-0237-001-PPP,0.005,True
1286,124B523DAD5E16AF92EBA075A23E1D56,DE,IT,P1020010A,-1,T134A,K005A,RF-0119-001-PPP,0.001,30.8,VAL,2011,DDT (sum),DDT (sum),"DDT (sum of p,p'-DDT, o,p'-DDT, p-p'-DDE and p,p'-TDE (DDD) expressed as DDT)",RF-0119-001-PPP,0.04,True
1289,97D20DCA62C17789BBC6E043F1BD7972,DE,IT,P1020010A,-1,T134A,K005A,RF-0263-001-PPP,0.001,33.1,VAL,2011,Lindane,Lindane,Lindane (Gamma-isomer of hexachlorocyclohexane (HCH)),RF-0263-001-PPP,0.01,True
1299,2141AC9360BDCF69F4BAC20E1C904AFE,DE,IT,P1020010A,-1,T134A,K005A,RF-0119-001-PPP,0.002,30.8,VAL,2011,DDT (sum),DDT (sum),"DDT (sum of p,p'-DDT, o,p'-DDT, p-p'-DDE and p,p'-TDE (DDD) expressed as DDT)",RF-0119-001-PPP,0.04,True
1300,6E78E6CEF0F5D552EA7031E2F91EA598,DE,IT,P1020010A,-1,T134A,K005A,RF-0119-001-PPP,0.002,33.4,VAL,2011,DDT (sum),DDT (sum),"DDT (sum of p,p'-DDT, o,p'-DDT, p-p'-DDE and p,p'-TDE (DDD) expressed as DDT)",RF-0119-001-PPP,0.04,True
1309,F7A7E7AB53A377155F2D98A0ABA85A34,DE,DE,P1020010A,-1,T134A,K005A,RF-0119-001-PPP,0.001,34.2,VAL,2011,DDT (sum),DDT (sum),"DDT (sum of p,p'-DDT, o,p'-DDT, p-p'-DDE and p,p'-TDE (DDD) expressed as DDT)",RF-0119-001-PPP,0.04,True
1325,97D20DCA62C17789BBC6E043F1BD7972,DE,IT,P1020010A,-1,T134A,K005A,RF-0119-001-PPP,0.003,33.1,VAL,2011,DDT (sum),DDT (sum),"DDT (sum of p,p'-DDT, o,p'-DDT, p-p'-DDE and p,p'-TDE (DDD) expressed as DDT)",RF-0119-001-PPP,0.04,True
1366,70DBADA925F9333C6BB9BD56AFD14AA5,DE,IT,P1020010A,-1,T134A,K005A,RF-0119-001-PPP,0.001,28.0,VAL,2011,DDT (sum),DDT (sum),"DDT (sum of p,p'-DDT, o,p'-DDT, p-p'-DDE and p,p'-TDE (DDD) expressed as DDT)",RF-0119-001-PPP,0.04,True
1387,4308F3A2EC2B4117C4DE9343FF9A7044,DE,IT,P1020010A,-1,T134A,K005A,RF-0238-001-PPP,0.003,33.4,VAL,2011,HCH-alpha,HCH-alpha,"Hexachlorocyclohexane (HCH), alpha-isomer",RF-0238-001-PPP,0.01,True
1480,D3174EA08FE40853F782CC3EAF5B787E,DE,DE,P1020010A,-1,T134A,K005A,RF-0119-001-PPP,0.001,32.9,VAL,2011,DDT (sum),DDT (sum),"DDT (sum of p,p'-DDT, o,p'-DDT, p-p'-DDE and p,p'-TDE (DDD) expressed as DDT)",RF-0119-001-PPP,0.04,True
1499,4308F3A2EC2B4117C4DE9343FF9A7044,DE,IT,P1020010A,-1,T134A,K005A,RF-0239-002-PPP,0.002,33.4,VAL,2011,HCH-beta,HCH-beta,"Hexachlorocyclohexane (HCH), beta-isomer",RF-0239-002-PPP,0.01,True
1677,CDBED393C8F4B37A1614377208C046FB,DE,AT,P1020010A,-1,T134A,K005A,RF-0119-001-PPP,0.018398,7.5,VAL,2011,DDT (sum),DDT (sum),"DDT (sum of p,p'-DDT, o,p'-DDT, p-p'-DDE and p,p'-TDE (DDD) expressed as DDT)",RF-0119-001-PPP,0.04,True
1939,3012B9DE0B49E4D491EFAA2BDC52D4D0,DE,DE,P1020010A,-1,T134A,K005A,RF-0237-001-PPP,0.002,28.2,VAL,2011,Hexachlorobenzene,Hexachlorobenzene,Hexachlorobenzene,RF-0237-001-PPP,0.005,True
1993,0C11B146C3D3759084035D8F0251967E,DE,IT,P1020010A,-1,T134A,K005A,RF-0119-001-PPP,0.001,31.7,VAL,2011,DDT (sum),DDT (sum),"DDT (sum of p,p'-DDT, o,p'-DDT, p-p'-DDE and p,p'-TDE (DDD) expressed as DDT)",RF-0119-001-PPP,0.04,True
2005,B24A3094974BBE9A22A28BB862FDEB30,DE,IT,P1020010A,-1,T134A,K005A,RF-0119-001-PPP,0.003,30.4,VAL,2011,DDT (sum),DDT (sum),"DDT (sum of p,p'-DDT, o,p'-DDT, p-p'-DDE and p,p'-TDE (DDD) expressed as DDT)",RF-0119-001-PPP,0.04,True
2013,144A5142D43C2BD369A930743E7E21A4,DE,DE,P1020010A,-1,T134A,K005A,RF-0237-001-PPP,0.003,35.9,VAL,2011,Hexachlorobenzene,Hexachlorobenzene,Hexachlorobenzene,RF-0237-001-PPP,0.005,True
2020,124B523DAD5E16AF92EBA075A23E1D56,DE,IT,P1020010A,-1,T134A,K005A,RF-0237-001-PPP,0.001,30.8,VAL,2011,Hexachlorobenzene,Hexachlorobenzene,Hexachlorobenzene,RF-0237-001-PPP,0.005,True
2039,F5C9EBBCF4BC5EE368099920C921E286,DE,IT,P1020010A,-1,T134A,K005A,RF-0119-001-PPP,0.002,34.9,VAL,2011,DDT (sum),DDT (sum),"DDT (sum of p,p'-DDT, o,p'-DDT, p-p'-DDE and p,p'-TDE (DDD) expressed as DDT)",RF-0119-001-PPP,0.04,True
2074,F5C9EBBCF4BC5EE368099920C921E286,DE,IT,P1020010A,-1,T134A,K005A,RF-0237-001-PPP,0.002,34.9,VAL,2011,Hexachlorobenzene,Hexachlorobenzene,Hexachlorobenzene,RF-0237-001-PPP,0.005,True
2157,6E78E6CEF0F5D552EA7031E2F91EA598,DE,IT,P1020010A,-1,T134A,K005A,RF-0263-001-PPP,0.001,33.4,VAL,2011,Lindane,Lindane,Lindane (Gamma-isomer of hexachlorocyclohexane (HCH)),RF-0263-001-PPP,0.01,True
2206,6E78E6CEF0F5D552EA7031E2F91EA598,DE,IT,P1020010A,-1,T134A,K005A,RF-0238-001-PPP,0.003,33.4,VAL,2011,HCH-alpha,HCH-alpha,"Hexachlorocyclohexane (HCH), alpha-isomer",RF-0238-001-PPP,0.01,True
2211,6E78E6CEF0F5D552EA7031E2F91EA598,DE,IT,P1020010A,-1,T134A,K005A,RF-0239-002-PPP,0.002,33.4,VAL,2011,HCH-beta,HCH-beta,"Hexachlorocyclohexane (HCH), beta-isomer",RF-0239-002-PPP,0.01,True
2215,B24A3094974BBE9A22A28BB862FDEB30,DE,IT,P1020010A,-1,T134A,K005A,RF-0237-001-PPP,0.004,30.4,VAL,2011,Hexachlorobenzene,Hexachlorobenzene,Hexachlorobenzene,RF-0237-001-PPP,0.005,True
2218,70DBADA925F9333C6BB9BD56AFD14AA5,DE,IT,P1020010A,-1,T134A,K005A,RF-0237-001-PPP,0.003,28.0,VAL,2011,Hexachlorobenzene,Hexachlorobenzene,Hexachlorobenzene,RF-0237-001-PPP,0.005,True
2382,4308F3A2EC2B4117C4DE9343FF9A7044,DE,IT,P1020010A,-1,T134A,K005A,RF-0119-001-PPP,0.002,33.4,VAL,2011,DDT (sum),DDT (sum),"DDT (sum of p,p'-DDT, o,p'-DDT, p-p'-DDE and p,p'-TDE (DDD) expressed as DDT)",RF-0119-001-PPP,0.04,True
2512,D0A73D2409CF6AFF6FC864F19CA7538F,DE,IT,P1020010A,-1,T134A,K005A,RF-0237-001-PPP,0.002,21.6,VAL,2011,Hexachlorobenzene,Hexachlorobenzene,Hexachlorobenzene,RF-0237-001-PPP,0.005,True
2555,D3174EA08FE40853F782CC3EAF5B787E,DE,DE,P1020010A,-1,T134A,K005A,RF-0237-001-PPP,0.003,32.9,VAL,2011,Hexachlorobenzene,Hexachlorobenzene,Hexachlorobenzene,RF-0237-001-PPP,0.005,True
2569,4308F3A2EC2B4117C4DE9343FF9A7044,DE,IT,P1020010A,-1,T134A,K005A,RF-0263-001-PPP,0.001,33.4,VAL,2011,Lindane,Lindane,Lindane (Gamma-isomer of hexachlorocyclohexane (HCH)),RF-0263-001-PPP,0.01,True
2595,2141AC9360BDCF69F4BAC20E1C904AFE,DE,IT,P1020010A,-1,T134A,K005A,RF-0237-001-PPP,0.002,30.8,VAL,2011,Hexachlorobenzene,Hexachlorobenzene,Hexachlorobenzene,RF-0237-001-PPP,0.005,True
2630,6B738CC0DCD138FF2E17BA93D7F1BA65,DE,DE,P1020010A,-1,T134A,K005A,RF-0119-001-PPP,0.012377,82.0,VAL,2011,DDT (sum),DDT (sum),"DDT (sum of p,p'-DDT, o,p'-DDT, p-p'-DDE and p,p'-TDE (DDD) expressed as DDT)",RF-0119-001-PPP,0.04,True
2699,7A3BCBCD694292AF90668C717365549B,DE,IT,P1020010A,-1,T134A,K005A,RF-0119-001-PPP,0.004,30.3,VAL,2011,DDT (sum),DDT (sum),"DDT (sum of p,p'-DDT, o,p'-DDT, p-p'-DDE and p,p'-TDE (DDD) expressed as DDT)",RF-0119-001-PPP,0.04,True
2712,7A3BCBCD694292AF90668C717365549B,DE,IT,P1020010A,-1,T134A,K005A,RF-0237-001-PPP,0.003,30.3,VAL,2011,Hexachlorobenzene,Hexachlorobenzene,Hexachlorobenzene,RF-0237-001-PPP,0.005,True
2753,28BB356D0DC96450E1834D4BA47CD61F,DE,IT,P1020010A,-1,T134A,K005A,RF-0119-001-PPP,0.004,28.7,VAL,2011,DDT (sum),DDT (sum),"DDT (sum of p,p'-DDT, o,p'-DDT, p-p'-DDE and p,p'-TDE (DDD) expressed as DDT)",RF-0119-001-PPP,0.04,True
2763,9057C13A775798E3AA3481488A0A5FFF,DE,IT,P1020010A,-1,T134A,K005A,RF-0119-001-PPP,0.001,35.9,VAL,2011,DDT (sum),DDT (sum),"DDT (sum of p,p'-DDT, o,p'-DDT, p-p'-DDE and p,p'-TDE (DDD) expressed as DDT)",RF-0119-001-PPP,0.04,True
2775,9057C13A775798E3AA3481488A0A5FFF,DE,IT,P1020010A,-1,T134A,K005A,RF-0237-001-PPP,0.002,35.9,VAL,2011,Hexachlorobenzene,Hexachlorobenzene,Hexachlorobenzene,RF-0237-001-PPP,0.005,True
2802,0C11B146C3D3759084035D8F0251967E,DE,IT,P1020010A,-1,T134A,K005A,RF-0237-001-PPP,0.003,31.7,VAL,2011,Hexachlorobenzene,Hexachlorobenzene,Hexachlorobenzene,RF-0237-001-PPP,0.005,True
2818,28BB356D0DC96450E1834D4BA47CD61F,DE,IT,P1020010A,-1,T134A,K005A,RF-0237-001-PPP,0.004,28.7,VAL,2011,Hexachlorobenzene,Hexachlorobenzene,Hexachlorobenzene,RF-0237-001-PPP,0.005,True
2827,C1273BDC94186C9A87A4E801FA8BC387,DE,IT,P1020010A,-1,T134A,K005A,RF-0119-001-PPP,0.002,34.0,VAL,2011,DDT (sum),DDT (sum),"DDT (sum of p,p'-DDT, o,p'-DDT, p-p'-DDE and p,p'-TDE (DDD) expressed as DDT)",RF-0119-001-PPP,0.04,True
2831,C1273BDC94186C9A87A4E801FA8BC387,DE,IT,P1020010A,-1,T134A,K005A,RF-0237-001-PPP,0.003,34.0,VAL,2011,Hexachlorobenzene,Hexachlorobenzene,Hexachlorobenzene,RF-0237-001-PPP,0.005,True
2850,613A026BAD5D2FD2CCE83280C477C6ED,DE,DE,P1020010A,-1,T134A,K005A,RF-0237-001-PPP,0.002,22.3,VAL,2011,Hexachlorobenzene,Hexachlorobenzene,Hexachlorobenzene,RF-0237-001-PPP,0.005,True
2859,6E78E6CEF0F5D552EA7031E2F91EA598,DE,IT,P1020010A,-1,T134A,K005A,RF-0237-001-PPP,0.003,33.4,VAL,2011,Hexachlorobenzene,Hexachlorobenzene,Hexachlorobenzene,RF-0237-001-PPP,0.005,True
2871,85EA5AAC726DCABF4E64C624E6A3BA7B,DE,IT,P1020010A,-1,T134A,K005A,RF-0119-001-PPP,0.003,33.0,VAL,2011,DDT (sum),DDT (sum),"DDT (sum of p,p'-DDT, o,p'-DDT, p-p'-DDE and p,p'-TDE (DDD) expressed as DDT)",RF-0119-001-PPP,0.04,True
2967,CD8F1F8E8E6B017727578F1E8638E5B3,DE,DE,P1020010A,-1,T134A,K005A,RF-0119-001-PPP,0.011373,82.0,VAL,2011,DDT (sum),DDT (sum),"DDT (sum of p,p'-DDT, o,p'-DDT, p-p'-DDE and p,p'-TDE (DDD) expressed as DDT)",RF-0119-001-PPP,0.04,True
3046,D0A73D2409CF6AFF6FC864F19CA7538F,DE,IT,P1020010A,-1,T134A,K005A,RF-0119-001-PPP,0.007,21.6,VAL,2011,DDT (sum),DDT (sum),"DDT (sum of p,p'-DDT, o,p'-DDT, p-p'-DDE and p,p'-TDE (DDD) expressed as DDT)",RF-0119-001-PPP,0.04,True
3069,D0A73D2409CF6AFF6FC864F19CA7538F,DE,IT,P1020010A,-1,T134A,K005A,RF-0155-001-PPP,0.001,21.6,VAL,2011,Endosulfan (sum),Endosulfan (sum),Endosulfan (sum of alpha- and beta-isomers and endosulfan-sulphate expresses as endosulfan),RF-0155-001-PPP,0.05,True
3143,613A026BAD5D2FD2CCE83280C477C6ED,DE,DE,P1020010A,-1,T134A,K005A,RF-0119-001-PPP,0.001,22.3,VAL,2011,DDT (sum),DDT (sum),"DDT (sum of p,p'-DDT, o,p'-DDT, p-p'-DDE and p,p'-TDE (DDD) expressed as DDT)",RF-0119-001-PPP,0.04,True
3154,9CDAD18905A8C2AFC33CDDDEB8DE3050,DE,DE,P1020010A,-1,T134A,K005A,RF-0119-001-PPP,0.0046,-1.0,VAL,2011,DDT (sum),DDT (sum),"DDT (sum of p,p'-DDT, o,p'-DDT, p-p'-DDE and p,p'-TDE (DDD) expressed as DDT)",RF-0119-001-PPP,0.04,True
3283,5A6F3CB004C1CCF1C32C4D83B9EE6612,DE,DE,P1020010A,-1,T134A,K005A,RF-0119-001-PPP,0.0034,-1.0,VAL,2011,DDT (sum),DDT (sum),"DDT (sum of p,p'-DDT, o,p'-DDT, p-p'-DDE and p,p'-TDE (DDD) expressed as DDT)",RF-0119-001-PPP,0.04,True
3348,CCDD4CF54680C5FE9B6189FB542AC672,DE,DE,P1020010A,-1,T134A,K005A,RF-0119-001-PPP,0.0036,-1.0,VAL,2011,DDT (sum),DDT (sum),"DDT (sum of p,p'-DDT, o,p'-DDT, p-p'-DDE and p,p'-TDE (DDD) expressed as DDT)",RF-0119-001-PPP,0.04,True
3451,D9FF2204A00AAA3191D46BC53694AC9B,DE,DE,P1020010A,-1,T134A,K005A,RF-0119-001-PPP,0.0023,-1.0,VAL,2011,DDT (sum),DDT (sum),"DDT (sum of p,p'-DDT, o,p'-DDT, p-p'-DDE and p,p'-TDE (DDD) expressed as DDT)",RF-0119-001-PPP,0.04,True
3457,1A7B88BE9366CA8188B50B8A39A75096,DE,DE,P1020010A,-1,T134A,K005A,RF-0119-001-PPP,0.0029,-1.0,VAL,2011,DDT (sum),DDT (sum),"DDT (sum of p,p'-DDT, o,p'-DDT, p-p'-DDE and p,p'-TDE (DDD) expressed as DDT)",RF-0119-001-PPP,0.04,True
3506,B076983B8F342D053D24962AAF37452D,DE,DE,P1020010A,-1,T134A,K005A,RF-0119-001-PPP,0.0017,-1.0,VAL,2011,DDT (sum),DDT (sum),"DDT (sum of p,p'-DDT, o,p'-DDT, p-p'-DDE and p,p'-TDE (DDD) expressed as DDT)",RF-0119-001-PPP,0.04,True
3553,5F68B980DC81506763D8D18967FEAFC2,DE,DE,P1020010A,-1,T134A,K005A,RF-0119-001-PPP,0.003,-1.0,VAL,2011,DDT (sum),DDT (sum),"DDT (sum of p,p'-DDT, o,p'-DDT, p-p'-DDE and p,p'-TDE (DDD) expressed as DDT)",RF-0119-001-PPP,0.04,True
3610,D00A8A9CD3BA6AFDD9E5D038A8FDB514,DE,DE,P1020010A,-1,T134A,K005A,RF-0119-001-PPP,0.004,-1.0,VAL,2011,DDT (sum),DDT (sum),"DDT (sum of p,p'-DDT, o,p'-DDT, p-p'-DDE and p,p'-TDE (DDD) expressed as DDT)",RF-0119-001-PPP,0.04,True
3641,6AB192E90F0D91EC266B5264C75953F3,DE,DE,P1020010A,-1,T134A,K005A,RF-0119-001-PPP,0.0026,-1.0,VAL,2011,DDT (sum),DDT (sum),"DDT (sum of p,p'-DDT, o,p'-DDT, p-p'-DDE and p,p'-TDE (DDD) expressed as DDT)",RF-0119-001-PPP,0.04,True
3645,1660BCBDFB2444E4E3CD90BF184D9E20,DE,DE,P1020010A,-1,T134A,K005A,RF-0119-001-PPP,0.003,-1.0,VAL,2011,DDT (sum),DDT (sum),"DDT (sum of p,p'-DDT, o,p'-DDT, p-p'-DDE and p,p'-TDE (DDD) expressed as DDT)",RF-0119-001-PPP,0.04,True
3906,5F68B980DC81506763D8D18967FEAFC2,DE,DE,P1020010A,-1,T134A,K005A,RF-0237-001-PPP,0.0025,-1.0,VAL,2011,Hexachlorobenzene,Hexachlorobenzene,Hexachlorobenzene,RF-0237-001-PPP,0.005,True
3949,C2B9AC810A7DCDEE8C3F9F8B6BA00A3D,DE,DE,P1020010A,-1,T134A,K005A,RF-0119-001-PPP,0.0025,-1.0,VAL,2011,DDT (sum),DDT (sum),"DDT (sum of p,p'-DDT, o,p'-DDT, p-p'-DDE and p,p'-TDE (DDD) expressed as DDT)",RF-0119-001-PPP,0.04,True
3970,0C03EF4C2BBB7D04AD707E8C29215159,DE,DE,P1020010A,-1,T134A,K005A,RF-0237-001-PPP,0.002,36.0,VAL,2011,Hexachlorobenzene,Hexachlorobenzene,Hexachlorobenzene,RF-0237-001-PPP,0.005,True
3982,49A0F76A785312D6DFDBB3210D23FAEF,DE,DE,P1020010A,-1,T134A,K005A,RF-0237-001-PPP,0.003,10.2,VAL,2011,Hexachlorobenzene,Hexachlorobenzene,Hexachlorobenzene,RF-0237-001-PPP,0.005,True
3993,49A0F76A785312D6DFDBB3210D23FAEF,DE,DE,P1020010A,-1,T134A,K005A,RF-0119-001-PPP,0.021,10.2,VAL,2011,DDT (sum),DDT (sum),"DDT (sum of p,p'-DDT, o,p'-DDT, p-p'-DDE and p,p'-TDE (DDD) expressed as DDT)",RF-0119-001-PPP,0.04,True
3999,0C03EF4C2BBB7D04AD707E8C29215159,DE,DE,P1020010A,-1,T134A,K005A,RF-0119-001-PPP,0.001,36.0,VAL,2011,DDT (sum),DDT (sum),"DDT (sum of p,p'-DDT, o,p'-DDT, p-p'-DDE and p,p'-TDE (DDD) expressed as DDT)",RF-0119-001-PPP,0.04,True
6705,2F849DAB3A8A0182969F205358024590,BE,BE,P1020010A,-1,T134A,K005A,RF-0239-002-PPP,0.01456,4.0,VAL,2011,HCH-beta,HCH-beta,"Hexachlorocyclohexane (HCH), beta-isomer",RF-0239-002-PPP,0.01,True
6751,C3C3FDD411E269D04D12449C61A52E2B,BE,BE,P1020010A,-1,T134A,K005A,RF-0239-002-PPP,0.01175,4.0,VAL,2011,HCH-beta,HCH-beta,"Hexachlorocyclohexane (HCH), beta-isomer",RF-0239-002-PPP,0.01,True
6769,FC91D51109DDCD3960D4A9C656FD2A1D,BE,BE,P1020010A,-1,T134A,K005A,RF-0239-002-PPP,0.01653,4.0,VAL,2011,HCH-beta,HCH-beta,"Hexachlorocyclohexane (HCH), beta-isomer",RF-0239-002-PPP,0.01,True
6786,30FA90D51F2756B47DEE63EE73CE6AF2,BE,BE,P1020010A,-1,T134A,K005A,RF-0239-002-PPP,0.0129,4.0,VAL,2011,HCH-beta,HCH-beta,"Hexachlorocyclohexane (HCH), beta-isomer",RF-0239-002-PPP,0.01,True
6810,D3A57012EDAE47C01931125CA2E4E1D1,BE,BE,P1020010A,-1,T134A,K005A,RF-0239-002-PPP,0.02877,4.0,VAL,2011,HCH-beta,HCH-beta,"Hexachlorocyclohexane (HCH), beta-isomer",RF-0239-002-PPP,0.01,True
6853,96AC9D6D2BD57F8A67BA550997F3A920,BE,BE,P1020010A,-1,T134A,K005A,RF-0236-001-PPP,0.01807,4.0,VAL,2011,Heptachlor (sum),Heptachlor (sum),Heptachlor (sum of heptachlor and heptachlor epoxide expressed as heptachlor),RF-0236-001-PPP,0.004,True
6908,96AC9D6D2BD57F8A67BA550997F3A920,BE,BE,P1020010A,-1,T134A,K005A,RF-0239-002-PPP,0.02057,4.0,VAL,2011,HCH-beta,HCH-beta,"Hexachlorocyclohexane (HCH), beta-isomer",RF-0239-002-PPP,0.01,True
6909,96AC9D6D2BD57F8A67BA550997F3A920,BE,BE,P1020010A,-1,T134A,K005A,RF-0236-005-PPP,0.01807,4.0,VAL,2011,Heptachlor (sum),Heptachlor epoxide,Heptachlor epoxide,RF-0236-005-PPP,0.004,True
6951,3E63DCC9D625C99B26690084184DA140,BE,BE,P1020010A,-1,T134A,K005A,RF-0239-002-PPP,0.01265,4.0,VAL,2011,HCH-beta,HCH-beta,"Hexachlorocyclohexane (HCH), beta-isomer",RF-0239-002-PPP,0.01,True
6969,DEE14AFBAFFFBBB9B4579EA6BFFB2ED1,BE,BE,P1020010A,-1,T134A,K005A,RF-0119-004-PPP,0.01532,4.0,VAL,2011,DDT (sum),"DDD, p,p-","DDD, p,p-",RF-0119-004-PPP,0.04,True
6972,DEE14AFBAFFFBBB9B4579EA6BFFB2ED1,BE,BE,P1020010A,-1,T134A,K005A,RF-0119-001-PPP,0.01532,4.0,VAL,2011,DDT (sum),DDT (sum),"DDT (sum of p,p'-DDT, o,p'-DDT, p-p'-DDE and p,p'-TDE (DDD) expressed as DDT)",RF-0119-001-PPP,0.04,True
7086,D744EE2CE3010DE7452386C940A51DDC,BE,BE,P1020010A,-1,T134A,K005A,RF-0119-001-PPP,0.02388,4.0,VAL,2011,DDT (sum),DDT (sum),"DDT (sum of p,p'-DDT, o,p'-DDT, p-p'-DDE and p,p'-TDE (DDD) expressed as DDT)",RF-0119-001-PPP,0.04,True
7093,D744EE2CE3010DE7452386C940A51DDC,BE,BE,P1020010A,-1,T134A,K005A,RF-0239-002-PPP,0.02882,4.0,VAL,2011,HCH-beta,HCH-beta,"Hexachlorocyclohexane (HCH), beta-isomer",RF-0239-002-PPP,0.01,True
7146,ABD23EF2F59559F62CE48A9C45706F6F,BE,BE,P1020010A,-1,T134A,K005A,RF-0239-002-PPP,0.02,4.0,VAL,2011,HCH-beta,HCH-beta,"Hexachlorocyclohexane (HCH), beta-isomer",RF-0239-002-PPP,0.01,True
7317,48498C039D6CEDDDF9DF0FA0DBEBE95F,BE,BE,P1020010A,-1,T134A,K005A,RF-0239-002-PPP,0.02741,4.0,VAL,2011,HCH-beta,HCH-beta,"Hexachlorocyclohexane (HCH), beta-isomer",RF-0239-002-PPP,0.01,True
7367,06C2C7D3C85305C37B883C9611FE1F76,BE,BE,P1020010A,-1,T134A,K005A,RF-0239-002-PPP,0.016,4.0,VAL,2011,HCH-beta,HCH-beta,"Hexachlorocyclohexane (HCH), beta-isomer",RF-0239-002-PPP,0.01,True
7392,3299D7C76872CC03856B9BB25F1E4CFC,BE,BE,P1020010A,-1,T134A,K005A,RF-0239-002-PPP,0.02878,4.0,VAL,2011,HCH-beta,HCH-beta,"Hexachlorocyclohexane (HCH), beta-isomer",RF-0239-002-PPP,0.01,True
7430,D744EE2CE3010DE7452386C940A51DDC,BE,BE,P1020010A,-1,T134A,K005A,RF-0119-007-PPP,0.02388,4.0,VAL,2011,DDT (sum),"DDE, o,p-","DDE, o,p-",RF-0119-007-PPP,0.04,True
7448,51D645F521DAB9CDF35D0A3D54EAB17B,BE,NL,P1020010A,-1,T134A,K005A,RF-0239-002-PPP,0.031,4.0,VAL,2011,HCH-beta,HCH-beta,"Hexachlorocyclohexane (HCH), beta-isomer",RF-0239-002-PPP,0.01,True
7452,74E91DA03AA07410E8E599BD70ECF2E8,BE,BE,P1020010A,-1,T134A,K005A,RF-0239-002-PPP,0.019,4.0,VAL,2011,HCH-beta,HCH-beta,"Hexachlorocyclohexane (HCH), beta-isomer",RF-0239-002-PPP,0.01,True
8430,840C450C0673D73247B1EC44B6B61FFD,CZ,CZ,P1020010A,A.01.001348,T134A,K018A,RF-0086-003-PPP,0.023,84.48,VAL,2012,Chlorpropham (sum),Chlorpropham,Chlorpropham,RF-0086-003-PPP,0.05,True
8509,5A23628213A678D0F2F16DA1C23DE29B,CZ,CZ,P1020000A,A.01.001053,T134A,K018A,RF-0119-001-PPP,0.004,23.64,VAL,2012,DDT (sum),DDT (sum),"DDT (sum of p,p'-DDT, o,p'-DDT, p-p'-DDE and p,p'-TDE (DDD) expressed as DDT)",RF-0119-001-PPP,0.04,True
8510,44359F79C7384496B34F316DA6D86C2D,CZ,CZ,P1020000A,A.01.001053,T134A,K018A,RF-0119-001-PPP,0.008,25.46,VAL,2012,DDT (sum),DDT (sum),"DDT (sum of p,p'-DDT, o,p'-DDT, p-p'-DDE and p,p'-TDE (DDD) expressed as DDT)",RF-0119-001-PPP,0.04,True
8512,59CA48C33546F3B61E08191E2CD97D68,CZ,CZ,P1020010A,A.01.001348,T134A,K018A,RF-0119-001-PPP,0.008,80.76,VAL,2012,DDT (sum),DDT (sum),"DDT (sum of p,p'-DDT, o,p'-DDT, p-p'-DDE and p,p'-TDE (DDD) expressed as DDT)",RF-0119-001-PPP,0.04,True
8513,423EC16DDAA7AEC394FB7E5EAF69FD4D,CZ,CZ,P1020010A,A.01.001348,T134A,K018A,RF-0119-001-PPP,0.004,82.11,VAL,2012,DDT (sum),DDT (sum),"DDT (sum of p,p'-DDT, o,p'-DDT, p-p'-DDE and p,p'-TDE (DDD) expressed as DDT)",RF-0119-001-PPP,0.04,True
8514,7967B1FE17412F20FD42E6DEAE1CC7CF,CZ,CZ,P1020010A,A.01.001348,T134A,K018A,RF-0119-001-PPP,0.008,82.51,VAL,2012,DDT (sum),DDT (sum),"DDT (sum of p,p'-DDT, o,p'-DDT, p-p'-DDE and p,p'-TDE (DDD) expressed as DDT)",RF-0119-001-PPP,0.04,True
8515,A697B8182870091D4D4E62BE7518F3CC,CZ,CZ,P1020010A,A.01.001348,T134A,K018A,RF-0119-001-PPP,0.007,83.7,VAL,2012,DDT (sum),DDT (sum),"DDT (sum of p,p'-DDT, o,p'-DDT, p-p'-DDE and p,p'-TDE (DDD) expressed as DDT)",RF-0119-001-PPP,0.04,True
8516,0F4D3CBBA6B85A17EA7146E4413826A2,CZ,CZ,P1020010A,A.01.001348,T134A,K018A,RF-0119-001-PPP,0.002,80.81,VAL,2012,DDT (sum),DDT (sum),"DDT (sum of p,p'-DDT, o,p'-DDT, p-p'-DDE and p,p'-TDE (DDD) expressed as DDT)",RF-0119-001-PPP,0.04,True
8517,8ABF544845BD58F9212ED2AC762B63AA,CZ,CZ,P1020010A,A.01.001348,T134A,K018A,RF-0119-001-PPP,0.005,82.75,VAL,2012,DDT (sum),DDT (sum),"DDT (sum of p,p'-DDT, o,p'-DDT, p-p'-DDE and p,p'-TDE (DDD) expressed as DDT)",RF-0119-001-PPP,0.04,True
8518,2094688F59DFB8C75E3ED48C183AC47B,CZ,CZ,P1020010A,A.01.001348,T134A,K018A,RF-0119-001-PPP,0.004,82.11,VAL,2012,DDT (sum),DDT (sum),"DDT (sum of p,p'-DDT, o,p'-DDT, p-p'-DDE and p,p'-TDE (DDD) expressed as DDT)",RF-0119-001-PPP,0.04,True
8519,5DA662643F08FAD8C09DEF755B058C54,CZ,CZ,P1020010A,A.01.001348,T134A,K018A,RF-0119-001-PPP,0.006,77.23,VAL,2012,DDT (sum),DDT (sum),"DDT (sum of p,p'-DDT, o,p'-DDT, p-p'-DDE and p,p'-TDE (DDD) expressed as DDT)",RF-0119-001-PPP,0.04,True
8520,38AC706B545E73DB72942D4DB86C19D0,CZ,CZ,P1020010A,A.01.001348,T134A,K018A,RF-0119-001-PPP,0.005,81.48,VAL,2012,DDT (sum),DDT (sum),"DDT (sum of p,p'-DDT, o,p'-DDT, p-p'-DDE and p,p'-TDE (DDD) expressed as DDT)",RF-0119-001-PPP,0.04,True
8521,04418AED238F72C6DB88D7FF4004DBCE,CZ,CZ,P1020010A,A.01.001348,T134A,K018A,RF-0119-001-PPP,0.005,83.31,VAL,2012,DDT (sum),DDT (sum),"DDT (sum of p,p'-DDT, o,p'-DDT, p-p'-DDE and p,p'-TDE (DDD) expressed as DDT)",RF-0119-001-PPP,0.04,True
8522,0ECFB67D3E84681C0C16C402BE8E0AF8,CZ,CZ,P1020010A,A.01.001348,T134A,K018A,RF-0119-001-PPP,0.004,81.95,VAL,2012,DDT (sum),DDT (sum),"DDT (sum of p,p'-DDT, o,p'-DDT, p-p'-DDE and p,p'-TDE (DDD) expressed as DDT)",RF-0119-001-PPP,0.04,True
8523,9E3FC24FAB394EF1190728B9FF926030,CZ,CZ,P1020010A,A.01.001348,T134A,K018A,RF-0119-001-PPP,0.004,80.67,VAL,2012,DDT (sum),DDT (sum),"DDT (sum of p,p'-DDT, o,p'-DDT, p-p'-DDE and p,p'-TDE (DDD) expressed as DDT)",RF-0119-001-PPP,0.04,True
8524,69441B7C1040017349D0D2EAC9A47636,CZ,CZ,P1020010A,A.01.001348,T134A,K018A,RF-0119-001-PPP,0.003,78.75,VAL,2012,DDT (sum),DDT (sum),"DDT (sum of p,p'-DDT, o,p'-DDT, p-p'-DDE and p,p'-TDE (DDD) expressed as DDT)",RF-0119-001-PPP,0.04,True
8525,840C450C0673D73247B1EC44B6B61FFD,CZ,CZ,P1020010A,A.01.001348,T134A,K018A,RF-0119-001-PPP,0.002,84.48,VAL,2012,DDT (sum),DDT (sum),"DDT (sum of p,p'-DDT, o,p'-DDT, p-p'-DDE and p,p'-TDE (DDD) expressed as DDT)",RF-0119-001-PPP,0.04,True
8526,A5CC6C25340F9C6441A7FED5A33F811B,CZ,CZ,P1020010A,A.01.001348,T134A,K018A,RF-0119-001-PPP,0.005,82.86,VAL,2012,DDT (sum),DDT (sum),"DDT (sum of p,p'-DDT, o,p'-DDT, p-p'-DDE and p,p'-TDE (DDD) expressed as DDT)",RF-0119-001-PPP,0.04,True
8527,31FECE22A7F76026BEDDD21D2907B89A,CZ,CZ,P1020000A,A.01.001053,T134A,K018A,RF-0119-002-PPP,0.001,18.85,VAL,2012,DDT (sum),"DDE, p,p-","DDE, p,p-",RF-0119-002-PPP,0.04,True
8528,44359F79C7384496B34F316DA6D86C2D,CZ,CZ,P1020000A,A.01.001053,T134A,K018A,RF-0119-002-PPP,0.008,25.46,VAL,2012,DDT (sum),"DDE, p,p-","DDE, p,p-",RF-0119-002-PPP,0.04,True
8529,5A23628213A678D0F2F16DA1C23DE29B,CZ,CZ,P1020000A,A.01.001053,T134A,K018A,RF-0119-002-PPP,0.004,23.64,VAL,2012,DDT (sum),"DDE, p,p-","DDE, p,p-",RF-0119-002-PPP,0.04,True
8530,8ABF544845BD58F9212ED2AC762B63AA,CZ,CZ,P1020010A,A.01.001348,T134A,K018A,RF-0119-002-PPP,0.005,82.75,VAL,2012,DDT (sum),"DDE, p,p-","DDE, p,p-",RF-0119-002-PPP,0.04,True
8531,A5CC6C25340F9C6441A7FED5A33F811B,CZ,CZ,P1020010A,A.01.001348,T134A,K018A,RF-0119-002-PPP,0.005,82.86,VAL,2012,DDT (sum),"DDE, p,p-","DDE, p,p-",RF-0119-002-PPP,0.04,True
8532,0F4D3CBBA6B85A17EA7146E4413826A2,CZ,CZ,P1020010A,A.01.001348,T134A,K018A,RF-0119-002-PPP,0.002,80.81,VAL,2012,DDT (sum),"DDE, p,p-","DDE, p,p-",RF-0119-002-PPP,0.04,True
8533,A697B8182870091D4D4E62BE7518F3CC,CZ,CZ,P1020010A,A.01.001348,T134A,K018A,RF-0119-002-PPP,0.007,83.7,VAL,2012,DDT (sum),"DDE, p,p-","DDE, p,p-",RF-0119-002-PPP,0.04,True
8534,59CA48C33546F3B61E08191E2CD97D68,CZ,CZ,P1020010A,A.01.001348,T134A,K018A,RF-0119-002-PPP,0.008,80.76,VAL,2012,DDT (sum),"DDE, p,p-","DDE, p,p-",RF-0119-002-PPP,0.04,True
8535,7967B1FE17412F20FD42E6DEAE1CC7CF,CZ,CZ,P1020010A,A.01.001348,T134A,K018A,RF-0119-002-PPP,0.008,82.51,VAL,2012,DDT (sum),"DDE, p,p-","DDE, p,p-",RF-0119-002-PPP,0.04,True
8536,423EC16DDAA7AEC394FB7E5EAF69FD4D,CZ,CZ,P1020010A,A.01.001348,T134A,K018A,RF-0119-002-PPP,0.004,82.11,VAL,2012,DDT (sum),"DDE, p,p-","DDE, p,p-",RF-0119-002-PPP,0.04,True
8537,840C450C0673D73247B1EC44B6B61FFD,CZ,CZ,P1020010A,A.01.001348,T134A,K018A,RF-0119-002-PPP,0.002,84.48,VAL,2012,DDT (sum),"DDE, p,p-","DDE, p,p-",RF-0119-002-PPP,0.04,True
8538,9E3FC24FAB394EF1190728B9FF926030,CZ,CZ,P1020010A,A.01.001348,T134A,K018A,RF-0119-002-PPP,0.004,80.67,VAL,2012,DDT (sum),"DDE, p,p-","DDE, p,p-",RF-0119-002-PPP,0.04,True
8539,04418AED238F72C6DB88D7FF4004DBCE,CZ,CZ,P1020010A,A.01.001348,T134A,K018A,RF-0119-002-PPP,0.005,83.31,VAL,2012,DDT (sum),"DDE, p,p-","DDE, p,p-",RF-0119-002-PPP,0.04,True
8540,0ECFB67D3E84681C0C16C402BE8E0AF8,CZ,CZ,P1020010A,A.01.001348,T134A,K018A,RF-0119-002-PPP,0.004,81.95,VAL,2012,DDT (sum),"DDE, p,p-","DDE, p,p-",RF-0119-002-PPP,0.04,True
8541,5DA662643F08FAD8C09DEF755B058C54,CZ,CZ,P1020010A,A.01.001348,T134A,K018A,RF-0119-002-PPP,0.006,77.23,VAL,2012,DDT (sum),"DDE, p,p-","DDE, p,p-",RF-0119-002-PPP,0.04,True
8542,38AC706B545E73DB72942D4DB86C19D0,CZ,CZ,P1020010A,A.01.001348,T134A,K018A,RF-0119-002-PPP,0.005,81.48,VAL,2012,DDT (sum),"DDE, p,p-","DDE, p,p-",RF-0119-002-PPP,0.04,True
8543,2094688F59DFB8C75E3ED48C183AC47B,CZ,CZ,P1020010A,A.01.001348,T134A,K018A,RF-0119-002-PPP,0.004,82.11,VAL,2012,DDT (sum),"DDE, p,p-","DDE, p,p-",RF-0119-002-PPP,0.04,True
8544,69441B7C1040017349D0D2EAC9A47636,CZ,CZ,P1020010A,A.01.001348,T134A,K018A,RF-0119-002-PPP,0.003,78.75,VAL,2012,DDT (sum),"DDE, p,p-","DDE, p,p-",RF-0119-002-PPP,0.04,True
8751,423EC16DDAA7AEC394FB7E5EAF69FD4D,CZ,CZ,P1020010A,A.01.001348,T134A,K018A,RF-0171-001-PPP,0.002,82.11,VAL,2012,Famoxadone,Famoxadone,Famoxadone,RF-0171-001-PPP,0.03,True
8887,5A23628213A678D0F2F16DA1C23DE29B,CZ,CZ,P1020000A,A.01.001053,T134A,K018A,RF-0237-001-PPP,0.003,23.64,VAL,2012,Hexachlorobenzene,Hexachlorobenzene,Hexachlorobenzene,RF-0237-001-PPP,0.005,True
8888,44359F79C7384496B34F316DA6D86C2D,CZ,CZ,P1020000A,A.01.001053,T134A,K018A,RF-0237-001-PPP,0.002,25.46,VAL,2012,Hexachlorobenzene,Hexachlorobenzene,Hexachlorobenzene,RF-0237-001-PPP,0.005,True
8889,31FECE22A7F76026BEDDD21D2907B89A,CZ,CZ,P1020000A,A.01.001053,T134A,K018A,RF-0237-001-PPP,0.003,18.85,VAL,2012,Hexachlorobenzene,Hexachlorobenzene,Hexachlorobenzene,RF-0237-001-PPP,0.005,True
8890,8ABF544845BD58F9212ED2AC762B63AA,CZ,CZ,P1020010A,A.01.001348,T134A,K018A,RF-0237-001-PPP,0.002,82.75,VAL,2012,Hexachlorobenzene,Hexachlorobenzene,Hexachlorobenzene,RF-0237-001-PPP,0.005,True
8891,7967B1FE17412F20FD42E6DEAE1CC7CF,CZ,CZ,P1020010A,A.01.001348,T134A,K018A,RF-0237-001-PPP,0.002,82.51,VAL,2012,Hexachlorobenzene,Hexachlorobenzene,Hexachlorobenzene,RF-0237-001-PPP,0.005,True
8892,423EC16DDAA7AEC394FB7E5EAF69FD4D,CZ,CZ,P1020010A,A.01.001348,T134A,K018A,RF-0237-001-PPP,0.004,82.11,VAL,2012,Hexachlorobenzene,Hexachlorobenzene,Hexachlorobenzene,RF-0237-001-PPP,0.005,True
8893,A697B8182870091D4D4E62BE7518F3CC,CZ,CZ,P1020010A,A.01.001348,T134A,K018A,RF-0237-001-PPP,0.003,83.7,VAL,2012,Hexachlorobenzene,Hexachlorobenzene,Hexachlorobenzene,RF-0237-001-PPP,0.005,True
8894,0F4D3CBBA6B85A17EA7146E4413826A2,CZ,CZ,P1020010A,A.01.001348,T134A,K018A,RF-0237-001-PPP,0.001,80.81,VAL,2012,Hexachlorobenzene,Hexachlorobenzene,Hexachlorobenzene,RF-0237-001-PPP,0.005,True
8895,59CA48C33546F3B61E08191E2CD97D68,CZ,CZ,P1020010A,A.01.001348,T134A,K018A,RF-0237-001-PPP,0.003,80.76,VAL,2012,Hexachlorobenzene,Hexachlorobenzene,Hexachlorobenzene,RF-0237-001-PPP,0.005,True
8896,5DA662643F08FAD8C09DEF755B058C54,CZ,CZ,P1020010A,A.01.001348,T134A,K018A,RF-0237-001-PPP,0.002,77.23,VAL,2012,Hexachlorobenzene,Hexachlorobenzene,Hexachlorobenzene,RF-0237-001-PPP,0.005,True
8897,840C450C0673D73247B1EC44B6B61FFD,CZ,CZ,P1020010A,A.01.001348,T134A,K018A,RF-0237-001-PPP,0.003,84.48,VAL,2012,Hexachlorobenzene,Hexachlorobenzene,Hexachlorobenzene,RF-0237-001-PPP,0.005,True
8898,2094688F59DFB8C75E3ED48C183AC47B,CZ,CZ,P1020010A,A.01.001348,T134A,K018A,RF-0237-001-PPP,0.003,82.11,VAL,2012,Hexachlorobenzene,Hexachlorobenzene,Hexachlorobenzene,RF-0237-001-PPP,0.005,True
8899,A5CC6C25340F9C6441A7FED5A33F811B,CZ,CZ,P1020010A,A.01.001348,T134A,K018A,RF-0237-001-PPP,0.003,82.86,VAL,2012,Hexachlorobenzene,Hexachlorobenzene,Hexachlorobenzene,RF-0237-001-PPP,0.005,True
8900,0ECFB67D3E84681C0C16C402BE8E0AF8,CZ,CZ,P1020010A,A.01.001348,T134A,K018A,RF-0237-001-PPP,0.003,81.95,VAL,2012,Hexachlorobenzene,Hexachlorobenzene,Hexachlorobenzene,RF-0237-001-PPP,0.005,True
8901,04418AED238F72C6DB88D7FF4004DBCE,CZ,CZ,P1020010A,A.01.001348,T134A,K018A,RF-0237-001-PPP,0.002,83.31,VAL,2012,Hexachlorobenzene,Hexachlorobenzene,Hexachlorobenzene,RF-0237-001-PPP,0.005,True
8902,38AC706B545E73DB72942D4DB86C19D0,CZ,CZ,P1020010A,A.01.001348,T134A,K018A,RF-0237-001-PPP,0.002,81.48,VAL,2012,Hexachlorobenzene,Hexachlorobenzene,Hexachlorobenzene,RF-0237-001-PPP,0.005,True
8903,9E3FC24FAB394EF1190728B9FF926030,CZ,CZ,P1020010A,A.01.001348,T134A,K018A,RF-0237-001-PPP,0.002,80.67,VAL,2012,Hexachlorobenzene,Hexachlorobenzene,Hexachlorobenzene,RF-0237-001-PPP,0.005,True
8904,69441B7C1040017349D0D2EAC9A47636,CZ,CZ,P1020010A,A.01.001348,T134A,K018A,RF-0237-001-PPP,0.004,78.75,VAL,2012,Hexachlorobenzene,Hexachlorobenzene,Hexachlorobenzene,RF-0237-001-PPP,0.005,True
8950,423EC16DDAA7AEC394FB7E5EAF69FD4D,CZ,CZ,P1020010A,A.01.001348,T134A,K018A,RF-0251-001-PPP,0.003,82.11,VAL,2012,Indoxacarb (sum),Indoxacarb,Indoxacarb (sum of indoxacarb and its R enantiomer),RF-0251-001-PPP,0.01,True
9845,CF9FF3A3098B9FC00B88CF3FDBC0ADC6,DE,DE,P1020010A,-1,T134A,K005A,RF-0102-001-PPP,1.2,-1.0,VAL,2012,Copper compounds,Copper compounds,Copper compounds (copper),RF-0102-001-PPP,2.0,True
9849,98455300A6584C9F6E14B8AEE475CA72,DE,DE,P1020010A,-1,T134A,K005A,RF-0102-001-PPP,0.56,-1.0,VAL,2012,Copper compounds,Copper compounds,Copper compounds (copper),RF-0102-001-PPP,2.0,True
9850,8D3145907200E6D00D3D7CEE2F0D03FF,DE,DE,P1020010A,-1,T134A,K005A,RF-0102-001-PPP,0.18,-1.0,VAL,2012,Copper compounds,Copper compounds,Copper compounds (copper),RF-0102-001-PPP,2.0,True
9851,DA66350D17D362391554A1477234BDEA,DE,DE,P1020010A,-1,T134A,K005A,RF-0102-001-PPP,0.42,-1.0,VAL,2012,Copper compounds,Copper compounds,Copper compounds (copper),RF-0102-001-PPP,2.0,True
9982,35FBA750F09D1E56298F61078E171ADE,DE,IT,P1020010A,-1,T134A,K005A,RF-0119-001-PPP,0.003,34.4,VAL,2012,DDT (sum),DDT (sum),"DDT (sum of p,p'-DDT, o,p'-DDT, p-p'-DDE and p,p'-TDE (DDD) expressed as DDT)",RF-0119-001-PPP,0.04,True
9993,FDB40A1E42AAD66A70E6659718B06AB1,DE,IT,P1020010A,-1,T134A,K005A,RF-0119-001-PPP,0.001,30.2,VAL,2012,DDT (sum),DDT (sum),"DDT (sum of p,p'-DDT, o,p'-DDT, p-p'-DDE and p,p'-TDE (DDD) expressed as DDT)",RF-0119-001-PPP,0.04,True
9994,2603CE782CE13F8582B66C840472DAF6,DE,IT,P1020010A,-1,T134A,K005A,RF-0119-001-PPP,0.003,27.9,VAL,2012,DDT (sum),DDT (sum),"DDT (sum of p,p'-DDT, o,p'-DDT, p-p'-DDE and p,p'-TDE (DDD) expressed as DDT)",RF-0119-001-PPP,0.04,True
9995,FC1BA9521E0AB82015516B6491BB8295,DE,DE,P1020010A,-1,T134A,K005A,RF-0119-001-PPP,0.0009,28.2,VAL,2012,DDT (sum),DDT (sum),"DDT (sum of p,p'-DDT, o,p'-DDT, p-p'-DDE and p,p'-TDE (DDD) expressed as DDT)",RF-0119-001-PPP,0.04,True
9997,F004DB48B0C6B843DDBA93314A27CA80,DE,DE,P1020010A,-1,T134A,K005A,RF-0119-001-PPP,0.0034,-1.0,VAL,2012,DDT (sum),DDT (sum),"DDT (sum of p,p'-DDT, o,p'-DDT, p-p'-DDE and p,p'-TDE (DDD) expressed as DDT)",RF-0119-001-PPP,0.04,True
9998,FF8D2E38132D64CD8BE3FDBC8913B441,DE,DE,P1020010A,-1,T134A,K005A,RF-0119-001-PPP,0.0009,24.7,VAL,2012,DDT (sum),DDT (sum),"DDT (sum of p,p'-DDT, o,p'-DDT, p-p'-DDE and p,p'-TDE (DDD) expressed as DDT)",RF-0119-001-PPP,0.04,True
10000,6BE4D8493FBCCA621AB6139C3A961AAA,DE,DE,P1020010A,-1,T134A,K005A,RF-0119-001-PPP,0.0039,-1.0,VAL,2012,DDT (sum),DDT (sum),"DDT (sum of p,p'-DDT, o,p'-DDT, p-p'-DDE and p,p'-TDE (DDD) expressed as DDT)",RF-0119-001-PPP,0.04,True
10002,D2B95F32B055C6785E9B08559AAA617E,DE,DE,P1020010A,-1,T134A,K005A,RF-0119-001-PPP,0.017,-1.0,VAL,2012,DDT (sum),DDT (sum),"DDT (sum of p,p'-DDT, o,p'-DDT, p-p'-DDE and p,p'-TDE (DDD) expressed as DDT)",RF-0119-001-PPP,0.04,True
10003,AFF6211DE5C7B5E490CF616C3175B148,DE,DE,P1020010A,-1,T134A,K005A,RF-0119-001-PPP,0.0015,-1.0,VAL,2012,DDT (sum),DDT (sum),"DDT (sum of p,p'-DDT, o,p'-DDT, p-p'-DDE and p,p'-TDE (DDD) expressed as DDT)",RF-0119-001-PPP,0.04,True
10004,B4A162C478B62E74B95958312A557541,DE,DE,P1020010A,-1,T134A,K005A,RF-0119-001-PPP,0.0016,-1.0,VAL,2012,DDT (sum),DDT (sum),"DDT (sum of p,p'-DDT, o,p'-DDT, p-p'-DDE and p,p'-TDE (DDD) expressed as DDT)",RF-0119-001-PPP,0.04,True
10005,0CF20F66F82DB644565F2C3BB1874428,DE,DE,P1020010A,-1,T134A,K005A,RF-0119-001-PPP,0.0026,-1.0,VAL,2012,DDT (sum),DDT (sum),"DDT (sum of p,p'-DDT, o,p'-DDT, p-p'-DDE and p,p'-TDE (DDD) expressed as DDT)",RF-0119-001-PPP,0.04,True
10006,629217C67E256D88ECA4D38A6E0454C9,DE,DE,P1020010A,-1,T134A,K005A,RF-0119-001-PPP,0.01,-1.0,VAL,2012,DDT (sum),DDT (sum),"DDT (sum of p,p'-DDT, o,p'-DDT, p-p'-DDE and p,p'-TDE (DDD) expressed as DDT)",RF-0119-001-PPP,0.04,True
10009,3C8582BA2BD4BEB4DC19B7C974A11051,DE,DE,P1020010A,-1,T134A,K005A,RF-0119-001-PPP,0.002,-1.0,VAL,2012,DDT (sum),DDT (sum),"DDT (sum of p,p'-DDT, o,p'-DDT, p-p'-DDE and p,p'-TDE (DDD) expressed as DDT)",RF-0119-001-PPP,0.04,True
10013,584F503C00671F6E934A6AF362825091,DE,IT,P1020010A,-1,T134A,K005A,RF-0119-001-PPP,0.001,35.8,VAL,2012,DDT (sum),DDT (sum),"DDT (sum of p,p'-DDT, o,p'-DDT, p-p'-DDE and p,p'-TDE (DDD) expressed as DDT)",RF-0119-001-PPP,0.04,True
10014,0D7FB02A036B1BA7ED3F4CEE59C928AD,DE,IT,P1020010A,-1,T134A,K005A,RF-0119-001-PPP,0.003,32.4,VAL,2012,DDT (sum),DDT (sum),"DDT (sum of p,p'-DDT, o,p'-DDT, p-p'-DDE and p,p'-TDE (DDD) expressed as DDT)",RF-0119-001-PPP,0.04,True
10015,11C6DF93F9CBDC9254C5072C1C04A67B,DE,IT,P1020010A,-1,T134A,K005A,RF-0119-001-PPP,0.001,31.5,VAL,2012,DDT (sum),DDT (sum),"DDT (sum of p,p'-DDT, o,p'-DDT, p-p'-DDE and p,p'-TDE (DDD) expressed as DDT)",RF-0119-001-PPP,0.04,True
10021,4CF14529AA9309471B70DF91806E1B3F,DE,IT,P1020010A,-1,T134A,K005A,RF-0119-001-PPP,0.001,32.9,VAL,2012,DDT (sum),DDT (sum),"DDT (sum of p,p'-DDT, o,p'-DDT, p-p'-DDE and p,p'-TDE (DDD) expressed as DDT)",RF-0119-001-PPP,0.04,True
10022,9F1EE44EAE297974C8684F19281AB917,DE,IT,P1020010A,-1,T134A,K005A,RF-0119-001-PPP,0.003,32.9,VAL,2012,DDT (sum),DDT (sum),"DDT (sum of p,p'-DDT, o,p'-DDT, p-p'-DDE and p,p'-TDE (DDD) expressed as DDT)",RF-0119-001-PPP,0.04,True
10026,4C4B6615EED66782C26034DA5A266FC2,DE,XX,P1020010A,-1,T134A,K005A,RF-0119-001-PPP,0.006802,-1.0,VAL,2012,DDT (sum),DDT (sum),"DDT (sum of p,p'-DDT, o,p'-DDT, p-p'-DDE and p,p'-TDE (DDD) expressed as DDT)",RF-0119-001-PPP,0.04,True
10027,395626A0B89F735CFF887485E35970F8,DE,IT,P1020010A,-1,T134A,K005A,RF-0119-001-PPP,0.002,27.3,VAL,2012,DDT (sum),DDT (sum),"DDT (sum of p,p'-DDT, o,p'-DDT, p-p'-DDE and p,p'-TDE (DDD) expressed as DDT)",RF-0119-001-PPP,0.04,True
10028,1D1B973911F66A58494A1FF8D429EF9F,DE,IT,P1020010A,-1,T134A,K005A,RF-0119-001-PPP,0.001,39.7,VAL,2012,DDT (sum),DDT (sum),"DDT (sum of p,p'-DDT, o,p'-DDT, p-p'-DDE and p,p'-TDE (DDD) expressed as DDT)",RF-0119-001-PPP,0.04,True
10032,E7A756E3C505158A7E954618214322A1,DE,DE,P1020010A,-1,T134A,K005A,RF-0119-001-PPP,0.002,-1.0,VAL,2012,DDT (sum),DDT (sum),"DDT (sum of p,p'-DDT, o,p'-DDT, p-p'-DDE and p,p'-TDE (DDD) expressed as DDT)",RF-0119-001-PPP,0.04,True
10038,A28BBA5916CFAD30FA1DF89A6C1DC81D,DE,IT,P1020010A,-1,T134A,K005A,RF-0119-001-PPP,0.001,41.1,VAL,2012,DDT (sum),DDT (sum),"DDT (sum of p,p'-DDT, o,p'-DDT, p-p'-DDE and p,p'-TDE (DDD) expressed as DDT)",RF-0119-001-PPP,0.04,True
10039,EF8D9A234593A9F6A56C415A58776C25,DE,IT,P1020010A,-1,T134A,K005A,RF-0119-001-PPP,0.001,35.9,VAL,2012,DDT (sum),DDT (sum),"DDT (sum of p,p'-DDT, o,p'-DDT, p-p'-DDE and p,p'-TDE (DDD) expressed as DDT)",RF-0119-001-PPP,0.04,True
10047,450B88A50FA748E1329CF4EEC59948CC,DE,IT,P1020010A,-1,T134A,K005A,RF-0119-001-PPP,0.003,68.1,VAL,2012,DDT (sum),DDT (sum),"DDT (sum of p,p'-DDT, o,p'-DDT, p-p'-DDE and p,p'-TDE (DDD) expressed as DDT)",RF-0119-001-PPP,0.04,True
10066,55083F5294923EB72C5C67595BEAA977,DE,LT,P1020010A,-1,T134A,K005A,RF-0119-001-PPP,0.002,84.3,VAL,2012,DDT (sum),DDT (sum),"DDT (sum of p,p'-DDT, o,p'-DDT, p-p'-DDE and p,p'-TDE (DDD) expressed as DDT)",RF-0119-001-PPP,0.04,True
10084,D9CBCB69E38E5C3F068957A825A3D5D4,DE,DE,P1020010A,-1,T134A,K005A,RF-0119-001-PPP,0.012,84.2,VAL,2012,DDT (sum),DDT (sum),"DDT (sum of p,p'-DDT, o,p'-DDT, p-p'-DDE and p,p'-TDE (DDD) expressed as DDT)",RF-0119-001-PPP,0.04,True
10086,C19D8A905CD6DF9903A240373503EA04,DE,DE,P1020010A,-1,T134A,K005A,RF-0119-001-PPP,0.003,86.6,VAL,2012,DDT (sum),DDT (sum),"DDT (sum of p,p'-DDT, o,p'-DDT, p-p'-DDE and p,p'-TDE (DDD) expressed as DDT)",RF-0119-001-PPP,0.04,True
10091,654D00D9C2475879A261324AD2BE5509,DE,FR,P1020010A,-1,T134A,K005A,RF-0119-001-PPP,0.001,18.4,VAL,2012,DDT (sum),DDT (sum),"DDT (sum of p,p'-DDT, o,p'-DDT, p-p'-DDE and p,p'-TDE (DDD) expressed as DDT)",RF-0119-001-PPP,0.04,True
10092,1E3C704112C9785FC9806BE31F5AFEE6,DE,DE,P1020010A,-1,T134A,K005A,RF-0119-001-PPP,0.0009,26.4,VAL,2012,DDT (sum),DDT (sum),"DDT (sum of p,p'-DDT, o,p'-DDT, p-p'-DDE and p,p'-TDE (DDD) expressed as DDT)",RF-0119-001-PPP,0.04,True
10093,07663A9E86078F296CE163879466191A,DE,FR,P1020010A,-1,T134A,K005A,RF-0119-001-PPP,0.0007,26.5,VAL,2012,DDT (sum),DDT (sum),"DDT (sum of p,p'-DDT, o,p'-DDT, p-p'-DDE and p,p'-TDE (DDD) expressed as DDT)",RF-0119-001-PPP,0.04,True
10611,BDDE33D499745243B3FFA13DB61068F9,DE,IT,P1020010A,-1,T134A,K005A,RF-0237-001-PPP,0.003,35.0,VAL,2012,Hexachlorobenzene,Hexachlorobenzene,Hexachlorobenzene,RF-0237-001-PPP,0.005,True
10613,2DA85F7C3669B7000A77B40FE1096678,DE,DE,P1020010A,-1,T134A,K005A,RF-0237-001-PPP,0.002,85.2,VAL,2012,Hexachlorobenzene,Hexachlorobenzene,Hexachlorobenzene,RF-0237-001-PPP,0.005,True
10614,15DF19833349729842C68DDA2E0D1A3F,DE,DE,P1020010A,-1,T134A,K005A,RF-0237-001-PPP,0.002,84.1,VAL,2012,Hexachlorobenzene,Hexachlorobenzene,Hexachlorobenzene,RF-0237-001-PPP,0.005,True
10621,35FBA750F09D1E56298F61078E171ADE,DE,IT,P1020010A,-1,T134A,K005A,RF-0237-001-PPP,0.003,34.4,VAL,2012,Hexachlorobenzene,Hexachlorobenzene,Hexachlorobenzene,RF-0237-001-PPP,0.005,True
10622,FC1BA9521E0AB82015516B6491BB8295,DE,DE,P1020010A,-1,T134A,K005A,RF-0237-001-PPP,0.002,28.2,VAL,2012,Hexachlorobenzene,Hexachlorobenzene,Hexachlorobenzene,RF-0237-001-PPP,0.005,True
10624,FF8D2E38132D64CD8BE3FDBC8913B441,DE,DE,P1020010A,-1,T134A,K005A,RF-0237-001-PPP,0.002,24.7,VAL,2012,Hexachlorobenzene,Hexachlorobenzene,Hexachlorobenzene,RF-0237-001-PPP,0.005,True
10625,D2B95F32B055C6785E9B08559AAA617E,DE,DE,P1020010A,-1,T134A,K005A,RF-0237-001-PPP,0.0027,-1.0,VAL,2012,Hexachlorobenzene,Hexachlorobenzene,Hexachlorobenzene,RF-0237-001-PPP,0.005,True
10630,629217C67E256D88ECA4D38A6E0454C9,DE,DE,P1020010A,-1,T134A,K005A,RF-0237-001-PPP,0.004,-1.0,VAL,2012,Hexachlorobenzene,Hexachlorobenzene,Hexachlorobenzene,RF-0237-001-PPP,0.005,True
10632,3085724A9D3B5D9F9CBB3388412318F1,DE,DE,P1020010A,-1,T134A,K005A,RF-0237-001-PPP,0.002,23.4,VAL,2012,Hexachlorobenzene,Hexachlorobenzene,Hexachlorobenzene,RF-0237-001-PPP,0.005,True
10639,4CF14529AA9309471B70DF91806E1B3F,DE,IT,P1020010A,-1,T134A,K005A,RF-0237-001-PPP,0.003,32.9,VAL,2012,Hexachlorobenzene,Hexachlorobenzene,Hexachlorobenzene,RF-0237-001-PPP,0.005,True
10640,584F503C00671F6E934A6AF362825091,DE,IT,P1020010A,-1,T134A,K005A,RF-0237-001-PPP,0.002,35.8,VAL,2012,Hexachlorobenzene,Hexachlorobenzene,Hexachlorobenzene,RF-0237-001-PPP,0.005,True
10641,A28BBA5916CFAD30FA1DF89A6C1DC81D,DE,IT,P1020010A,-1,T134A,K005A,RF-0237-001-PPP,0.003,41.1,VAL,2012,Hexachlorobenzene,Hexachlorobenzene,Hexachlorobenzene,RF-0237-001-PPP,0.005,True
10645,F8627EDA5DAC7615500D304652178D77,DE,IT,P1020010A,-1,T134A,K005A,RF-0237-001-PPP,0.003,41.4,VAL,2012,Hexachlorobenzene,Hexachlorobenzene,Hexachlorobenzene,RF-0237-001-PPP,0.005,True
10648,FDB40A1E42AAD66A70E6659718B06AB1,DE,IT,P1020010A,-1,T134A,K005A,RF-0237-001-PPP,0.003,30.2,VAL,2012,Hexachlorobenzene,Hexachlorobenzene,Hexachlorobenzene,RF-0237-001-PPP,0.005,True
10649,1D1B973911F66A58494A1FF8D429EF9F,DE,IT,P1020010A,-1,T134A,K005A,RF-0237-001-PPP,0.003,39.7,VAL,2012,Hexachlorobenzene,Hexachlorobenzene,Hexachlorobenzene,RF-0237-001-PPP,0.005,True
10651,9F1EE44EAE297974C8684F19281AB917,DE,IT,P1020010A,-1,T134A,K005A,RF-0237-001-PPP,0.003,32.9,VAL,2012,Hexachlorobenzene,Hexachlorobenzene,Hexachlorobenzene,RF-0237-001-PPP,0.005,True
10655,395626A0B89F735CFF887485E35970F8,DE,IT,P1020010A,-1,T134A,K005A,RF-0237-001-PPP,0.001,27.3,VAL,2012,Hexachlorobenzene,Hexachlorobenzene,Hexachlorobenzene,RF-0237-001-PPP,0.005,True
10656,11C6DF93F9CBDC9254C5072C1C04A67B,DE,IT,P1020010A,-1,T134A,K005A,RF-0237-001-PPP,0.003,31.5,VAL,2012,Hexachlorobenzene,Hexachlorobenzene,Hexachlorobenzene,RF-0237-001-PPP,0.005,True
10657,EF8D9A234593A9F6A56C415A58776C25,DE,IT,P1020010A,-1,T134A,K005A,RF-0237-001-PPP,0.002,35.9,VAL,2012,Hexachlorobenzene,Hexachlorobenzene,Hexachlorobenzene,RF-0237-001-PPP,0.005,True
10664,0796C5BFE34EFEBFDCFC163624C51B02,DE,IT,P1020010A,-1,T134A,K005A,RF-0237-001-PPP,0.003,31.5,VAL,2012,Hexachlorobenzene,Hexachlorobenzene,Hexachlorobenzene,RF-0237-001-PPP,0.005,True
10665,2603CE782CE13F8582B66C840472DAF6,DE,IT,P1020010A,-1,T134A,K005A,RF-0237-001-PPP,0.004,27.9,VAL,2012,Hexachlorobenzene,Hexachlorobenzene,Hexachlorobenzene,RF-0237-001-PPP,0.005,True
10666,0D7FB02A036B1BA7ED3F4CEE59C928AD,DE,IT,P1020010A,-1,T134A,K005A,RF-0237-001-PPP,0.003,32.4,VAL,2012,Hexachlorobenzene,Hexachlorobenzene,Hexachlorobenzene,RF-0237-001-PPP,0.005,True
10668,55083F5294923EB72C5C67595BEAA977,DE,LT,P1020010A,-1,T134A,K005A,RF-0237-001-PPP,0.004,84.3,VAL,2012,Hexachlorobenzene,Hexachlorobenzene,Hexachlorobenzene,RF-0237-001-PPP,0.005,True
10669,C19D8A905CD6DF9903A240373503EA04,DE,DE,P1020010A,-1,T134A,K005A,RF-0237-001-PPP,0.002,86.6,VAL,2012,Hexachlorobenzene,Hexachlorobenzene,Hexachlorobenzene,RF-0237-001-PPP,0.005,True
10677,E5072E7E355C70E80CEAD0C3C18A7B5E,DE,IE,P1020010A,-1,T134A,K005A,RF-0237-001-PPP,0.002,83.6,VAL,2012,Hexachlorobenzene,Hexachlorobenzene,Hexachlorobenzene,RF-0237-001-PPP,0.005,True
10683,D9CBCB69E38E5C3F068957A825A3D5D4,DE,DE,P1020010A,-1,T134A,K005A,RF-0237-001-PPP,0.001,84.2,VAL,2012,Hexachlorobenzene,Hexachlorobenzene,Hexachlorobenzene,RF-0237-001-PPP,0.005,True
10710,07663A9E86078F296CE163879466191A,DE,FR,P1020010A,-1,T134A,K005A,RF-0237-001-PPP,0.001,26.5,VAL,2012,Hexachlorobenzene,Hexachlorobenzene,Hexachlorobenzene,RF-0237-001-PPP,0.005,True
10712,450B88A50FA748E1329CF4EEC59948CC,DE,IT,P1020010A,-1,T134A,K005A,RF-0237-001-PPP,0.002,68.1,VAL,2012,Hexachlorobenzene,Hexachlorobenzene,Hexachlorobenzene,RF-0237-001-PPP,0.005,True
10717,5E742F801327AABFABBE5BF3EF75D643,DE,DE,P1020010A,-1,T134A,K005A,RF-0237-001-PPP,0.003,84.2,VAL,2012,Hexachlorobenzene,Hexachlorobenzene,Hexachlorobenzene,RF-0237-001-PPP,0.005,True
10720,1E3C704112C9785FC9806BE31F5AFEE6,DE,DE,P1020010A,-1,T134A,K005A,RF-0237-001-PPP,0.002,26.4,VAL,2012,Hexachlorobenzene,Hexachlorobenzene,Hexachlorobenzene,RF-0237-001-PPP,0.005,True
10871,BDDE33D499745243B3FFA13DB61068F9,DE,IT,P1020010A,-1,T134A,K005A,RF-0239-002-PPP,0.002,35.0,VAL,2012,HCH-beta,HCH-beta,"Hexachlorocyclohexane (HCH), beta-isomer",RF-0239-002-PPP,0.01,True
11127,D2B95F32B055C6785E9B08559AAA617E,DE,DE,P1020010A,-1,T134A,K005A,RF-0277-001-PPP,0.0021,-1.0,VAL,2012,Mercury compounds,Mercury compounds,Mercury compounds (sum of mercury compounds expressed as mercury),RF-0277-001-PPP,0.01,True
11128,0CF20F66F82DB644565F2C3BB1874428,DE,DE,P1020010A,-1,T134A,K005A,RF-0277-001-PPP,0.003,-1.0,VAL,2012,Mercury compounds,Mercury compounds,Mercury compounds (sum of mercury compounds expressed as mercury),RF-0277-001-PPP,0.01,True
11129,629217C67E256D88ECA4D38A6E0454C9,DE,DE,P1020010A,-1,T134A,K005A,RF-0277-001-PPP,0.0024,-1.0,VAL,2012,Mercury compounds,Mercury compounds,Mercury compounds (sum of mercury compounds expressed as mercury),RF-0277-001-PPP,0.01,True
11131,6BE4D8493FBCCA621AB6139C3A961AAA,DE,DE,P1020010A,-1,T134A,K005A,RF-0277-001-PPP,0.0132,-1.0,VAL,2012,Mercury compounds,Mercury compounds,Mercury compounds (sum of mercury compounds expressed as mercury),RF-0277-001-PPP,0.01,True
11132,F004DB48B0C6B843DDBA93314A27CA80,DE,DE,P1020010A,-1,T134A,K005A,RF-0277-001-PPP,0.002,-1.0,VAL,2012,Mercury compounds,Mercury compounds,Mercury compounds (sum of mercury compounds expressed as mercury),RF-0277-001-PPP,0.01,True
11135,CF9FF3A3098B9FC00B88CF3FDBC0ADC6,DE,DE,P1020010A,-1,T134A,K005A,RF-0277-001-PPP,0.004,-1.0,VAL,2012,Mercury compounds,Mercury compounds,Mercury compounds (sum of mercury compounds expressed as mercury),RF-0277-001-PPP,0.01,True
11137,C7F6E47600CBE6FE9618CBEE885298FF,DE,DE,P1020010A,-1,T134A,K005A,RF-0277-001-PPP,0.002,-1.0,VAL,2012,Mercury compounds,Mercury compounds,Mercury compounds (sum of mercury compounds expressed as mercury),RF-0277-001-PPP,0.01,True
11143,98455300A6584C9F6E14B8AEE475CA72,DE,DE,P1020010A,-1,T134A,K005A,RF-0277-001-PPP,0.008,-1.0,VAL,2012,Mercury compounds,Mercury compounds,Mercury compounds (sum of mercury compounds expressed as mercury),RF-0277-001-PPP,0.01,True
12428,FC1BA9521E0AB82015516B6491BB8295,DE,DE,P1020010A,-1,T134A,K005A,RF-1078-002-PPP,0.022,-1.0,VAL,2012,DDAC (mix),DDAC (mix),"Didecyldimethylammonium chloride (mixture of alkyl-quaternary ammonium salts with alkyl chain lengths of C8, C10 and C12)",RF-1078-002-PPP,0.1,True
12429,FF8D2E38132D64CD8BE3FDBC8913B441,DE,DE,P1020010A,-1,T134A,K005A,RF-1078-002-PPP,0.037,-1.0,VAL,2012,DDAC (mix),DDAC (mix),"Didecyldimethylammonium chloride (mixture of alkyl-quaternary ammonium salts with alkyl chain lengths of C8, C10 and C12)",RF-1078-002-PPP,0.1,True
12430,3085724A9D3B5D9F9CBB3388412318F1,DE,DE,P1020010A,-1,T134A,K005A,RF-1078-002-PPP,0.011,-1.0,VAL,2012,DDAC (mix),DDAC (mix),"Didecyldimethylammonium chloride (mixture of alkyl-quaternary ammonium salts with alkyl chain lengths of C8, C10 and C12)",RF-1078-002-PPP,0.1,True
12432,1E3C704112C9785FC9806BE31F5AFEE6,DE,DE,P1020010A,-1,T134A,K005A,RF-1078-002-PPP,0.018,-1.0,VAL,2012,DDAC (mix),DDAC (mix),"Didecyldimethylammonium chloride (mixture of alkyl-quaternary ammonium salts with alkyl chain lengths of C8, C10 and C12)",RF-1078-002-PPP,0.1,True
12433,FC1BA9521E0AB82015516B6491BB8295,DE,DE,P1020010A,-1,T134A,K005A,RF-XXXX-XXX-XXX,0.44,-1.0,VAL,2012,Not in list,Not in list,Not in list,RF-XXXX-XXX-XXX,0.01,True
12434,FF8D2E38132D64CD8BE3FDBC8913B441,DE,DE,P1020010A,-1,T134A,K005A,RF-XXXX-XXX-XXX,0.59,-1.0,VAL,2012,Not in list,Not in list,Not in list,RF-XXXX-XXX-XXX,0.01,True
12435,3085724A9D3B5D9F9CBB3388412318F1,DE,DE,P1020010A,-1,T134A,K005A,RF-XXXX-XXX-XXX,0.81,-1.0,VAL,2012,Not in list,Not in list,Not in list,RF-XXXX-XXX-XXX,0.01,True
12436,1E3C704112C9785FC9806BE31F5AFEE6,DE,DE,P1020010A,-1,T134A,K005A,RF-XXXX-XXX-XXX,1.1,-1.0,VAL,2012,Not in list,Not in list,Not in list,RF-XXXX-XXX-XXX,0.01,True
12437,626D758A62B8705CA8ECD2ED4F8B847B,DE,DE,P1020010A,-1,T134A,K005A,RF-XXXX-XXX-XXX,0.82,-1.0,VAL,2012,Not in list,Not in list,Not in list,RF-XXXX-XXX-XXX,0.01,True
15055,8701C4E83C37F6461F5D93D2D190531B,IE,GB,P1020010A,-1,T134A,K018A,RF-0119-001-PPP,0.023,-1.0,VAL,2012,DDT (sum),DDT (sum),"DDT (sum of p,p'-DDT, o,p'-DDT, p-p'-DDE and p,p'-TDE (DDD) expressed as DDT)",RF-0119-001-PPP,0.04,True
15070,8701C4E83C37F6461F5D93D2D190531B,IE,GB,P1020010A,-1,T134A,K018A,RF-0119-002-PPP,0.023,-1.0,VAL,2012,DDT (sum),"DDE, p,p-","DDE, p,p-",RF-0119-002-PPP,0.04,True
19405,8701C4E83C37F6461F5D93D2D190531B,IE,GB,P1020010A,-1,T134A,K018A,RF-0848-001-PPP,0.03,-1.0,VAL,2012,Piperonyl Butoxide,Piperonyl Butoxide,Piperonyl Butoxide,RF-0848-001-PPP,0.2,True
28826,94A143E5BED3ACFF65F24AF5520FF387,BE,BE,P1020010A,-1,T134A,K005A,RF-0239-002-PPP,0.0227,4.0,VAL,2012,HCH-beta,HCH-beta,"Hexachlorocyclohexane (HCH), beta-isomer",RF-0239-002-PPP,0.01,True
28937,86B2D45D8DB47989665223F50C99BD77,BE,BE,P1020010A,-1,T134A,K005A,RF-XXXX-XXX-XXX,0.078,1.0,VAL,2012,Not in list,Not in list,Not in list,RF-XXXX-XXX-XXX,0.01,True
28953,736224F83E1EAD0B0E947C00B3CF1453,BG,BG,P1020010A,-1,T134A,K018A,RF-0119-001-PPP,0.024,-1.0,VAL,2012,DDT (sum),DDT (sum),"DDT (sum of p,p'-DDT, o,p'-DDT, p-p'-DDE and p,p'-TDE (DDD) expressed as DDT)",RF-0119-001-PPP,0.04,True
28954,25FC9E3E003E7EFB7E3E72E8800604A5,BG,BG,P1020010A,-1,T134A,K018A,RF-0119-001-PPP,0.007,-1.0,VAL,2012,DDT (sum),DDT (sum),"DDT (sum of p,p'-DDT, o,p'-DDT, p-p'-DDE and p,p'-TDE (DDD) expressed as DDT)",RF-0119-001-PPP,0.04,True
28957,F4FA453CE0C9C7A27E69CDAECE06C00E,BG,BG,P1020010A,-1,T134A,K018A,RF-0119-001-PPP,0.02,-1.0,VAL,2012,DDT (sum),DDT (sum),"DDT (sum of p,p'-DDT, o,p'-DDT, p-p'-DDE and p,p'-TDE (DDD) expressed as DDT)",RF-0119-001-PPP,0.04,True
28958,445BCA0AA92C04550C3CE514290C1A91,BG,BG,P1020010A,-1,T134A,K018A,RF-0119-001-PPP,0.005,-1.0,VAL,2012,DDT (sum),DDT (sum),"DDT (sum of p,p'-DDT, o,p'-DDT, p-p'-DDE and p,p'-TDE (DDD) expressed as DDT)",RF-0119-001-PPP,0.04,True
28959,2143150624F20D28EEAB7C751FA2CB73,BG,BG,P1020010A,-1,T134A,K018A,RF-0119-001-PPP,0.012,-1.0,VAL,2012,DDT (sum),DDT (sum),"DDT (sum of p,p'-DDT, o,p'-DDT, p-p'-DDE and p,p'-TDE (DDD) expressed as DDT)",RF-0119-001-PPP,0.04,True
28960,35AD8B04406645D9E0F66509F4D53923,BG,BG,P1020010A,-1,T134A,K018A,RF-0119-001-PPP,0.0008,-1.0,VAL,2012,DDT (sum),DDT (sum),"DDT (sum of p,p'-DDT, o,p'-DDT, p-p'-DDE and p,p'-TDE (DDD) expressed as DDT)",RF-0119-001-PPP,0.04,True
28961,64DC1CD26EE5C321C576D290F8DD9A98,BG,BG,P1020010A,-1,T134A,K018A,RF-0119-001-PPP,0.0054,-1.0,VAL,2012,DDT (sum),DDT (sum),"DDT (sum of p,p'-DDT, o,p'-DDT, p-p'-DDE and p,p'-TDE (DDD) expressed as DDT)",RF-0119-001-PPP,0.04,True
28962,FF476A90524DD00E1EF5B0FE27CD6FD0,BG,BG,P1020010A,-1,T134A,K018A,RF-0119-001-PPP,0.0098,-1.0,VAL,2012,DDT (sum),DDT (sum),"DDT (sum of p,p'-DDT, o,p'-DDT, p-p'-DDE and p,p'-TDE (DDD) expressed as DDT)",RF-0119-001-PPP,0.04,True
28963,0F9CF51CE5B2EC4DFA89A2B718A98C4F,BG,BG,P1020010A,-1,T134A,K018A,RF-0119-001-PPP,0.016,-1.0,VAL,2012,DDT (sum),DDT (sum),"DDT (sum of p,p'-DDT, o,p'-DDT, p-p'-DDE and p,p'-TDE (DDD) expressed as DDT)",RF-0119-001-PPP,0.04,True
28964,A8A1215A90ED7BAC3ADED420C46EE172,BG,BG,P1020010A,-1,T134A,K018A,RF-0119-001-PPP,0.018,-1.0,VAL,2012,DDT (sum),DDT (sum),"DDT (sum of p,p'-DDT, o,p'-DDT, p-p'-DDE and p,p'-TDE (DDD) expressed as DDT)",RF-0119-001-PPP,0.04,True
28965,8F8A7DD3EA8049E8DFE218CE0B9FB2DC,BG,BG,P1020010A,-1,T134A,K018A,RF-0119-001-PPP,0.012,-1.0,VAL,2012,DDT (sum),DDT (sum),"DDT (sum of p,p'-DDT, o,p'-DDT, p-p'-DDE and p,p'-TDE (DDD) expressed as DDT)",RF-0119-001-PPP,0.04,True
29243,5435B783BA1E57CA5BA0D5747F2BB139,EE,EE,P1020010A,-1,T134A,K018A,RF-0119-001-PPP,0.003,-1.0,VAL,2012,DDT (sum),DDT (sum),"DDT (sum of p,p'-DDT, o,p'-DDT, p-p'-DDE and p,p'-TDE (DDD) expressed as DDT)",RF-0119-001-PPP,0.04,True
29245,79783102AF02280AB8231A724BCB3F31,EE,BE,P1020010A,-1,T134A,K018A,RF-0119-001-PPP,0.001,-1.0,VAL,2012,DDT (sum),DDT (sum),"DDT (sum of p,p'-DDT, o,p'-DDT, p-p'-DDE and p,p'-TDE (DDD) expressed as DDT)",RF-0119-001-PPP,0.04,True
29247,6CDCBC5A60500805AAAEBDDF5864787E,EE,LV,P1020010A,-1,T134A,K018A,RF-0119-001-PPP,0.002,-1.0,VAL,2012,DDT (sum),DDT (sum),"DDT (sum of p,p'-DDT, o,p'-DDT, p-p'-DDE and p,p'-TDE (DDD) expressed as DDT)",RF-0119-001-PPP,0.04,True
29249,81FCFEFE5581017B6BEBE5E3DB9719DA,EE,LT,P1020010A,-1,T134A,K018A,RF-0119-001-PPP,0.002,-1.0,VAL,2012,DDT (sum),DDT (sum),"DDT (sum of p,p'-DDT, o,p'-DDT, p-p'-DDE and p,p'-TDE (DDD) expressed as DDT)",RF-0119-001-PPP,0.04,True
29252,3EBFE711EEE45CAC6EADDC6634073D38,EE,LT,P1020010A,-1,T134A,K018A,RF-0119-001-PPP,0.004,-1.0,VAL,2012,DDT (sum),DDT (sum),"DDT (sum of p,p'-DDT, o,p'-DDT, p-p'-DDE and p,p'-TDE (DDD) expressed as DDT)",RF-0119-001-PPP,0.04,True
29254,9A78C060FC40B1A8DC22B5921840769D,EE,EE,P1020010A,-1,T134A,K018A,RF-0119-001-PPP,0.001,-1.0,VAL,2012,DDT (sum),DDT (sum),"DDT (sum of p,p'-DDT, o,p'-DDT, p-p'-DDE and p,p'-TDE (DDD) expressed as DDT)",RF-0119-001-PPP,0.04,True
29558,B69354C119A8230311F3BFC71F06EE2F,EE,FI,P1020010A,-1,T134A,K018A,RF-0237-001-PPP,0.001,-1.0,VAL,2012,Hexachlorobenzene,Hexachlorobenzene,Hexachlorobenzene,RF-0237-001-PPP,0.005,True
29559,5435B783BA1E57CA5BA0D5747F2BB139,EE,EE,P1020010A,-1,T134A,K018A,RF-0237-001-PPP,0.004,-1.0,VAL,2012,Hexachlorobenzene,Hexachlorobenzene,Hexachlorobenzene,RF-0237-001-PPP,0.005,True
29560,79783102AF02280AB8231A724BCB3F31,EE,BE,P1020010A,-1,T134A,K018A,RF-0237-001-PPP,0.001,-1.0,VAL,2012,Hexachlorobenzene,Hexachlorobenzene,Hexachlorobenzene,RF-0237-001-PPP,0.005,True
29563,6CDCBC5A60500805AAAEBDDF5864787E,EE,LV,P1020010A,-1,T134A,K018A,RF-0237-001-PPP,0.001,-1.0,VAL,2012,Hexachlorobenzene,Hexachlorobenzene,Hexachlorobenzene,RF-0237-001-PPP,0.005,True
29564,F77B16B26936E542DDBF89A2CE3A3F5E,EE,EE,P1020010A,-1,T134A,K018A,RF-0237-001-PPP,0.001,-1.0,VAL,2012,Hexachlorobenzene,Hexachlorobenzene,Hexachlorobenzene,RF-0237-001-PPP,0.005,True
29565,81FCFEFE5581017B6BEBE5E3DB9719DA,EE,LT,P1020010A,-1,T134A,K018A,RF-0237-001-PPP,0.002,-1.0,VAL,2012,Hexachlorobenzene,Hexachlorobenzene,Hexachlorobenzene,RF-0237-001-PPP,0.005,True
29567,3EBFE711EEE45CAC6EADDC6634073D38,EE,LT,P1020010A,-1,T134A,K018A,RF-0237-001-PPP,0.006,-1.0,VAL,2012,Hexachlorobenzene,Hexachlorobenzene,Hexachlorobenzene,RF-0237-001-PPP,0.005,True
29570,9A78C060FC40B1A8DC22B5921840769D,EE,EE,P1020010A,-1,T134A,K018A,RF-0237-001-PPP,0.002,-1.0,VAL,2012,Hexachlorobenzene,Hexachlorobenzene,Hexachlorobenzene,RF-0237-001-PPP,0.005,True
31259,AD8246BAAD53D785DF6358835A7CB057,GB,NZ,P1020010A,-1,T134A,K018A,RF-0119-001-PPP,0.02,-1.0,VAL,2012,DDT (sum),DDT (sum),"DDT (sum of p,p'-DDT, o,p'-DDT, p-p'-DDE and p,p'-TDE (DDD) expressed as DDT)",RF-0119-001-PPP,0.04,True
31267,13D43B2266D4419DE65ECFD3FFA6FB9F,GB,NZ,P1020010A,-1,T134A,K018A,RF-0119-001-PPP,0.02,-1.0,VAL,2012,DDT (sum),DDT (sum),"DDT (sum of p,p'-DDT, o,p'-DDT, p-p'-DDE and p,p'-TDE (DDD) expressed as DDT)",RF-0119-001-PPP,0.04,True
31277,F2FAF7AED5CD65FCDCDB0ECDE869A3B9,GB,NZ,P1020010A,-1,T134A,K018A,RF-0119-001-PPP,0.01,-1.0,VAL,2012,DDT (sum),DDT (sum),"DDT (sum of p,p'-DDT, o,p'-DDT, p-p'-DDE and p,p'-TDE (DDD) expressed as DDT)",RF-0119-001-PPP,0.04,True
31280,8708E88625A8975160736156D835446C,GB,NZ,P1020010A,-1,T134A,K018A,RF-0119-001-PPP,0.03,-1.0,VAL,2012,DDT (sum),DDT (sum),"DDT (sum of p,p'-DDT, o,p'-DDT, p-p'-DDE and p,p'-TDE (DDD) expressed as DDT)",RF-0119-001-PPP,0.04,True
31312,39A1301E04F78811D344B72019332FD6,GB,NZ,P1020010A,-1,T134A,K018A,RF-0119-001-PPP,0.02,-1.0,VAL,2012,DDT (sum),DDT (sum),"DDT (sum of p,p'-DDT, o,p'-DDT, p-p'-DDE and p,p'-TDE (DDD) expressed as DDT)",RF-0119-001-PPP,0.04,True
31320,7E3276CCE421351BEA4E4A57D64999B9,GB,NZ,P1020010A,-1,T134A,K018A,RF-0119-001-PPP,0.02,-1.0,VAL,2012,DDT (sum),DDT (sum),"DDT (sum of p,p'-DDT, o,p'-DDT, p-p'-DDE and p,p'-TDE (DDD) expressed as DDT)",RF-0119-001-PPP,0.04,True
31321,0367A26D2A675F1EFDFD730031189BF0,GB,NZ,P1020010A,-1,T134A,K018A,RF-0119-001-PPP,0.01,-1.0,VAL,2012,DDT (sum),DDT (sum),"DDT (sum of p,p'-DDT, o,p'-DDT, p-p'-DDE and p,p'-TDE (DDD) expressed as DDT)",RF-0119-001-PPP,0.04,True
31335,E93F498693E0B1912FC81538B6C07C01,GB,NZ,P1020010A,-1,T134A,K018A,RF-0119-001-PPP,0.01,-1.0,VAL,2012,DDT (sum),DDT (sum),"DDT (sum of p,p'-DDT, o,p'-DDT, p-p'-DDE and p,p'-TDE (DDD) expressed as DDT)",RF-0119-001-PPP,0.04,True
31351,AD8246BAAD53D785DF6358835A7CB057,GB,NZ,P1020010A,-1,T134A,K018A,RF-0119-002-PPP,0.024,-1.0,VAL,2012,DDT (sum),"DDE, p,p-","DDE, p,p-",RF-0119-002-PPP,0.04,True
31360,13D43B2266D4419DE65ECFD3FFA6FB9F,GB,NZ,P1020010A,-1,T134A,K018A,RF-0119-002-PPP,0.018,-1.0,VAL,2012,DDT (sum),"DDE, p,p-","DDE, p,p-",RF-0119-002-PPP,0.04,True
31369,F2FAF7AED5CD65FCDCDB0ECDE869A3B9,GB,NZ,P1020010A,-1,T134A,K018A,RF-0119-002-PPP,0.012,-1.0,VAL,2012,DDT (sum),"DDE, p,p-","DDE, p,p-",RF-0119-002-PPP,0.04,True
31372,8708E88625A8975160736156D835446C,GB,NZ,P1020010A,-1,T134A,K018A,RF-0119-002-PPP,0.026,-1.0,VAL,2012,DDT (sum),"DDE, p,p-","DDE, p,p-",RF-0119-002-PPP,0.04,True
31404,39A1301E04F78811D344B72019332FD6,GB,NZ,P1020010A,-1,T134A,K018A,RF-0119-002-PPP,0.015,-1.0,VAL,2012,DDT (sum),"DDE, p,p-","DDE, p,p-",RF-0119-002-PPP,0.04,True
31413,7E3276CCE421351BEA4E4A57D64999B9,GB,NZ,P1020010A,-1,T134A,K018A,RF-0119-002-PPP,0.023,-1.0,VAL,2012,DDT (sum),"DDE, p,p-","DDE, p,p-",RF-0119-002-PPP,0.04,True
31414,0367A26D2A675F1EFDFD730031189BF0,GB,NZ,P1020010A,-1,T134A,K018A,RF-0119-002-PPP,0.012,-1.0,VAL,2012,DDT (sum),"DDE, p,p-","DDE, p,p-",RF-0119-002-PPP,0.04,True
31427,E93F498693E0B1912FC81538B6C07C01,GB,NZ,P1020010A,-1,T134A,K018A,RF-0119-002-PPP,0.012,-1.0,VAL,2012,DDT (sum),"DDE, p,p-","DDE, p,p-",RF-0119-002-PPP,0.04,True
35483,5F7D90CCCE623A19680216A8E50F9B0D,CZ,CZ,P1020000A,A.01.001348,T134A,K018A,RF-0119-001-PPP,0.007,84.29,VAL,2013,DDT (sum),DDT (sum),"DDT (sum of p,p'-DDT, o,p'-DDT, p-p'-DDE and p,p'-TDE (DDD) expressed as DDT)",RF-0119-001-PPP,0.04,True
35484,83A0BA7A31B3BC174898D9B32949CAAE,CZ,CZ,P1020000A,A.01.001348,T134A,K018A,RF-0119-001-PPP,0.008,84.46,VAL,2013,DDT (sum),DDT (sum),"DDT (sum of p,p'-DDT, o,p'-DDT, p-p'-DDE and p,p'-TDE (DDD) expressed as DDT)",RF-0119-001-PPP,0.04,True
35485,78B1878586267C8AC7895270D359357C,CZ,CZ,P1020000A,A.01.001348,T134A,K018A,RF-0119-001-PPP,0.008,83.51,VAL,2013,DDT (sum),DDT (sum),"DDT (sum of p,p'-DDT, o,p'-DDT, p-p'-DDE and p,p'-TDE (DDD) expressed as DDT)",RF-0119-001-PPP,0.04,True
35486,5047ABE0E6C7A7C652FAD15896224F84,CZ,CZ,P1020000A,A.01.001064,T134A,K018A,RF-0119-001-PPP,0.005,15.37,VAL,2013,DDT (sum),DDT (sum),"DDT (sum of p,p'-DDT, o,p'-DDT, p-p'-DDE and p,p'-TDE (DDD) expressed as DDT)",RF-0119-001-PPP,0.04,True
35487,074828F39BB93B650B80A205F45E3E22,CZ,CZ,P1020000A,A.01.001348,T134A,K018A,RF-0119-001-PPP,0.009,84.96,VAL,2013,DDT (sum),DDT (sum),"DDT (sum of p,p'-DDT, o,p'-DDT, p-p'-DDE and p,p'-TDE (DDD) expressed as DDT)",RF-0119-001-PPP,0.04,True
35488,58963FACA162932A97530B1A3C6B3A93,CZ,CZ,P1020000A,A.01.001348,T134A,K018A,RF-0119-001-PPP,0.008,82.89,VAL,2013,DDT (sum),DDT (sum),"DDT (sum of p,p'-DDT, o,p'-DDT, p-p'-DDE and p,p'-TDE (DDD) expressed as DDT)",RF-0119-001-PPP,0.04,True
35489,83A0BA7A31B3BC174898D9B32949CAAE,CZ,CZ,P1020000A,A.01.001348,T134A,K018A,RF-0119-002-PPP,0.008,84.46,VAL,2013,DDT (sum),"DDE, p,p-","DDE, p,p-",RF-0119-002-PPP,0.04,True
35490,074828F39BB93B650B80A205F45E3E22,CZ,CZ,P1020000A,A.01.001348,T134A,K018A,RF-0119-002-PPP,0.009,84.96,VAL,2013,DDT (sum),"DDE, p,p-","DDE, p,p-",RF-0119-002-PPP,0.04,True
35491,78B1878586267C8AC7895270D359357C,CZ,CZ,P1020000A,A.01.001348,T134A,K018A,RF-0119-002-PPP,0.008,83.51,VAL,2013,DDT (sum),"DDE, p,p-","DDE, p,p-",RF-0119-002-PPP,0.04,True
35492,5047ABE0E6C7A7C652FAD15896224F84,CZ,CZ,P1020000A,A.01.001064,T134A,K018A,RF-0119-002-PPP,0.005,15.37,VAL,2013,DDT (sum),"DDE, p,p-","DDE, p,p-",RF-0119-002-PPP,0.04,True
35493,58963FACA162932A97530B1A3C6B3A93,CZ,CZ,P1020000A,A.01.001348,T134A,K018A,RF-0119-002-PPP,0.008,82.89,VAL,2013,DDT (sum),"DDE, p,p-","DDE, p,p-",RF-0119-002-PPP,0.04,True
35494,5F7D90CCCE623A19680216A8E50F9B0D,CZ,CZ,P1020000A,A.01.001348,T134A,K018A,RF-0119-002-PPP,0.007,84.29,VAL,2013,DDT (sum),"DDE, p,p-","DDE, p,p-",RF-0119-002-PPP,0.04,True
35555,83A0BA7A31B3BC174898D9B32949CAAE,CZ,CZ,P1020000A,A.01.001348,T134A,K018A,RF-0168-001-PPP,0.003,84.46,VAL,2013,Etofenprox,Etofenprox,Etofenprox,RF-0168-001-PPP,0.07,True
35557,78B1878586267C8AC7895270D359357C,CZ,CZ,P1020000A,A.01.001348,T134A,K018A,RF-0168-001-PPP,0.004,83.51,VAL,2013,Etofenprox,Etofenprox,Etofenprox,RF-0168-001-PPP,0.07,True
35559,58963FACA162932A97530B1A3C6B3A93,CZ,CZ,P1020000A,A.01.001348,T134A,K018A,RF-0168-001-PPP,0.005,82.89,VAL,2013,Etofenprox,Etofenprox,Etofenprox,RF-0168-001-PPP,0.07,True
35609,5F7D90CCCE623A19680216A8E50F9B0D,CZ,CZ,P1020000A,A.01.001348,T134A,K018A,RF-0237-001-PPP,0.001,84.29,VAL,2013,Hexachlorobenzene,Hexachlorobenzene,Hexachlorobenzene,RF-0237-001-PPP,0.005,True
35610,83A0BA7A31B3BC174898D9B32949CAAE,CZ,CZ,P1020000A,A.01.001348,T134A,K018A,RF-0237-001-PPP,0.003,84.46,VAL,2013,Hexachlorobenzene,Hexachlorobenzene,Hexachlorobenzene,RF-0237-001-PPP,0.005,True
35611,78B1878586267C8AC7895270D359357C,CZ,CZ,P1020000A,A.01.001348,T134A,K018A,RF-0237-001-PPP,0.003,83.51,VAL,2013,Hexachlorobenzene,Hexachlorobenzene,Hexachlorobenzene,RF-0237-001-PPP,0.005,True
35612,5047ABE0E6C7A7C652FAD15896224F84,CZ,CZ,P1020000A,A.01.001064,T134A,K018A,RF-0237-001-PPP,0.003,15.37,VAL,2013,Hexachlorobenzene,Hexachlorobenzene,Hexachlorobenzene,RF-0237-001-PPP,0.005,True
35613,58963FACA162932A97530B1A3C6B3A93,CZ,CZ,P1020000A,A.01.001348,T134A,K018A,RF-0237-001-PPP,0.003,82.89,VAL,2013,Hexachlorobenzene,Hexachlorobenzene,Hexachlorobenzene,RF-0237-001-PPP,0.005,True
35614,074828F39BB93B650B80A205F45E3E22,CZ,CZ,P1020000A,A.01.001348,T134A,K018A,RF-0237-001-PPP,0.002,84.96,VAL,2013,Hexachlorobenzene,Hexachlorobenzene,Hexachlorobenzene,RF-0237-001-PPP,0.005,True
35632,5F7D90CCCE623A19680216A8E50F9B0D,CZ,CZ,P1020000A,A.01.001348,T134A,K018A,RF-0251-001-PPP,0.002,84.29,VAL,2013,Indoxacarb (sum),Indoxacarb,Indoxacarb (sum of indoxacarb and its R enantiomer),RF-0251-001-PPP,0.01,True
35844,A70753F87DF16989D69B8F52B7FE9E9A,DE,DE,P1020010A,-1,T134A,K005A,RF-00002582-PAR,0.3,-1.0,VAL,2013,Benzalkonium chloride,Benzalkonium chloride,Benzalkonium chloride (BAC),RF-00002582-PAR,0.1,True
35854,7DE36744A8971A7FC7767EAA942555FA,DE,DE,P1020010A,-1,T134A,K005A,RF-00002582-PAR,0.21,-1.0,VAL,2013,Benzalkonium chloride,Benzalkonium chloride,Benzalkonium chloride (BAC),RF-00002582-PAR,0.1,True
35863,2FB6C58DA2CED828B3C1C2133E511A84,DE,NL,P1020010A,-1,T134A,K005A,RF-00002582-PAR,0.08,-1.0,VAL,2013,Benzalkonium chloride,Benzalkonium chloride,Benzalkonium chloride (BAC),RF-00002582-PAR,0.1,True
35871,0E22817801C1C84AB4E3F06D1A0BD608,DE,DE,P1020010A,-1,T134A,K005A,RF-00002582-PAR,0.014,-1.0,VAL,2013,Benzalkonium chloride,Benzalkonium chloride,Benzalkonium chloride (BAC),RF-00002582-PAR,0.1,True
35878,2CE4D33FAC157DA2DA8CE915C288D3BB,DE,DE,P1020010A,-1,T134A,K005A,RF-00002582-PAR,0.26,-1.0,VAL,2013,Benzalkonium chloride,Benzalkonium chloride,Benzalkonium chloride (BAC),RF-00002582-PAR,0.1,True
35881,80ECF30D8EE75DFD9E7FC7C3C5D46C57,DE,DE,P1020010A,-1,T134A,K005A,RF-00002582-PAR,0.02,-1.0,VAL,2013,Benzalkonium chloride,Benzalkonium chloride,Benzalkonium chloride (BAC),RF-00002582-PAR,0.1,True
35884,5E041C0CD73F0397BA5907B8B5B82043,DE,XX,P1020010A,-1,T134A,K005A,RF-00002582-PAR,0.42,-1.0,VAL,2013,Benzalkonium chloride,Benzalkonium chloride,Benzalkonium chloride (BAC),RF-00002582-PAR,0.1,True
35885,9EF2EAB281850743DF4FAA744F4860BC,DE,DE,P1020010A,-1,T134A,K005A,RF-00002582-PAR,0.033,-1.0,VAL,2013,Benzalkonium chloride,Benzalkonium chloride,Benzalkonium chloride (BAC),RF-00002582-PAR,0.1,True
35887,E9AF03B6627942A5383369CE53C7E7F5,DE,DE,P1020010A,-1,T134A,K005A,RF-00002582-PAR,0.013,-1.0,VAL,2013,Benzalkonium chloride,Benzalkonium chloride,Benzalkonium chloride (BAC),RF-00002582-PAR,0.1,True
35890,B0A2236FE2C4997E2AF8C515DAB1399F,DE,DE,P1020010A,-1,T134A,K005A,RF-00002582-PAR,0.07,-1.0,VAL,2013,Benzalkonium chloride,Benzalkonium chloride,Benzalkonium chloride (BAC),RF-00002582-PAR,0.1,True
35894,1E9D83874B7B75262475F3FDCF247F56,DE,DE,P1020010A,-1,T134A,K005A,RF-00002582-PAR,0.013,-1.0,VAL,2013,Benzalkonium chloride,Benzalkonium chloride,Benzalkonium chloride (BAC),RF-00002582-PAR,0.1,True
36268,EE13FFA20FF4578B858441B46687736D,DE,IT,P1020010A,-1,T134A,K005A,RF-0075-005-PPP,0.000396,-1.0,VAL,2013,Chlordane (sum),Chlordane (sum),Chlordane (sum of cis- and trans-isomers and oxychlordane expressed as chlordane),RF-0075-005-PPP,0.002,True
36509,3C00FE78433000175B84167AA6589FFD,DE,DE,P1020010A,-1,T134A,K005A,RF-0119-001-PPP,0.0002,-1.0,VAL,2013,DDT (sum),DDT (sum),"DDT (sum of p,p'-DDT, o,p'-DDT, p-p'-DDE and p,p'-TDE (DDD) expressed as DDT)",RF-0119-001-PPP,0.04,True
36510,D0BBD5626CD6B89F7CE2FF60B98ACFF0,DE,DE,P1020010A,-1,T134A,K005A,RF-0119-001-PPP,0.0002,-1.0,VAL,2013,DDT (sum),DDT (sum),"DDT (sum of p,p'-DDT, o,p'-DDT, p-p'-DDE and p,p'-TDE (DDD) expressed as DDT)",RF-0119-001-PPP,0.04,True
36512,0B6A132E5C2B94C2577632E1AB6B51E1,DE,DE,P1020010A,-1,T134A,K005A,RF-0119-001-PPP,0.0003,-1.0,VAL,2013,DDT (sum),DDT (sum),"DDT (sum of p,p'-DDT, o,p'-DDT, p-p'-DDE and p,p'-TDE (DDD) expressed as DDT)",RF-0119-001-PPP,0.04,True
36513,8198E44C383EC78DB4289563F845A989,DE,DE,P1020010A,-1,T134A,K005A,RF-0119-001-PPP,0.0002,-1.0,VAL,2013,DDT (sum),DDT (sum),"DDT (sum of p,p'-DDT, o,p'-DDT, p-p'-DDE and p,p'-TDE (DDD) expressed as DDT)",RF-0119-001-PPP,0.04,True
36514,CC19A1DC390694B1F623934B775C5E7B,DE,DE,P1020010A,-1,T134A,K005A,RF-0119-001-PPP,0.0002,-1.0,VAL,2013,DDT (sum),DDT (sum),"DDT (sum of p,p'-DDT, o,p'-DDT, p-p'-DDE and p,p'-TDE (DDD) expressed as DDT)",RF-0119-001-PPP,0.04,True
36515,926648A41C91C44A89ADB794FCC3A053,DE,DE,P1020010A,-1,T134A,K005A,RF-0119-001-PPP,0.0002,-1.0,VAL,2013,DDT (sum),DDT (sum),"DDT (sum of p,p'-DDT, o,p'-DDT, p-p'-DDE and p,p'-TDE (DDD) expressed as DDT)",RF-0119-001-PPP,0.04,True
36516,F38D262FFC32723CC41B2436FA1B68A6,DE,DE,P1020010A,-1,T134A,K005A,RF-0119-001-PPP,0.0011,-1.0,VAL,2013,DDT (sum),DDT (sum),"DDT (sum of p,p'-DDT, o,p'-DDT, p-p'-DDE and p,p'-TDE (DDD) expressed as DDT)",RF-0119-001-PPP,0.04,True
36517,3A726C66FD9AFB8F7C9ABBF66D8DABCF,DE,DE,P1020010A,-1,T134A,K005A,RF-0119-001-PPP,0.0002,-1.0,VAL,2013,DDT (sum),DDT (sum),"DDT (sum of p,p'-DDT, o,p'-DDT, p-p'-DDE and p,p'-TDE (DDD) expressed as DDT)",RF-0119-001-PPP,0.04,True
36522,FF6A6D35E72CB2F3E2C214546F8EA023,DE,DE,P1020010A,-1,T134A,K005A,RF-0119-001-PPP,0.0002,-1.0,VAL,2013,DDT (sum),DDT (sum),"DDT (sum of p,p'-DDT, o,p'-DDT, p-p'-DDE and p,p'-TDE (DDD) expressed as DDT)",RF-0119-001-PPP,0.04,True
36525,07249C0C783425DFE6367E3BD52403D2,DE,DE,P1020010A,-1,T134A,K005A,RF-0119-001-PPP,0.0006,-1.0,VAL,2013,DDT (sum),DDT (sum),"DDT (sum of p,p'-DDT, o,p'-DDT, p-p'-DDE and p,p'-TDE (DDD) expressed as DDT)",RF-0119-001-PPP,0.04,True
36526,8F117A0D6D6FA94AD922288B205E4D39,DE,DE,P1020010A,-1,T134A,K005A,RF-0119-001-PPP,0.002,-1.0,VAL,2013,DDT (sum),DDT (sum),"DDT (sum of p,p'-DDT, o,p'-DDT, p-p'-DDE and p,p'-TDE (DDD) expressed as DDT)",RF-0119-001-PPP,0.04,True
36528,64C88A662DEBAB098AC762EDECB5B834,DE,DE,P1020010A,-1,T134A,K005A,RF-0119-001-PPP,0.0002,-1.0,VAL,2013,DDT (sum),DDT (sum),"DDT (sum of p,p'-DDT, o,p'-DDT, p-p'-DDE and p,p'-TDE (DDD) expressed as DDT)",RF-0119-001-PPP,0.04,True
36542,822D02FD482CF7897A3982410F78C838,DE,IE,P1020010A,-1,T134A,K005A,RF-0119-001-PPP,0.004,-1.0,VAL,2013,DDT (sum),DDT (sum),"DDT (sum of p,p'-DDT, o,p'-DDT, p-p'-DDE and p,p'-TDE (DDD) expressed as DDT)",RF-0119-001-PPP,0.04,True
36550,5038FC0A19FB579E8A2BC727103D3920,DE,DE,P1020010A,-1,T134A,K005A,RF-0119-001-PPP,0.002,-1.0,VAL,2013,DDT (sum),DDT (sum),"DDT (sum of p,p'-DDT, o,p'-DDT, p-p'-DDE and p,p'-TDE (DDD) expressed as DDT)",RF-0119-001-PPP,0.04,True
36556,B2D6C602E3E769AF694BC9D03141ED74,DE,DE,P1020010A,-1,T134A,K005A,RF-0119-001-PPP,0.007,-1.0,VAL,2013,DDT (sum),DDT (sum),"DDT (sum of p,p'-DDT, o,p'-DDT, p-p'-DDE and p,p'-TDE (DDD) expressed as DDT)",RF-0119-001-PPP,0.04,True
36557,332F0ACD7027B61001DF09AABF6CF82B,DE,DE,P1020010A,-1,T134A,K005A,RF-0119-001-PPP,0.006,-1.0,VAL,2013,DDT (sum),DDT (sum),"DDT (sum of p,p'-DDT, o,p'-DDT, p-p'-DDE and p,p'-TDE (DDD) expressed as DDT)",RF-0119-001-PPP,0.04,True
36567,A879E1402E6D14A16639D91D644DDDF1,DE,DE,P1020010A,-1,T134A,K005A,RF-0119-001-PPP,0.002,-1.0,VAL,2013,DDT (sum),DDT (sum),"DDT (sum of p,p'-DDT, o,p'-DDT, p-p'-DDE and p,p'-TDE (DDD) expressed as DDT)",RF-0119-001-PPP,0.04,True
36569,3BBC1362D034125E0033C37386074155,DE,DE,P1020010A,-1,T134A,K005A,RF-0119-001-PPP,0.004,-1.0,VAL,2013,DDT (sum),DDT (sum),"DDT (sum of p,p'-DDT, o,p'-DDT, p-p'-DDE and p,p'-TDE (DDD) expressed as DDT)",RF-0119-001-PPP,0.04,True
36573,A96EEDB1A5828C121996D3D53A8D7A3E,DE,DE,P1020010A,-1,T134A,K005A,RF-0119-001-PPP,0.0001,-1.0,VAL,2013,DDT (sum),DDT (sum),"DDT (sum of p,p'-DDT, o,p'-DDT, p-p'-DDE and p,p'-TDE (DDD) expressed as DDT)",RF-0119-001-PPP,0.04,True
36603,A1467E925BA6BB9EED1C16B0D2718520,DE,DE,P1020010A,-1,T134A,K005A,RF-0119-001-PPP,0.007,-1.0,VAL,2013,DDT (sum),DDT (sum),"DDT (sum of p,p'-DDT, o,p'-DDT, p-p'-DDE and p,p'-TDE (DDD) expressed as DDT)",RF-0119-001-PPP,0.04,True
36604,EE13FFA20FF4578B858441B46687736D,DE,IT,P1020010A,-1,T134A,K005A,RF-0119-001-PPP,0.0021,-1.0,VAL,2013,DDT (sum),DDT (sum),"DDT (sum of p,p'-DDT, o,p'-DDT, p-p'-DDE and p,p'-TDE (DDD) expressed as DDT)",RF-0119-001-PPP,0.04,True
36607,40E12430000D6D3464E81841C498ECEF,DE,DE,P1020010A,-1,T134A,K005A,RF-0119-001-PPP,0.002,-1.0,VAL,2013,DDT (sum),DDT (sum),"DDT (sum of p,p'-DDT, o,p'-DDT, p-p'-DDE and p,p'-TDE (DDD) expressed as DDT)",RF-0119-001-PPP,0.04,True
36741,A1467E925BA6BB9EED1C16B0D2718520,DE,DE,P1020010A,-1,T134A,K005A,RF-0155-001-PPP,0.001,-1.0,VAL,2013,Endosulfan (sum),Endosulfan (sum),Endosulfan (sum of alpha- and beta-isomers and endosulfan-sulphate expresses as endosulfan),RF-0155-001-PPP,0.05,True
37216,8F117A0D6D6FA94AD922288B205E4D39,DE,DE,P1020010A,-1,T134A,K005A,RF-0237-001-PPP,0.002,-1.0,VAL,2013,Hexachlorobenzene,Hexachlorobenzene,Hexachlorobenzene,RF-0237-001-PPP,0.005,True
37226,B2D6C602E3E769AF694BC9D03141ED74,DE,DE,P1020010A,-1,T134A,K005A,RF-0237-001-PPP,0.002,-1.0,VAL,2013,Hexachlorobenzene,Hexachlorobenzene,Hexachlorobenzene,RF-0237-001-PPP,0.005,True
37229,5038FC0A19FB579E8A2BC727103D3920,DE,DE,P1020010A,-1,T134A,K005A,RF-0237-001-PPP,0.00059,-1.0,VAL,2013,Hexachlorobenzene,Hexachlorobenzene,Hexachlorobenzene,RF-0237-001-PPP,0.005,True
37233,3ED24DC85596D6AFA4FC2AE63D04144F,DE,CH,P1020010A,-1,T134A,K005A,RF-0237-001-PPP,0.00037,-1.0,VAL,2013,Hexachlorobenzene,Hexachlorobenzene,Hexachlorobenzene,RF-0237-001-PPP,0.005,True
37236,69D71C95A914C908FD6FC8A89A2D6DC4,DE,DE,P1020010A,-1,T134A,K005A,RF-0237-001-PPP,0.00034,-1.0,VAL,2013,Hexachlorobenzene,Hexachlorobenzene,Hexachlorobenzene,RF-0237-001-PPP,0.005,True
37238,2A50746FAB0C3E6378555E774B98DA9A,DE,DE,P1020010A,-1,T134A,K005A,RF-0237-001-PPP,0.00072,-1.0,VAL,2013,Hexachlorobenzene,Hexachlorobenzene,Hexachlorobenzene,RF-0237-001-PPP,0.005,True
37239,60AB8F373D7B9013F7B44A70AF5B2A53,DE,DE,P1020010A,-1,T134A,K005A,RF-0237-001-PPP,0.002,-1.0,VAL,2013,Hexachlorobenzene,Hexachlorobenzene,Hexachlorobenzene,RF-0237-001-PPP,0.005,True
37240,A907C157FD967A9DD6B7675D7768B7B0,DE,DE,P1020010A,-1,T134A,K005A,RF-0237-001-PPP,0.00034,-1.0,VAL,2013,Hexachlorobenzene,Hexachlorobenzene,Hexachlorobenzene,RF-0237-001-PPP,0.005,True
37242,3BBC1362D034125E0033C37386074155,DE,DE,P1020010A,-1,T134A,K005A,RF-0237-001-PPP,0.001,-1.0,VAL,2013,Hexachlorobenzene,Hexachlorobenzene,Hexachlorobenzene,RF-0237-001-PPP,0.005,True
37246,F5E2A1D02E3F39C13DA78115A928C554,DE,DE,P1020010A,-1,T134A,K005A,RF-0237-001-PPP,0.00058,-1.0,VAL,2013,Hexachlorobenzene,Hexachlorobenzene,Hexachlorobenzene,RF-0237-001-PPP,0.005,True
37247,D5C2036087B84A9E6250CC71ADD6F5C9,DE,XX,P1020010A,-1,T134A,K005A,RF-0237-001-PPP,0.0018,-1.0,VAL,2013,Hexachlorobenzene,Hexachlorobenzene,Hexachlorobenzene,RF-0237-001-PPP,0.005,True
37252,46B33EDA392BEAC81C336B0435A0B278,DE,DE,P1020010A,-1,T134A,K005A,RF-0237-001-PPP,0.00056,-1.0,VAL,2013,Hexachlorobenzene,Hexachlorobenzene,Hexachlorobenzene,RF-0237-001-PPP,0.005,True
37253,265B88A99D0E96FC4665AF1F0D72B47F,DE,DE,P1020010A,-1,T134A,K005A,RF-0237-001-PPP,0.00072,-1.0,VAL,2013,Hexachlorobenzene,Hexachlorobenzene,Hexachlorobenzene,RF-0237-001-PPP,0.005,True
37254,305FEE5A863103AA0102900345D5ACF3,DE,DE,P1020010A,-1,T134A,K005A,RF-0237-001-PPP,0.0157,100.0,VAL,2013,Hexachlorobenzene,Hexachlorobenzene,Hexachlorobenzene,RF-0237-001-PPP,0.005,True
37255,822D02FD482CF7897A3982410F78C838,DE,IE,P1020010A,-1,T134A,K005A,RF-0237-001-PPP,0.002,-1.0,VAL,2013,Hexachlorobenzene,Hexachlorobenzene,Hexachlorobenzene,RF-0237-001-PPP,0.005,True
37266,47B79BD2ACCE9C48C46154368227712D,DE,DE,P1020010A,-1,T134A,K005A,RF-0237-001-PPP,0.00066,-1.0,VAL,2013,Hexachlorobenzene,Hexachlorobenzene,Hexachlorobenzene,RF-0237-001-PPP,0.005,True
37269,40E12430000D6D3464E81841C498ECEF,DE,DE,P1020010A,-1,T134A,K005A,RF-0237-001-PPP,0.002,-1.0,VAL,2013,Hexachlorobenzene,Hexachlorobenzene,Hexachlorobenzene,RF-0237-001-PPP,0.005,True
37273,5A2BA7F8B66627C8C341764A4F23200E,DE,IT,P1020010A,-1,T134A,K005A,RF-0237-001-PPP,0.00033,-1.0,VAL,2013,Hexachlorobenzene,Hexachlorobenzene,Hexachlorobenzene,RF-0237-001-PPP,0.005,True
37274,89386DDA1FDB33E62167788DFFCE1100,DE,DE,P1020010A,-1,T134A,K005A,RF-0237-001-PPP,0.00036,-1.0,VAL,2013,Hexachlorobenzene,Hexachlorobenzene,Hexachlorobenzene,RF-0237-001-PPP,0.005,True
37282,332F0ACD7027B61001DF09AABF6CF82B,DE,DE,P1020010A,-1,T134A,K005A,RF-0237-001-PPP,0.002,-1.0,VAL,2013,Hexachlorobenzene,Hexachlorobenzene,Hexachlorobenzene,RF-0237-001-PPP,0.005,True
37283,8C5D470F083DDAEA7BA6583C74552A1A,DE,DE,P1020010A,-1,T134A,K005A,RF-0237-001-PPP,0.00036,-1.0,VAL,2013,Hexachlorobenzene,Hexachlorobenzene,Hexachlorobenzene,RF-0237-001-PPP,0.005,True
37284,5D5D922FE3C6D2A934C64C271D8DB13C,DE,DE,P1020010A,-1,T134A,K005A,RF-0237-001-PPP,0.00059,-1.0,VAL,2013,Hexachlorobenzene,Hexachlorobenzene,Hexachlorobenzene,RF-0237-001-PPP,0.005,True
37287,237C36796CA2A1DDFFA44F157B100A67,DE,DE,P1020010A,-1,T134A,K005A,RF-0237-001-PPP,0.00032,-1.0,VAL,2013,Hexachlorobenzene,Hexachlorobenzene,Hexachlorobenzene,RF-0237-001-PPP,0.005,True
37288,28BA8CA3FEF9C4E4AF8837F21B04E888,DE,DE,P1020010A,-1,T134A,K005A,RF-0237-001-PPP,0.00036,-1.0,VAL,2013,Hexachlorobenzene,Hexachlorobenzene,Hexachlorobenzene,RF-0237-001-PPP,0.005,True
37289,EE13FFA20FF4578B858441B46687736D,DE,IT,P1020010A,-1,T134A,K005A,RF-0237-001-PPP,0.00041,-1.0,VAL,2013,Hexachlorobenzene,Hexachlorobenzene,Hexachlorobenzene,RF-0237-001-PPP,0.005,True
37293,A879E1402E6D14A16639D91D644DDDF1,DE,DE,P1020010A,-1,T134A,K005A,RF-0237-001-PPP,0.002,-1.0,VAL,2013,Hexachlorobenzene,Hexachlorobenzene,Hexachlorobenzene,RF-0237-001-PPP,0.005,True
37296,8C65391385605DBCF395C79B96F9C680,DE,DE,P1020010A,-1,T134A,K005A,RF-0237-001-PPP,0.002,-1.0,VAL,2013,Hexachlorobenzene,Hexachlorobenzene,Hexachlorobenzene,RF-0237-001-PPP,0.005,True
37605,D0BBD5626CD6B89F7CE2FF60B98ACFF0,DE,DE,P1020010A,-1,T134A,K005A,RF-0263-001-PPP,0.0001,-1.0,VAL,2013,Lindane,Lindane,Lindane (Gamma-isomer of hexachlorocyclohexane (HCH)),RF-0263-001-PPP,0.01,True
37606,0B6A132E5C2B94C2577632E1AB6B51E1,DE,DE,P1020010A,-1,T134A,K005A,RF-0263-001-PPP,0.0001,-1.0,VAL,2013,Lindane,Lindane,Lindane (Gamma-isomer of hexachlorocyclohexane (HCH)),RF-0263-001-PPP,0.01,True
37607,B183359AD3E88B197D2C8D9DEC06E195,DE,DE,P1020010A,-1,T134A,K005A,RF-0263-001-PPP,0.0001,-1.0,VAL,2013,Lindane,Lindane,Lindane (Gamma-isomer of hexachlorocyclohexane (HCH)),RF-0263-001-PPP,0.01,True
37727,39D0F42257D57FE5AD101593CA3C39CB,DE,DE,P1020010A,-1,T134A,K005A,RF-0277-001-PPP,0.004,-1.0,VAL,2013,Mercury compounds,Mercury compounds,Mercury compounds (sum of mercury compounds expressed as mercury),RF-0277-001-PPP,0.01,True
38941,DFE7B8437C59197E8573F922AB99AF0B,DE,DE,P1020010A,-1,T134A,K005A,RF-1078-002-PPP,0.021,-1.0,VAL,2013,DDAC (mix),DDAC (mix),"Didecyldimethylammonium chloride (mixture of alkyl-quaternary ammonium salts with alkyl chain lengths of C8, C10 and C12)",RF-1078-002-PPP,0.1,True
38962,AEDBEF1AAC66DA72BE2898B8BAE21B76,DE,DE,P1020010A,-1,T134A,K005A,RF-1078-002-PPP,0.07,-1.0,VAL,2013,DDAC (mix),DDAC (mix),"Didecyldimethylammonium chloride (mixture of alkyl-quaternary ammonium salts with alkyl chain lengths of C8, C10 and C12)",RF-1078-002-PPP,0.1,True
38964,80ECF30D8EE75DFD9E7FC7C3C5D46C57,DE,DE,P1020010A,-1,T134A,K005A,RF-1078-002-PPP,0.02,-1.0,VAL,2013,DDAC (mix),DDAC (mix),"Didecyldimethylammonium chloride (mixture of alkyl-quaternary ammonium salts with alkyl chain lengths of C8, C10 and C12)",RF-1078-002-PPP,0.1,True
38970,4D0735ED1DECBC70F4141EF55E342990,DE,DE,P1020010A,-1,T134A,K005A,RF-1078-002-PPP,0.02,-1.0,VAL,2013,DDAC (mix),DDAC (mix),"Didecyldimethylammonium chloride (mixture of alkyl-quaternary ammonium salts with alkyl chain lengths of C8, C10 and C12)",RF-1078-002-PPP,0.1,True
38972,9245E83680ABB1132F326A750CB22D87,DE,DE,P1020010A,-1,T134A,K005A,RF-1078-002-PPP,0.26,-1.0,VAL,2013,DDAC (mix),DDAC (mix),"Didecyldimethylammonium chloride (mixture of alkyl-quaternary ammonium salts with alkyl chain lengths of C8, C10 and C12)",RF-1078-002-PPP,0.1,True
38975,AB9D0AA689FE4DDC130AA8E7483AEA04,DE,DE,P1020010A,-1,T134A,K005A,RF-1078-002-PPP,0.02,-1.0,VAL,2013,DDAC (mix),DDAC (mix),"Didecyldimethylammonium chloride (mixture of alkyl-quaternary ammonium salts with alkyl chain lengths of C8, C10 and C12)",RF-1078-002-PPP,0.1,True
38977,2CE4D33FAC157DA2DA8CE915C288D3BB,DE,DE,P1020010A,-1,T134A,K005A,RF-1078-002-PPP,0.018,-1.0,VAL,2013,DDAC (mix),DDAC (mix),"Didecyldimethylammonium chloride (mixture of alkyl-quaternary ammonium salts with alkyl chain lengths of C8, C10 and C12)",RF-1078-002-PPP,0.1,True
38984,5BC6F246E1723A29BF1E901817F50546,DE,XX,P1020010A,-1,T134A,K005A,RF-1078-002-PPP,0.025,-1.0,VAL,2013,DDAC (mix),DDAC (mix),"Didecyldimethylammonium chloride (mixture of alkyl-quaternary ammonium salts with alkyl chain lengths of C8, C10 and C12)",RF-1078-002-PPP,0.1,True
41804,D2CEA1912889A3966D0398508EB0E088,SK,CZ,P1020010A,-1,T134A,K005A,RF-1078-002-PPP,0.17,-1.0,VAL,2013,DDAC (mix),DDAC (mix),"Didecyldimethylammonium chloride (mixture of alkyl-quaternary ammonium salts with alkyl chain lengths of C8, C10 and C12)",RF-1078-002-PPP,0.1,True
43254,3FDE3678A155AA9101467944D42A1EA9,BE,BE,P1020010A,-1,T134A,K005A,RF-0119-001-PPP,0.01353,48.0,VAL,2013,DDT (sum),DDT (sum),"DDT (sum of p,p'-DDT, o,p'-DDT, p-p'-DDE and p,p'-TDE (DDD) expressed as DDT)",RF-0119-001-PPP,0.04,True
43304,3FDE3678A155AA9101467944D42A1EA9,BE,BE,P1020010A,-1,T134A,K005A,RF-0119-003-PPP,0.01353,48.0,VAL,2013,DDT (sum),"DDT, o,p-","DDT, o,p-",RF-0119-003-PPP,0.04,True
43431,3FDE3678A155AA9101467944D42A1EA9,BE,BE,P1020010A,-1,T134A,K005A,RF-0155-001-PPP,0.01852,48.0,VAL,2013,Endosulfan (sum),Endosulfan (sum),Endosulfan (sum of alpha- and beta-isomers and endosulfan-sulphate expresses as endosulfan),RF-0155-001-PPP,0.05,True
43444,BCE42E1C7C384DFC07B5C6CF5E1E8B46,BE,BE,P1020010A,-1,T134A,K005A,RF-0155-001-PPP,0.01833,82.0,VAL,2013,Endosulfan (sum),Endosulfan (sum),Endosulfan (sum of alpha- and beta-isomers and endosulfan-sulphate expresses as endosulfan),RF-0155-001-PPP,0.05,True
43445,F5EDFE2E4B4DAEF731FB9A3691332873,BE,BE,P1020010A,-1,T134A,K005A,RF-0155-001-PPP,0.01172,82.0,VAL,2013,Endosulfan (sum),Endosulfan (sum),Endosulfan (sum of alpha- and beta-isomers and endosulfan-sulphate expresses as endosulfan),RF-0155-001-PPP,0.05,True
43460,3FDE3678A155AA9101467944D42A1EA9,BE,BE,P1020010A,-1,T134A,K005A,RF-0155-002-PPP,0.01852,48.0,VAL,2013,Endosulfan (sum),Endosulfansulfate,Endosulfansulfate,RF-0155-002-PPP,0.05,True
43519,BCE42E1C7C384DFC07B5C6CF5E1E8B46,BE,BE,P1020010A,-1,T134A,K005A,RF-0155-004-PPP,0.01833,82.0,VAL,2013,Endosulfan (sum),"Endosulfan, alpha-","Endosulfan, alpha-",RF-0155-004-PPP,0.05,True
43520,F5EDFE2E4B4DAEF731FB9A3691332873,BE,BE,P1020010A,-1,T134A,K005A,RF-0155-004-PPP,0.01172,82.0,VAL,2013,Endosulfan (sum),"Endosulfan, alpha-","Endosulfan, alpha-",RF-0155-004-PPP,0.05,True
43708,95DA7B8EE207FF9EC7F4338A68B6EF64,BE,BE,P1020010A,-1,T134A,K005A,RF-0238-001-PPP,0.0115,82.0,VAL,2013,HCH-alpha,HCH-alpha,"Hexachlorocyclohexane (HCH), alpha-isomer",RF-0238-001-PPP,0.01,True
43724,8C12967E9D8F8B9E3A35A86F352ED65D,BE,BE,P1020010A,-1,T134A,K005A,RF-0239-002-PPP,0.01048,82.0,VAL,2013,HCH-beta,HCH-beta,"Hexachlorocyclohexane (HCH), beta-isomer",RF-0239-002-PPP,0.01,True
43726,703931187FC51ED5908E0377CBADB8E5,BE,BE,P1020010A,-1,T134A,K005A,RF-0239-002-PPP,0.01239,48.0,VAL,2013,HCH-beta,HCH-beta,"Hexachlorocyclohexane (HCH), beta-isomer",RF-0239-002-PPP,0.01,True
43727,3F474C1977A25D545683D8AE5443153F,BE,BE,P1020010A,-1,T134A,K005A,RF-0239-002-PPP,0.01199,40.0,VAL,2013,HCH-beta,HCH-beta,"Hexachlorocyclohexane (HCH), beta-isomer",RF-0239-002-PPP,0.01,True
43728,FA5E8BF41DBA1CF539E839679C18F400,BE,BE,P1020010A,-1,T134A,K005A,RF-0239-002-PPP,0.0229,51.0,VAL,2013,HCH-beta,HCH-beta,"Hexachlorocyclohexane (HCH), beta-isomer",RF-0239-002-PPP,0.01,True
43730,E595135CCA4C71B37C348FE1AD9DB624,BE,XX,P1020010A,-1,T134A,K005A,RF-0239-002-PPP,0.02829,45.0,VAL,2013,HCH-beta,HCH-beta,"Hexachlorocyclohexane (HCH), beta-isomer",RF-0239-002-PPP,0.01,True
43731,EF259949CAD254E113BDF76CAE6BCCD0,BE,NL,P1020010A,-1,T134A,K005A,RF-0239-002-PPP,0.01252,48.0,VAL,2013,HCH-beta,HCH-beta,"Hexachlorocyclohexane (HCH), beta-isomer",RF-0239-002-PPP,0.01,True
43736,26BA4D3FCA1FD3ACE0EC3771A2A7F9DA,BE,BE,P1020010A,-1,T134A,K005A,RF-0239-002-PPP,0.01069,82.0,VAL,2013,HCH-beta,HCH-beta,"Hexachlorocyclohexane (HCH), beta-isomer",RF-0239-002-PPP,0.01,True
43745,F5EDFE2E4B4DAEF731FB9A3691332873,BE,BE,P1020010A,-1,T134A,K005A,RF-0239-002-PPP,0.0163,82.0,VAL,2013,HCH-beta,HCH-beta,"Hexachlorocyclohexane (HCH), beta-isomer",RF-0239-002-PPP,0.01,True
43780,E595135CCA4C71B37C348FE1AD9DB624,BE,XX,P1020010A,-1,T134A,K005A,RF-0295-001-PPP,0.03675,45.0,VAL,2013,Methoxychlor,Methoxychlor,Methoxychlor,RF-0295-001-PPP,0.01,True
44184,288D285597265D94577CBCF9E6EEC58D,AT,AT,P1020000A,-1,T134A,K005A,RF-0237-001-PPP,0.056,-1.0,VAL,2014,Hexachlorobenzene,Hexachlorobenzene,Hexachlorobenzene,RF-0237-001-PPP,0.005,True
44185,2A4519B2EEC87EB8DFC0DCBE0E5838C9,AT,AT,P1020000A,-1,T134A,K005A,RF-0237-001-PPP,0.151,-1.0,VAL,2014,Hexachlorobenzene,Hexachlorobenzene,Hexachlorobenzene,RF-0237-001-PPP,0.005,True
44333,05E4B7E73FED1C8EA8C6F5E636CF50F5,CZ,CZ,P1020000A,A.01.001348,T134A,K018A,RF-0119-001-PPP,0.00917,84.06,VAL,2014,DDT (sum),DDT (sum),"DDT (sum of p,p'-DDT, o,p'-DDT, p-p'-DDE and p,p'-TDE (DDD) expressed as DDT)",RF-0119-001-PPP,0.04,True
44334,498AE94D86E54E150F336780DF5C338F,CZ,CZ,P1020000A,A.01.001027,T134A,K018A,RF-0119-001-PPP,0.00842,82.4,VAL,2014,DDT (sum),DDT (sum),"DDT (sum of p,p'-DDT, o,p'-DDT, p-p'-DDE and p,p'-TDE (DDD) expressed as DDT)",RF-0119-001-PPP,0.04,True
44337,2379478D2678A10F1C0038F3054FC793,CZ,CZ,P1020000A,A.01.001348,T134A,K018A,RF-0119-001-PPP,0.00858,82.52,VAL,2014,DDT (sum),DDT (sum),"DDT (sum of p,p'-DDT, o,p'-DDT, p-p'-DDE and p,p'-TDE (DDD) expressed as DDT)",RF-0119-001-PPP,0.04,True
44338,EEB98BCE382214D8E25CD11CBCC40FB5,CZ,CZ,P1020000A,A.01.001348,T134A,K018A,RF-0119-001-PPP,0.00759,86.18,VAL,2014,DDT (sum),DDT (sum),"DDT (sum of p,p'-DDT, o,p'-DDT, p-p'-DDE and p,p'-TDE (DDD) expressed as DDT)",RF-0119-001-PPP,0.04,True
44339,895F741EC34C64B26842ECDDAC10A1B3,CZ,CZ,P1020000A,A.01.000948,T134A,K018A,RF-0119-001-PPP,0.00407,34.21,VAL,2014,DDT (sum),DDT (sum),"DDT (sum of p,p'-DDT, o,p'-DDT, p-p'-DDE and p,p'-TDE (DDD) expressed as DDT)",RF-0119-001-PPP,0.04,True
44340,11D5905A469212DC1E8949B647935566,CZ,CZ,P1020000A,A.01.001348,T134A,K018A,RF-0119-001-PPP,0.00815,84.48,VAL,2014,DDT (sum),DDT (sum),"DDT (sum of p,p'-DDT, o,p'-DDT, p-p'-DDE and p,p'-TDE (DDD) expressed as DDT)",RF-0119-001-PPP,0.04,True
44342,2379478D2678A10F1C0038F3054FC793,CZ,CZ,P1020000A,A.01.001348,T134A,K018A,RF-0119-002-PPP,0.00858,82.52,VAL,2014,DDT (sum),"DDE, p,p-","DDE, p,p-",RF-0119-002-PPP,0.04,True
44343,498AE94D86E54E150F336780DF5C338F,CZ,CZ,P1020000A,A.01.001027,T134A,K018A,RF-0119-002-PPP,0.00842,82.4,VAL,2014,DDT (sum),"DDE, p,p-","DDE, p,p-",RF-0119-002-PPP,0.04,True
44345,05E4B7E73FED1C8EA8C6F5E636CF50F5,CZ,CZ,P1020000A,A.01.001348,T134A,K018A,RF-0119-002-PPP,0.00917,84.06,VAL,2014,DDT (sum),"DDE, p,p-","DDE, p,p-",RF-0119-002-PPP,0.04,True
44346,EEB98BCE382214D8E25CD11CBCC40FB5,CZ,CZ,P1020000A,A.01.001348,T134A,K018A,RF-0119-002-PPP,0.00759,86.18,VAL,2014,DDT (sum),"DDE, p,p-","DDE, p,p-",RF-0119-002-PPP,0.04,True
44347,11D5905A469212DC1E8949B647935566,CZ,CZ,P1020000A,A.01.001348,T134A,K018A,RF-0119-002-PPP,0.00815,84.48,VAL,2014,DDT (sum),"DDE, p,p-","DDE, p,p-",RF-0119-002-PPP,0.04,True
44350,895F741EC34C64B26842ECDDAC10A1B3,CZ,CZ,P1020000A,A.01.000948,T134A,K018A,RF-0119-002-PPP,0.00407,34.21,VAL,2014,DDT (sum),"DDE, p,p-","DDE, p,p-",RF-0119-002-PPP,0.04,True
44459,EEB98BCE382214D8E25CD11CBCC40FB5,CZ,CZ,P1020000A,A.01.001348,T134A,K018A,RF-0185-002-PPP,0.002,86.18,VAL,2014,Fenpropimorph (sum),Fenpropimorph ,Fenpropimorph carboxylic acid (BF 421-2) expressed as fenpropimorph,RF-0185-002-PPP,0.01,True
44523,2379478D2678A10F1C0038F3054FC793,CZ,CZ,P1020000A,A.01.001348,T134A,K018A,RF-0237-001-PPP,0.00252,82.52,VAL,2014,Hexachlorobenzene,Hexachlorobenzene,Hexachlorobenzene,RF-0237-001-PPP,0.005,True
44524,11D5905A469212DC1E8949B647935566,CZ,CZ,P1020000A,A.01.001348,T134A,K018A,RF-0237-001-PPP,0.00213,84.48,VAL,2014,Hexachlorobenzene,Hexachlorobenzene,Hexachlorobenzene,RF-0237-001-PPP,0.005,True
44525,05E4B7E73FED1C8EA8C6F5E636CF50F5,CZ,CZ,P1020000A,A.01.001348,T134A,K018A,RF-0237-001-PPP,0.00382,84.06,VAL,2014,Hexachlorobenzene,Hexachlorobenzene,Hexachlorobenzene,RF-0237-001-PPP,0.005,True
44526,EEB98BCE382214D8E25CD11CBCC40FB5,CZ,CZ,P1020000A,A.01.001348,T134A,K018A,RF-0237-001-PPP,0.00369,86.18,VAL,2014,Hexachlorobenzene,Hexachlorobenzene,Hexachlorobenzene,RF-0237-001-PPP,0.005,True
44528,895F741EC34C64B26842ECDDAC10A1B3,CZ,CZ,P1020000A,A.01.000948,T134A,K018A,RF-0237-001-PPP,0.00172,34.21,VAL,2014,Hexachlorobenzene,Hexachlorobenzene,Hexachlorobenzene,RF-0237-001-PPP,0.005,True
44529,ED22D7005ABCFA9B270B414C2A1A5CA7,CZ,CZ,P1020000A,A.01.001053,T134A,K018A,RF-0237-001-PPP,0.0043,13.55,VAL,2014,Hexachlorobenzene,Hexachlorobenzene,Hexachlorobenzene,RF-0237-001-PPP,0.005,True
44530,498AE94D86E54E150F336780DF5C338F,CZ,CZ,P1020000A,A.01.001027,T134A,K018A,RF-0237-001-PPP,0.00236,82.4,VAL,2014,Hexachlorobenzene,Hexachlorobenzene,Hexachlorobenzene,RF-0237-001-PPP,0.005,True
44936,B14B65BFCED9BB116B7B59A34D6BEE57,DE,DE,P1020010A,-1,T134A,K005A,RF-00002582-PAR,0.012,-1.0,VAL,2014,Benzalkonium chloride,Benzalkonium chloride,Benzalkonium chloride (BAC),RF-00002582-PAR,0.1,True
44947,276C5AADFD727CB223DF5FB1DAE74BDA,DE,DE,P1020010A,-1,T134A,K005A,RF-00002582-PAR,0.013,-1.0,VAL,2014,Benzalkonium chloride,Benzalkonium chloride,Benzalkonium chloride (BAC),RF-00002582-PAR,0.1,True
44971,2A78A9696FC40C8B5B48309E8388ECBA,DE,DE,P1020010A,-1,T134A,K005A,RF-0021-001-PPP,0.000636,21.2,VAL,2014,Dieldrin (sum),Dieldrin (sum),Aldrin and Dieldrin (Aldrin and dieldrin combined expressed as dieldrin),RF-0021-001-PPP,0.006,True
45332,043211D69BBF46F224923FB1466C1D25,DE,DE,P1020010A,-1,T134A,K005A,RF-0102-001-PPP,0.34,-1.0,VAL,2014,Copper compounds,Copper compounds,Copper compounds (copper),RF-0102-001-PPP,2.0,True
45335,4DC4A4583EA5FD0A1EEDD1EADCB79EEA,DE,DE,P1020010A,-1,T134A,K005A,RF-0102-001-PPP,0.756,32.5,VAL,2014,Copper compounds,Copper compounds,Copper compounds (copper),RF-0102-001-PPP,2.0,True
45336,3026C1BF6CA15FBB01D3DBF84E7AA75A,DE,DE,P1020010A,-1,T134A,K005A,RF-0102-001-PPP,0.435,-1.0,VAL,2014,Copper compounds,Copper compounds,Copper compounds (copper),RF-0102-001-PPP,2.0,True
45337,0FD41E4776496FF790F6B582415EC00E,DE,DE,P1020010A,-1,T134A,K005A,RF-0102-001-PPP,0.45,-1.0,VAL,2014,Copper compounds,Copper compounds,Copper compounds (copper),RF-0102-001-PPP,2.0,True
45338,D5216ACDFCEE0107D4E424E6ECD25716,DE,DE,P1020010A,-1,T134A,K005A,RF-0102-001-PPP,0.91,-1.0,VAL,2014,Copper compounds,Copper compounds,Copper compounds (copper),RF-0102-001-PPP,2.0,True
45339,56EEBDC35A4D991FEB865A2B94582DDB,DE,DK,P1020010A,-1,T134A,K005A,RF-0102-001-PPP,0.078,-1.0,VAL,2014,Copper compounds,Copper compounds,Copper compounds (copper),RF-0102-001-PPP,2.0,True
45346,68D072F5B4F8F82B8767D7DF03BCB6C2,DE,DE,P1020010A,-1,T134A,K005A,RF-0102-001-PPP,0.64,-1.0,VAL,2014,Copper compounds,Copper compounds,Copper compounds (copper),RF-0102-001-PPP,2.0,True
45347,6E3438BC6E95E6842249A55B6F60D2C4,DE,DE,P1020010A,-1,T134A,K005A,RF-0102-001-PPP,0.41,-1.0,VAL,2014,Copper compounds,Copper compounds,Copper compounds (copper),RF-0102-001-PPP,2.0,True
45349,C22F051B07A6949211AEB1CE89D480ED,DE,NL,P1020010A,-1,T134A,K005A,RF-0102-001-PPP,0.35,-1.0,VAL,2014,Copper compounds,Copper compounds,Copper compounds (copper),RF-0102-001-PPP,2.0,True
45393,A2B3C606AA95151620A1956CC9A4E99F,DE,DE,P1020010A,-1,T134A,K005A,RF-0102-001-PPP,0.372,-1.0,VAL,2014,Copper compounds,Copper compounds,Copper compounds (copper),RF-0102-001-PPP,2.0,True
45405,755DE033CBBE5889FF5B2E70CAFBD389,DE,DE,P1020010A,-1,T134A,K005A,RF-0102-001-PPP,0.17,-1.0,VAL,2014,Copper compounds,Copper compounds,Copper compounds (copper),RF-0102-001-PPP,2.0,True
45406,E26DCB70825B1D76183DF2F2E9CBC90A,DE,DE,P1020010A,-1,T134A,K005A,RF-0102-001-PPP,0.096,-1.0,VAL,2014,Copper compounds,Copper compounds,Copper compounds (copper),RF-0102-001-PPP,2.0,True
45409,4B19B9CC4D37BCEE645E292D8A258847,DE,DE,P1020010A,-1,T134A,K005A,RF-0102-001-PPP,0.12,-1.0,VAL,2014,Copper compounds,Copper compounds,Copper compounds (copper),RF-0102-001-PPP,2.0,True
45412,F1A7DF9A82B6992FDFAD4C240CEB3943,DE,DE,P1020010A,-1,T134A,K005A,RF-0102-001-PPP,0.1,-1.0,VAL,2014,Copper compounds,Copper compounds,Copper compounds (copper),RF-0102-001-PPP,2.0,True
45417,01F43A9FCDA94125A4ABA4A74D1CDCEF,DE,DE,P1020010A,-1,T134A,K005A,RF-0102-001-PPP,0.37,-1.0,VAL,2014,Copper compounds,Copper compounds,Copper compounds (copper),RF-0102-001-PPP,2.0,True
45419,F374FABB74570D50C34C50062EA90BAD,DE,DE,P1020010A,-1,T134A,K005A,RF-0102-001-PPP,1.08,-1.0,VAL,2014,Copper compounds,Copper compounds,Copper compounds (copper),RF-0102-001-PPP,2.0,True
45423,979532A53D4DFD84CB3C2D8AABF4B360,DE,NL,P1020010A,-1,T134A,K005A,RF-0102-001-PPP,0.37,-1.0,VAL,2014,Copper compounds,Copper compounds,Copper compounds (copper),RF-0102-001-PPP,2.0,True
45424,FDB50F69F782217AD804EB35932730EA,DE,DE,P1020010A,-1,T134A,K005A,RF-0102-001-PPP,1.08,-1.0,VAL,2014,Copper compounds,Copper compounds,Copper compounds (copper),RF-0102-001-PPP,2.0,True
45427,0234615F47698600C11B210EDBEB195D,DE,NL,P1020010A,-1,T134A,K005A,RF-0102-001-PPP,0.34,-1.0,VAL,2014,Copper compounds,Copper compounds,Copper compounds (copper),RF-0102-001-PPP,2.0,True
45428,8D6B8FEDD39D006582523638D7E72053,DE,DE,P1020010A,-1,T134A,K005A,RF-0102-001-PPP,0.7,-1.0,VAL,2014,Copper compounds,Copper compounds,Copper compounds (copper),RF-0102-001-PPP,2.0,True
45429,36646768B3FEE9154D7359F80E5335F8,DE,NL,P1020010A,-1,T134A,K005A,RF-0102-001-PPP,1.14,-1.0,VAL,2014,Copper compounds,Copper compounds,Copper compounds (copper),RF-0102-001-PPP,2.0,True
45430,DC5C74400BD65954A0B623922B27584F,DE,DE,P1020010A,-1,T134A,K005A,RF-0102-001-PPP,0.34,-1.0,VAL,2014,Copper compounds,Copper compounds,Copper compounds (copper),RF-0102-001-PPP,2.0,True
45432,D99F20FFECFCDC3B565E80294CC7C3A9,DE,NL,P1020010A,-1,T134A,K005A,RF-0102-001-PPP,0.35,-1.0,VAL,2014,Copper compounds,Copper compounds,Copper compounds (copper),RF-0102-001-PPP,2.0,True
45433,8B31CC43E091AE191E5F79C86C9EEE61,DE,DE,P1020010A,-1,T134A,K005A,RF-0102-001-PPP,0.4,-1.0,VAL,2014,Copper compounds,Copper compounds,Copper compounds (copper),RF-0102-001-PPP,2.0,True
45435,E091AD0DCD4DDF56A5DE83D29C441A35,DE,DE,P1020010A,-1,T134A,K005A,RF-0102-001-PPP,0.096,-1.0,VAL,2014,Copper compounds,Copper compounds,Copper compounds (copper),RF-0102-001-PPP,2.0,True
45437,BBD34A4012CB94F140E9A5377DDC91AC,DE,CH,P1020010A,-1,T134A,K005A,RF-0102-001-PPP,8.05,-1.0,VAL,2014,Copper compounds,Copper compounds,Copper compounds (copper),RF-0102-001-PPP,2.0,True
45438,3688880B7F5DD6EA21A89D5329A94AEE,DE,DE,P1020010A,-1,T134A,K005A,RF-0102-001-PPP,0.25,-1.0,VAL,2014,Copper compounds,Copper compounds,Copper compounds (copper),RF-0102-001-PPP,2.0,True
45439,D7F1AF876D156D36F582EE990645CAFE,DE,DE,P1020010A,-1,T134A,K005A,RF-0102-001-PPP,0.39,-1.0,VAL,2014,Copper compounds,Copper compounds,Copper compounds (copper),RF-0102-001-PPP,2.0,True
45441,34DE2652E255E0E7B86E6CD7E68D38D9,DE,DE,P1020010A,-1,T134A,K005A,RF-0102-001-PPP,0.29,-1.0,VAL,2014,Copper compounds,Copper compounds,Copper compounds (copper),RF-0102-001-PPP,2.0,True
45442,F04CD6D262D11DE0365D940819D909D1,DE,DE,P1020010A,-1,T134A,K005A,RF-0102-001-PPP,0.39,-1.0,VAL,2014,Copper compounds,Copper compounds,Copper compounds (copper),RF-0102-001-PPP,2.0,True
45443,8B96EDEEC3E156D208C51B0FC9395755,DE,DE,P1020010A,-1,T134A,K005A,RF-0102-001-PPP,0.19,-1.0,VAL,2014,Copper compounds,Copper compounds,Copper compounds (copper),RF-0102-001-PPP,2.0,True
45444,51ADD56D14DD1B07077C7B0AFDD0587A,DE,NL,P1020010A,-1,T134A,K005A,RF-0102-001-PPP,0.365,-1.0,VAL,2014,Copper compounds,Copper compounds,Copper compounds (copper),RF-0102-001-PPP,2.0,True
45445,2E9BF838224B80BDA68ADE9F370BFD73,DE,DE,P1020010A,-1,T134A,K005A,RF-0102-001-PPP,0.425,-1.0,VAL,2014,Copper compounds,Copper compounds,Copper compounds (copper),RF-0102-001-PPP,2.0,True
45446,132908957AF83526DFEAB2711EDCEC11,DE,NL,P1020010A,-1,T134A,K005A,RF-0102-001-PPP,0.33,-1.0,VAL,2014,Copper compounds,Copper compounds,Copper compounds (copper),RF-0102-001-PPP,2.0,True
45448,CB8726727830293B84964CE89AF8C876,DE,DE,P1020010A,-1,T134A,K005A,RF-0102-001-PPP,0.32,-1.0,VAL,2014,Copper compounds,Copper compounds,Copper compounds (copper),RF-0102-001-PPP,2.0,True
45450,14E27A8711ED0C520E37224330CD6F93,DE,NL,P1020010A,-1,T134A,K005A,RF-0102-001-PPP,0.45,-1.0,VAL,2014,Copper compounds,Copper compounds,Copper compounds (copper),RF-0102-001-PPP,2.0,True
45453,0E0CB158FE19EA975089E6B8A2E24B2B,DE,NL,P1020010A,-1,T134A,K005A,RF-0102-001-PPP,0.34,-1.0,VAL,2014,Copper compounds,Copper compounds,Copper compounds (copper),RF-0102-001-PPP,2.0,True
45454,A042721EFDD446BF65D07A30E6DE47BC,DE,DE,P1020010A,-1,T134A,K005A,RF-0102-001-PPP,0.23,-1.0,VAL,2014,Copper compounds,Copper compounds,Copper compounds (copper),RF-0102-001-PPP,2.0,True
45455,5FC48C1DF53C92F4CA86D02702788923,DE,DE,P1020010A,-1,T134A,K005A,RF-0102-001-PPP,0.37,-1.0,VAL,2014,Copper compounds,Copper compounds,Copper compounds (copper),RF-0102-001-PPP,2.0,True
45456,7F0482E71BCF1EEF6E6C1EAF589A682C,DE,DE,P1020010A,-1,T134A,K005A,RF-0102-001-PPP,0.36,-1.0,VAL,2014,Copper compounds,Copper compounds,Copper compounds (copper),RF-0102-001-PPP,2.0,True
45457,A04C6F923CB6F00329C5B7AF7B98198D,DE,DE,P1020010A,-1,T134A,K005A,RF-0102-001-PPP,0.35,-1.0,VAL,2014,Copper compounds,Copper compounds,Copper compounds (copper),RF-0102-001-PPP,2.0,True
45458,38DCB3093F396E767D8089A45B58205F,DE,DE,P1020010A,-1,T134A,K005A,RF-0102-001-PPP,0.093,-1.0,VAL,2014,Copper compounds,Copper compounds,Copper compounds (copper),RF-0102-001-PPP,2.0,True
45459,A7DF77673F2EC8AF314DCF5B373A6FA6,DE,XX,P1020010A,-1,T134A,K005A,RF-0102-001-PPP,0.185,-1.0,VAL,2014,Copper compounds,Copper compounds,Copper compounds (copper),RF-0102-001-PPP,2.0,True
45460,1CC7448D20D30D955456B6B6E23FC4F7,DE,DE,P1020010A,-1,T134A,K005A,RF-0102-001-PPP,0.074,-1.0,VAL,2014,Copper compounds,Copper compounds,Copper compounds (copper),RF-0102-001-PPP,2.0,True
45461,F2DCA1D9B675810DEFD7127CEB9FF747,DE,DE,P1020010A,-1,T134A,K005A,RF-0102-001-PPP,0.078,-1.0,VAL,2014,Copper compounds,Copper compounds,Copper compounds (copper),RF-0102-001-PPP,2.0,True
45464,C51E4B3A312587D79642AC27C82845B3,DE,DE,P1020010A,-1,T134A,K005A,RF-0102-001-PPP,0.078,-1.0,VAL,2014,Copper compounds,Copper compounds,Copper compounds (copper),RF-0102-001-PPP,2.0,True
45465,81467BFEC6C38B19677CB07D15763068,DE,DE,P1020010A,-1,T134A,K005A,RF-0102-001-PPP,0.45,-1.0,VAL,2014,Copper compounds,Copper compounds,Copper compounds (copper),RF-0102-001-PPP,2.0,True
45466,08333952048A076273E47B368C977857,DE,NL,P1020010A,-1,T134A,K005A,RF-0102-001-PPP,0.37,-1.0,VAL,2014,Copper compounds,Copper compounds,Copper compounds (copper),RF-0102-001-PPP,2.0,True
45468,E029F281547CF06FB4302D5AB3DDD4AC,DE,DE,P1020010A,-1,T134A,K005A,RF-0102-001-PPP,0.075,-1.0,VAL,2014,Copper compounds,Copper compounds,Copper compounds (copper),RF-0102-001-PPP,2.0,True
45469,65D0A150D96C54B410E322308CF69F91,DE,DE,P1020010A,-1,T134A,K005A,RF-0102-001-PPP,0.34,-1.0,VAL,2014,Copper compounds,Copper compounds,Copper compounds (copper),RF-0102-001-PPP,2.0,True
45471,A149D414283BEE9F0DC2860388F3E603,DE,DE,P1020010A,-1,T134A,K005A,RF-0102-001-PPP,0.42,-1.0,VAL,2014,Copper compounds,Copper compounds,Copper compounds (copper),RF-0102-001-PPP,2.0,True
45472,7EBEE88BEEDE04C9A1471BA7DB91CBCD,DE,DE,P1020010A,-1,T134A,K005A,RF-0102-001-PPP,0.226,-1.0,VAL,2014,Copper compounds,Copper compounds,Copper compounds (copper),RF-0102-001-PPP,2.0,True
45474,E38A68F33AE1EF37720FFF36DCA27DA7,DE,DE,P1020010A,-1,T134A,K005A,RF-0102-001-PPP,0.135,-1.0,VAL,2014,Copper compounds,Copper compounds,Copper compounds (copper),RF-0102-001-PPP,2.0,True
45476,8C92872BD3F87792797D168693BD15D1,DE,DE,P1020010A,-1,T134A,K005A,RF-0102-001-PPP,0.46,-1.0,VAL,2014,Copper compounds,Copper compounds,Copper compounds (copper),RF-0102-001-PPP,2.0,True
45479,C744C988E88D502EF2A3CC4C4D18A673,DE,DE,P1020010A,-1,T134A,K005A,RF-0102-001-PPP,0.08,-1.0,VAL,2014,Copper compounds,Copper compounds,Copper compounds (copper),RF-0102-001-PPP,2.0,True
45480,8D7D1B21461D60E6C4A8F79F1B8FBD97,DE,DE,P1020010A,-1,T134A,K005A,RF-0102-001-PPP,0.4,-1.0,VAL,2014,Copper compounds,Copper compounds,Copper compounds (copper),RF-0102-001-PPP,2.0,True
45482,FAC276306C617EDA6861FFD09F2F07E9,DE,NL,P1020010A,-1,T134A,K005A,RF-0102-001-PPP,0.31,-1.0,VAL,2014,Copper compounds,Copper compounds,Copper compounds (copper),RF-0102-001-PPP,2.0,True
45483,7DAC3C8E4E602A0DD6D41BB1AF1FD2DB,DE,DE,P1020010A,-1,T134A,K005A,RF-0102-001-PPP,0.085,-1.0,VAL,2014,Copper compounds,Copper compounds,Copper compounds (copper),RF-0102-001-PPP,2.0,True
45484,459D506CA66A4E052A599099474EF4F1,DE,NL,P1020010A,-1,T134A,K005A,RF-0102-001-PPP,0.46,-1.0,VAL,2014,Copper compounds,Copper compounds,Copper compounds (copper),RF-0102-001-PPP,2.0,True
45485,BA64E48B0389EDA609486A35EDEC3DB4,DE,DE,P1020010A,-1,T134A,K005A,RF-0102-001-PPP,0.193,-1.0,VAL,2014,Copper compounds,Copper compounds,Copper compounds (copper),RF-0102-001-PPP,2.0,True
45486,6B3FE2B9F142756EEA37E2CBBB37736A,DE,DE,P1020010A,-1,T134A,K005A,RF-0102-001-PPP,0.071,-1.0,VAL,2014,Copper compounds,Copper compounds,Copper compounds (copper),RF-0102-001-PPP,2.0,True
45487,1278BF70A0B74911847AD59D7ED1BB2E,DE,DE,P1020010A,-1,T134A,K005A,RF-0102-001-PPP,0.39,-1.0,VAL,2014,Copper compounds,Copper compounds,Copper compounds (copper),RF-0102-001-PPP,2.0,True
45488,BF153042683D09FE945B7D8F98B56070,DE,DE,P1020010A,-1,T134A,K005A,RF-0102-001-PPP,0.401,0.4,VAL,2014,Copper compounds,Copper compounds,Copper compounds (copper),RF-0102-001-PPP,2.0,True
45489,E639941B07B8CA71D2BB8BFEE8E5C42F,DE,DE,P1020010A,-1,T134A,K005A,RF-0102-001-PPP,0.1,-1.0,VAL,2014,Copper compounds,Copper compounds,Copper compounds (copper),RF-0102-001-PPP,2.0,True
45490,64630B358196037DBE890134DEE5DE47,DE,DK,P1020010A,-1,T134A,K005A,RF-0102-001-PPP,0.082,-1.0,VAL,2014,Copper compounds,Copper compounds,Copper compounds (copper),RF-0102-001-PPP,2.0,True
45491,28C3329E21AAC285FAA479EF3F6E794F,DE,DE,P1020010A,-1,T134A,K005A,RF-0102-001-PPP,0.445,-1.0,VAL,2014,Copper compounds,Copper compounds,Copper compounds (copper),RF-0102-001-PPP,2.0,True
45492,2EB05A5C2190476EF51A85815DE56834,DE,NL,P1020010A,-1,T134A,K005A,RF-0102-001-PPP,0.37,-1.0,VAL,2014,Copper compounds,Copper compounds,Copper compounds (copper),RF-0102-001-PPP,2.0,True
45495,DF87ED88EC25E6D906234C8A22BB01C4,DE,XX,P1020010A,-1,T134A,K005A,RF-0102-001-PPP,0.4,-1.0,VAL,2014,Copper compounds,Copper compounds,Copper compounds (copper),RF-0102-001-PPP,2.0,True
45496,A2677AA8731E353393B761EE73FCECD0,DE,DE,P1020010A,-1,T134A,K005A,RF-0102-001-PPP,0.205,-1.0,VAL,2014,Copper compounds,Copper compounds,Copper compounds (copper),RF-0102-001-PPP,2.0,True
45498,FB407FB8625BA73C93D522CDE2F09B3E,DE,DE,P1020010A,-1,T134A,K005A,RF-0102-001-PPP,0.3,-1.0,VAL,2014,Copper compounds,Copper compounds,Copper compounds (copper),RF-0102-001-PPP,2.0,True
45499,F269CF147E1ACE0054424130EF7FC8C4,DE,DE,P1020010A,-1,T134A,K005A,RF-0102-001-PPP,0.37,-1.0,VAL,2014,Copper compounds,Copper compounds,Copper compounds (copper),RF-0102-001-PPP,2.0,True
45501,3954B1984FA48E27B8F82302DAC7FD01,DE,NL,P1020010A,-1,T134A,K005A,RF-0102-001-PPP,0.475,-1.0,VAL,2014,Copper compounds,Copper compounds,Copper compounds (copper),RF-0102-001-PPP,2.0,True
45502,276C5AADFD727CB223DF5FB1DAE74BDA,DE,DE,P1020010A,-1,T134A,K005A,RF-0102-001-PPP,0.36,-1.0,VAL,2014,Copper compounds,Copper compounds,Copper compounds (copper),RF-0102-001-PPP,2.0,True
45504,FBE12A01BA0CE20B78AC4DE93DB465BF,DE,DE,P1020010A,-1,T134A,K005A,RF-0102-001-PPP,0.31,-1.0,VAL,2014,Copper compounds,Copper compounds,Copper compounds (copper),RF-0102-001-PPP,2.0,True
45506,69E83A017A2A1F7DA39925AF21D9EEA8,DE,DE,P1020010A,-1,T134A,K005A,RF-0102-001-PPP,0.35,-1.0,VAL,2014,Copper compounds,Copper compounds,Copper compounds (copper),RF-0102-001-PPP,2.0,True
45507,7D75BE52480F12068793163CCFA90855,DE,DE,P1020010A,-1,T134A,K005A,RF-0102-001-PPP,0.36,-1.0,VAL,2014,Copper compounds,Copper compounds,Copper compounds (copper),RF-0102-001-PPP,2.0,True
45607,0305A58CE96CDF236104ED476F33754B,DE,DE,P1020010A,-1,T134A,K005A,RF-0119-001-PPP,0.0027,27.3,VAL,2014,DDT (sum),DDT (sum),"DDT (sum of p,p'-DDT, o,p'-DDT, p-p'-DDE and p,p'-TDE (DDD) expressed as DDT)",RF-0119-001-PPP,0.04,True
45608,834891B8DB90564627BB23B3458594E9,DE,DE,P1020010A,-1,T134A,K005A,RF-0119-001-PPP,0.0009,27.0,VAL,2014,DDT (sum),DDT (sum),"DDT (sum of p,p'-DDT, o,p'-DDT, p-p'-DDE and p,p'-TDE (DDD) expressed as DDT)",RF-0119-001-PPP,0.04,True
45609,5BC167DA91F34BFCA74510970F6922FD,DE,DE,P1020010A,-1,T134A,K005A,RF-0119-001-PPP,0.0009,13.5,VAL,2014,DDT (sum),DDT (sum),"DDT (sum of p,p'-DDT, o,p'-DDT, p-p'-DDE and p,p'-TDE (DDD) expressed as DDT)",RF-0119-001-PPP,0.04,True
45610,690100CC8A2176622AE6C1D5A01D6A2D,DE,DE,P1020010A,-1,T134A,K005A,RF-0119-001-PPP,0.0013,15.6,VAL,2014,DDT (sum),DDT (sum),"DDT (sum of p,p'-DDT, o,p'-DDT, p-p'-DDE and p,p'-TDE (DDD) expressed as DDT)",RF-0119-001-PPP,0.04,True
45611,58F07BB3BBD0F0682DE2A605B95F00B7,DE,DE,P1020010A,-1,T134A,K005A,RF-0119-001-PPP,0.001,27.1,VAL,2014,DDT (sum),DDT (sum),"DDT (sum of p,p'-DDT, o,p'-DDT, p-p'-DDE and p,p'-TDE (DDD) expressed as DDT)",RF-0119-001-PPP,0.04,True
45612,B173FF80AA64D91F3C575A1014BEDCEC,DE,DE,P1020010A,-1,T134A,K005A,RF-0119-001-PPP,0.0002,22.6,VAL,2014,DDT (sum),DDT (sum),"DDT (sum of p,p'-DDT, o,p'-DDT, p-p'-DDE and p,p'-TDE (DDD) expressed as DDT)",RF-0119-001-PPP,0.04,True
45613,CE1EE05DF50EDE774D155614E0DB50EC,DE,DE,P1020010A,-1,T134A,K005A,RF-0119-001-PPP,0.0021,24.2,VAL,2014,DDT (sum),DDT (sum),"DDT (sum of p,p'-DDT, o,p'-DDT, p-p'-DDE and p,p'-TDE (DDD) expressed as DDT)",RF-0119-001-PPP,0.04,True
45614,1A1A2AF8EAF1F516BFE309584A79DF09,DE,DE,P1020010A,-1,T134A,K005A,RF-0119-001-PPP,0.0018,17.7,VAL,2014,DDT (sum),DDT (sum),"DDT (sum of p,p'-DDT, o,p'-DDT, p-p'-DDE and p,p'-TDE (DDD) expressed as DDT)",RF-0119-001-PPP,0.04,True
45616,60A017747386C3385B6CF2EFBBA91C28,DE,DE,P1020010A,-1,T134A,K005A,RF-0119-001-PPP,0.0017,18.3,VAL,2014,DDT (sum),DDT (sum),"DDT (sum of p,p'-DDT, o,p'-DDT, p-p'-DDE and p,p'-TDE (DDD) expressed as DDT)",RF-0119-001-PPP,0.04,True
45617,2903E1ADB0E3A99B6B0AA19BE2E9E35F,DE,DE,P1020010A,-1,T134A,K005A,RF-0119-001-PPP,0.0019,27.6,VAL,2014,DDT (sum),DDT (sum),"DDT (sum of p,p'-DDT, o,p'-DDT, p-p'-DDE and p,p'-TDE (DDD) expressed as DDT)",RF-0119-001-PPP,0.04,True
45618,B450369A8673DA53E59120BDA75EFC7F,DE,DE,P1020010A,-1,T134A,K005A,RF-0119-001-PPP,0.0004,25.5,VAL,2014,DDT (sum),DDT (sum),"DDT (sum of p,p'-DDT, o,p'-DDT, p-p'-DDE and p,p'-TDE (DDD) expressed as DDT)",RF-0119-001-PPP,0.04,True
45619,12E808FB9F361CE3794461A271E95DC1,DE,DE,P1020010A,-1,T134A,K005A,RF-0119-001-PPP,0.0017,20.3,VAL,2014,DDT (sum),DDT (sum),"DDT (sum of p,p'-DDT, o,p'-DDT, p-p'-DDE and p,p'-TDE (DDD) expressed as DDT)",RF-0119-001-PPP,0.04,True
45620,145AF20C70892AA2E0D33FED31B5799A,DE,DE,P1020010A,-1,T134A,K005A,RF-0119-001-PPP,0.0018,20.6,VAL,2014,DDT (sum),DDT (sum),"DDT (sum of p,p'-DDT, o,p'-DDT, p-p'-DDE and p,p'-TDE (DDD) expressed as DDT)",RF-0119-001-PPP,0.04,True
45623,E2CB7E87337CA60A6A878F27594258F9,DE,DE,P1020010A,-1,T134A,K005A,RF-0119-001-PPP,0.001792,22.4,VAL,2014,DDT (sum),DDT (sum),"DDT (sum of p,p'-DDT, o,p'-DDT, p-p'-DDE and p,p'-TDE (DDD) expressed as DDT)",RF-0119-001-PPP,0.04,True
45640,F3F8A77D61DF013D3052F5F85315EA18,DE,DE,P1020010A,-1,T134A,K005A,RF-0119-001-PPP,0.000639,21.3,VAL,2014,DDT (sum),DDT (sum),"DDT (sum of p,p'-DDT, o,p'-DDT, p-p'-DDE and p,p'-TDE (DDD) expressed as DDT)",RF-0119-001-PPP,0.04,True
45641,2A78A9696FC40C8B5B48309E8388ECBA,DE,DE,P1020010A,-1,T134A,K005A,RF-0119-001-PPP,0.000424,21.2,VAL,2014,DDT (sum),DDT (sum),"DDT (sum of p,p'-DDT, o,p'-DDT, p-p'-DDE and p,p'-TDE (DDD) expressed as DDT)",RF-0119-001-PPP,0.04,True
45645,39EFD70FB01275DD3D0E4CEA39C8DE0D,DE,DE,P1020010A,-1,T134A,K005A,RF-0119-001-PPP,0.0002,39.8,VAL,2014,DDT (sum),DDT (sum),"DDT (sum of p,p'-DDT, o,p'-DDT, p-p'-DDE and p,p'-TDE (DDD) expressed as DDT)",RF-0119-001-PPP,0.04,True
45648,6D2A5A184634880DC6A83596763DE50C,DE,DE,P1020010A,-1,T134A,K005A,RF-0119-001-PPP,0.0001,14.6,VAL,2014,DDT (sum),DDT (sum),"DDT (sum of p,p'-DDT, o,p'-DDT, p-p'-DDE and p,p'-TDE (DDD) expressed as DDT)",RF-0119-001-PPP,0.04,True
45655,713DDDDF920B052733E48BDB026C456A,DE,DE,P1020010A,-1,T134A,K005A,RF-0119-001-PPP,0.002544,21.2,VAL,2014,DDT (sum),DDT (sum),"DDT (sum of p,p'-DDT, o,p'-DDT, p-p'-DDE and p,p'-TDE (DDD) expressed as DDT)",RF-0119-001-PPP,0.04,True
45666,F7A50342584AAE98A88142C0362067AC,DE,DE,P1020010A,-1,T134A,K005A,RF-0119-001-PPP,0.0002,28.2,VAL,2014,DDT (sum),DDT (sum),"DDT (sum of p,p'-DDT, o,p'-DDT, p-p'-DDE and p,p'-TDE (DDD) expressed as DDT)",RF-0119-001-PPP,0.04,True
46447,9DCD3AD2BF0315FC50E131D189C86AB0,DE,DE,P1020010A,-1,T134A,K005A,RF-0237-001-PPP,0.0007,21.9,VAL,2014,Hexachlorobenzene,Hexachlorobenzene,Hexachlorobenzene,RF-0237-001-PPP,0.005,True
46448,58F07BB3BBD0F0682DE2A605B95F00B7,DE,DE,P1020010A,-1,T134A,K005A,RF-0237-001-PPP,0.0005,27.1,VAL,2014,Hexachlorobenzene,Hexachlorobenzene,Hexachlorobenzene,RF-0237-001-PPP,0.005,True
46449,834891B8DB90564627BB23B3458594E9,DE,DE,P1020010A,-1,T134A,K005A,RF-0237-001-PPP,0.0005,27.0,VAL,2014,Hexachlorobenzene,Hexachlorobenzene,Hexachlorobenzene,RF-0237-001-PPP,0.005,True
46467,2A78A9696FC40C8B5B48309E8388ECBA,DE,DE,P1020010A,-1,T134A,K005A,RF-0237-001-PPP,0.000848,21.2,VAL,2014,Hexachlorobenzene,Hexachlorobenzene,Hexachlorobenzene,RF-0237-001-PPP,0.005,True
46468,39EFD70FB01275DD3D0E4CEA39C8DE0D,DE,DE,P1020010A,-1,T134A,K005A,RF-0237-001-PPP,0.0012,39.8,VAL,2014,Hexachlorobenzene,Hexachlorobenzene,Hexachlorobenzene,RF-0237-001-PPP,0.005,True
46472,F3F8A77D61DF013D3052F5F85315EA18,DE,DE,P1020010A,-1,T134A,K005A,RF-0237-001-PPP,0.000639,21.3,VAL,2014,Hexachlorobenzene,Hexachlorobenzene,Hexachlorobenzene,RF-0237-001-PPP,0.005,True
46473,3DD1587EC56929B8BBEA6CC0C4128EA1,DE,DE,P1020010A,-1,T134A,K005A,RF-0237-001-PPP,0.0004,21.8,VAL,2014,Hexachlorobenzene,Hexachlorobenzene,Hexachlorobenzene,RF-0237-001-PPP,0.005,True
46474,6D2A5A184634880DC6A83596763DE50C,DE,DE,P1020010A,-1,T134A,K005A,RF-0237-001-PPP,0.0003,14.6,VAL,2014,Hexachlorobenzene,Hexachlorobenzene,Hexachlorobenzene,RF-0237-001-PPP,0.005,True
46475,3CE4BE6BFFEB25B3C07673BFEA8A0C9D,DE,DE,P1020010A,-1,T134A,K005A,RF-0237-001-PPP,0.0005,27.0,VAL,2014,Hexachlorobenzene,Hexachlorobenzene,Hexachlorobenzene,RF-0237-001-PPP,0.005,True
46477,5170C423267BACF86B94F49092178014,DE,DK,P1020010A,-1,T134A,K005A,RF-0237-001-PPP,0.00034,17.0,VAL,2014,Hexachlorobenzene,Hexachlorobenzene,Hexachlorobenzene,RF-0237-001-PPP,0.005,True
46478,38157AEB940CE0AE16493F73947256F1,DE,DE,P1020010A,-1,T134A,K005A,RF-0237-001-PPP,0.000468,23.4,VAL,2014,Hexachlorobenzene,Hexachlorobenzene,Hexachlorobenzene,RF-0237-001-PPP,0.005,True
46480,7C0E71C8EAC7734756C3ECBD38FE97A5,DE,DE,P1020010A,-1,T134A,K005A,RF-0237-001-PPP,0.000777,25.9,VAL,2014,Hexachlorobenzene,Hexachlorobenzene,Hexachlorobenzene,RF-0237-001-PPP,0.005,True
46481,11BC95AA27656B671D75C9BCB90D9731,DE,DE,P1020010A,-1,T134A,K005A,RF-0237-001-PPP,0.000484,24.2,VAL,2014,Hexachlorobenzene,Hexachlorobenzene,Hexachlorobenzene,RF-0237-001-PPP,0.005,True
46483,216DCC6A01B3DDF573525EF13BA08C79,DE,DE,P1020010A,-1,T134A,K005A,RF-0237-001-PPP,0.000732,24.4,VAL,2014,Hexachlorobenzene,Hexachlorobenzene,Hexachlorobenzene,RF-0237-001-PPP,0.005,True
46485,EFA95650491992AD391E8827260E145A,DE,DE,P1020010A,-1,T134A,K005A,RF-0237-001-PPP,0.000474,23.7,VAL,2014,Hexachlorobenzene,Hexachlorobenzene,Hexachlorobenzene,RF-0237-001-PPP,0.005,True
46486,86E98785670998737ADA870B500A9B2C,DE,DE,P1020010A,-1,T134A,K005A,RF-0237-001-PPP,0.000484,24.2,VAL,2014,Hexachlorobenzene,Hexachlorobenzene,Hexachlorobenzene,RF-0237-001-PPP,0.005,True
46487,124CD5CBFAE079DE63249679AE7E0C6A,DE,DE,P1020010A,-1,T134A,K005A,RF-0237-001-PPP,0.0005,25.0,VAL,2014,Hexachlorobenzene,Hexachlorobenzene,Hexachlorobenzene,RF-0237-001-PPP,0.005,True
46488,B42A29A56A6CC76FA9FBFDA00A2AE8A6,DE,DK,P1020010A,-1,T134A,K005A,RF-0237-001-PPP,0.000254,25.4,VAL,2014,Hexachlorobenzene,Hexachlorobenzene,Hexachlorobenzene,RF-0237-001-PPP,0.005,True
46489,713DDDDF920B052733E48BDB026C456A,DE,DE,P1020010A,-1,T134A,K005A,RF-0237-001-PPP,0.000212,21.2,VAL,2014,Hexachlorobenzene,Hexachlorobenzene,Hexachlorobenzene,RF-0237-001-PPP,0.005,True
46497,56006524AF331ACEF55486F7E5F11371,DE,DE,P1020010A,-1,T134A,K005A,RF-0237-001-PPP,0.000168,5.6,VAL,2014,Hexachlorobenzene,Hexachlorobenzene,Hexachlorobenzene,RF-0237-001-PPP,0.005,True
46514,58F07BB3BBD0F0682DE2A605B95F00B7,DE,DE,P1020010A,-1,T134A,K005A,RF-0238-001-PPP,0.0003,27.1,VAL,2014,HCH-alpha,HCH-alpha,"Hexachlorocyclohexane (HCH), alpha-isomer",RF-0238-001-PPP,0.01,True
46775,2A78A9696FC40C8B5B48309E8388ECBA,DE,DE,P1020010A,-1,T134A,K005A,RF-0263-001-PPP,0.000212,21.2,VAL,2014,Lindane,Lindane,Lindane (Gamma-isomer of hexachlorocyclohexane (HCH)),RF-0263-001-PPP,0.01,True
48377,276C5AADFD727CB223DF5FB1DAE74BDA,DE,DE,P1020010A,-1,T134A,K005A,RF-1078-002-PPP,0.093,-1.0,VAL,2014,DDAC (mix),DDAC (mix),"Didecyldimethylammonium chloride (mixture of alkyl-quaternary ammonium salts with alkyl chain lengths of C8, C10 and C12)",RF-1078-002-PPP,0.1,True
49740,C11CC2A7B8E8A475E36FCC12171AF336,IT,IT,P1020010A,-1,T134A,K005A,RF-0119-002-PPP,0.012,8.0,VAL,2014,DDT (sum),"DDE, p,p-","DDE, p,p-",RF-0119-002-PPP,0.04,True
51138,C96AFE256E9510874570133C9155D7CC,BE,XX,P1020010A,-1,T134A,K005A,RF-0119-001-PPP,0.0128835,45.0,VAL,2014,DDT (sum),DDT (sum),"DDT (sum of p,p'-DDT, o,p'-DDT, p-p'-DDE and p,p'-TDE (DDD) expressed as DDT)",RF-0119-001-PPP,0.04,True
51148,E3DCD78FB27901273A7E79334BA8ACC8,BE,XX,P1020010A,-1,T134A,K005A,RF-0119-001-PPP,0.0137596,82.0,VAL,2014,DDT (sum),DDT (sum),"DDT (sum of p,p'-DDT, o,p'-DDT, p-p'-DDE and p,p'-TDE (DDD) expressed as DDT)",RF-0119-001-PPP,0.04,True
51161,C96AFE256E9510874570133C9155D7CC,BE,XX,P1020010A,-1,T134A,K005A,RF-0119-002-PPP,0.0067995,45.0,VAL,2014,DDT (sum),"DDE, p,p-","DDE, p,p-",RF-0119-002-PPP,0.04,True
51220,E3DCD78FB27901273A7E79334BA8ACC8,BE,XX,P1020010A,-1,T134A,K005A,RF-0119-004-PPP,0.0137596,82.0,VAL,2014,DDT (sum),"DDD, p,p-","DDD, p,p-",RF-0119-004-PPP,0.04,True
51257,C96AFE256E9510874570133C9155D7CC,BE,XX,P1020010A,-1,T134A,K005A,RF-0119-007-PPP,0.006084,45.0,VAL,2014,DDT (sum),"DDE, o,p-","DDE, o,p-",RF-0119-007-PPP,0.04,True
51318,E3DCD78FB27901273A7E79334BA8ACC8,BE,XX,P1020010A,-1,T134A,K005A,RF-0155-001-PPP,0.0166214,82.0,VAL,2014,Endosulfan (sum),Endosulfan (sum),Endosulfan (sum of alpha- and beta-isomers and endosulfan-sulphate expresses as endosulfan),RF-0155-001-PPP,0.05,True
51366,E3DCD78FB27901273A7E79334BA8ACC8,BE,XX,P1020010A,-1,T134A,K005A,RF-0155-003-PPP,0.0166214,82.0,VAL,2014,Endosulfan (sum),"Endosulfan, beta-","Endosulfan, beta-",RF-0155-003-PPP,0.05,True
51557,84DCC7F393635E46E694E5B4FFD77FDE,BE,XX,P1020010A,-1,T134A,K005A,RF-0237-001-PPP,0.00435825,32.5,VAL,2014,Hexachlorobenzene,Hexachlorobenzene,Hexachlorobenzene,RF-0237-001-PPP,0.005,True
51580,84DCC7F393635E46E694E5B4FFD77FDE,BE,XX,P1020010A,-1,T134A,K005A,RF-0238-001-PPP,0.00578825,32.5,VAL,2014,HCH-alpha,HCH-alpha,"Hexachlorocyclohexane (HCH), alpha-isomer",RF-0238-001-PPP,0.01,True
51593,1311870CC803DA47E63756E3A373F28F,BE,XX,P1020010A,-1,T134A,K005A,RF-0239-002-PPP,0.0095015,31.0,VAL,2014,HCH-beta,HCH-beta,"Hexachlorocyclohexane (HCH), beta-isomer",RF-0239-002-PPP,0.01,True
51604,84DCC7F393635E46E694E5B4FFD77FDE,BE,XX,P1020010A,-1,T134A,K005A,RF-0239-002-PPP,0.00857675,32.5,VAL,2014,HCH-beta,HCH-beta,"Hexachlorocyclohexane (HCH), beta-isomer",RF-0239-002-PPP,0.01,True
51605,6839186703E8410DA2D8D6D3BF8DCCB0,BE,XX,P1020010A,-1,T134A,K005A,RF-0239-002-PPP,0.0197784,82.0,VAL,2014,HCH-beta,HCH-beta,"Hexachlorocyclohexane (HCH), beta-isomer",RF-0239-002-PPP,0.01,True
51606,E3DCD78FB27901273A7E79334BA8ACC8,BE,XX,P1020010A,-1,T134A,K005A,RF-0239-002-PPP,0.0260268,82.0,VAL,2014,HCH-beta,HCH-beta,"Hexachlorocyclohexane (HCH), beta-isomer",RF-0239-002-PPP,0.01,True
52174,EEEAE1142FD8657CCB36A8F81C16675A,GB,GB,P1020010A,-1,T134A,K005A,RF-00002582-PAR,0.03,-1.0,VAL,2014,Benzalkonium chloride,Benzalkonium chloride,Benzalkonium chloride (BAC),RF-00002582-PAR,0.1,True
52187,D7CD6F33574E7494A4FAE38D729FAFDE,GB,GB,P1020010A,-1,T134A,K005A,RF-00002582-PAR,0.02,-1.0,VAL,2014,Benzalkonium chloride,Benzalkonium chloride,Benzalkonium chloride (BAC),RF-00002582-PAR,0.1,True
52195,BAEBE68300D6AA61DF4EBA994AEE13D9,GB,GB,P1020010A,-1,T134A,K005A,RF-00002582-PAR,0.01,-1.0,VAL,2014,Benzalkonium chloride,Benzalkonium chloride,Benzalkonium chloride (BAC),RF-00002582-PAR,0.1,True
52206,08364C3A0FDD15077891E08DA47B4D63,GB,AA,P1020010A,-1,T134A,K005A,RF-00002582-PAR,0.2,-1.0,VAL,2014,Benzalkonium chloride,Benzalkonium chloride,Benzalkonium chloride (BAC),RF-00002582-PAR,0.1,True
52216,D2F592CEEACCE2A2F8BE9CB65F06F154,GB,GB,P1020010A,-1,T134A,K005A,RF-00002582-PAR,0.02,-1.0,VAL,2014,Benzalkonium chloride,Benzalkonium chloride,Benzalkonium chloride (BAC),RF-00002582-PAR,0.1,True
52219,E7827777F05B7BAA352C2A8AC5C4051E,GB,GB,P1020010A,-1,T134A,K005A,RF-00002582-PAR,0.07,-1.0,VAL,2014,Benzalkonium chloride,Benzalkonium chloride,Benzalkonium chloride (BAC),RF-00002582-PAR,0.1,True
52221,0609F1424FD115080A1BC3181B6BA872,GB,GB,P1020010A,-1,T134A,K005A,RF-00002582-PAR,0.03,-1.0,VAL,2014,Benzalkonium chloride,Benzalkonium chloride,Benzalkonium chloride (BAC),RF-00002582-PAR,0.1,True
52229,D82E1D9E01364C250781AFF3C943BE1E,GB,GB,P1020010A,-1,T134A,K005A,RF-00002582-PAR,0.02,-1.0,VAL,2014,Benzalkonium chloride,Benzalkonium chloride,Benzalkonium chloride (BAC),RF-00002582-PAR,0.1,True
52234,642D9427E0EB84554B839FCBA8BCCD7E,GB,GB,P1020010A,-1,T134A,K005A,RF-00002582-PAR,0.1,-1.0,VAL,2014,Benzalkonium chloride,Benzalkonium chloride,Benzalkonium chloride (BAC),RF-00002582-PAR,0.1,True
52236,D826A551F32E6A1F305389F3FB307FD4,GB,GB,P1020010A,-1,T134A,K005A,RF-00002582-PAR,0.01,-1.0,VAL,2014,Benzalkonium chloride,Benzalkonium chloride,Benzalkonium chloride (BAC),RF-00002582-PAR,0.1,True
55853,0524D4576C4FAC137638CDF3535AA12C,GB,GB,P1020010A,-1,T134A,K005A,RF-1078-002-PPP,0.02,-1.0,VAL,2014,DDAC (mix),DDAC (mix),"Didecyldimethylammonium chloride (mixture of alkyl-quaternary ammonium salts with alkyl chain lengths of C8, C10 and C12)",RF-1078-002-PPP,0.1,True
55872,E0ED1326D4A878C986AB3E1D49619433,GB,GB,P1020010A,-1,T134A,K005A,RF-1078-002-PPP,0.08,-1.0,VAL,2014,DDAC (mix),DDAC (mix),"Didecyldimethylammonium chloride (mixture of alkyl-quaternary ammonium salts with alkyl chain lengths of C8, C10 and C12)",RF-1078-002-PPP,0.1,True
55887,D2F592CEEACCE2A2F8BE9CB65F06F154,GB,GB,P1020010A,-1,T134A,K005A,RF-1078-002-PPP,0.03,-1.0,VAL,2014,DDAC (mix),DDAC (mix),"Didecyldimethylammonium chloride (mixture of alkyl-quaternary ammonium salts with alkyl chain lengths of C8, C10 and C12)",RF-1078-002-PPP,0.1,True
55888,0D0515D85D55705CD919680EF85A1A83,GB,GB,P1020010A,-1,T134A,K005A,RF-1078-002-PPP,0.06,-1.0,VAL,2014,DDAC (mix),DDAC (mix),"Didecyldimethylammonium chloride (mixture of alkyl-quaternary ammonium salts with alkyl chain lengths of C8, C10 and C12)",RF-1078-002-PPP,0.1,True
55890,DEE35EEA7E106E6A978AF118A1D1C13D,GB,NL,P1020010A,-1,T134A,K005A,RF-1078-002-PPP,0.7,-1.0,VAL,2014,DDAC (mix),DDAC (mix),"Didecyldimethylammonium chloride (mixture of alkyl-quaternary ammonium salts with alkyl chain lengths of C8, C10 and C12)",RF-1078-002-PPP,0.1,True
55900,D82E1D9E01364C250781AFF3C943BE1E,GB,GB,P1020010A,-1,T134A,K005A,RF-1078-002-PPP,0.05,-1.0,VAL,2014,DDAC (mix),DDAC (mix),"Didecyldimethylammonium chloride (mixture of alkyl-quaternary ammonium salts with alkyl chain lengths of C8, C10 and C12)",RF-1078-002-PPP,0.1,True
55906,5B90BBAC30E4AA8D0E5089F27913EAFD,GB,GB,P1020010A,-1,T134A,K005A,RF-1078-002-PPP,0.08,-1.0,VAL,2014,DDAC (mix),DDAC (mix),"Didecyldimethylammonium chloride (mixture of alkyl-quaternary ammonium salts with alkyl chain lengths of C8, C10 and C12)",RF-1078-002-PPP,0.1,True
55909,D826A551F32E6A1F305389F3FB307FD4,GB,GB,P1020010A,-1,T134A,K005A,RF-1078-002-PPP,0.01,-1.0,VAL,2014,DDAC (mix),DDAC (mix),"Didecyldimethylammonium chloride (mixture of alkyl-quaternary ammonium salts with alkyl chain lengths of C8, C10 and C12)",RF-1078-002-PPP,0.1,True
55989,EEEAE1142FD8657CCB36A8F81C16675A,GB,GB,P1020010A,-1,T134A,K005A,RF-1078-004-PPP,0.03,-1.0,VAL,2014,BAC 12,BAC 12,BAC 12,RF-1078-004-PPP,0.1,True
55998,D7CD6F33574E7494A4FAE38D729FAFDE,GB,GB,P1020010A,-1,T134A,K005A,RF-1078-004-PPP,0.02,-1.0,VAL,2014,BAC 12,BAC 12,BAC 12,RF-1078-004-PPP,0.1,True
56010,BAEBE68300D6AA61DF4EBA994AEE13D9,GB,GB,P1020010A,-1,T134A,K005A,RF-1078-004-PPP,0.01,-1.0,VAL,2014,BAC 12,BAC 12,BAC 12,RF-1078-004-PPP,0.1,True
56020,08364C3A0FDD15077891E08DA47B4D63,GB,AA,P1020010A,-1,T134A,K005A,RF-1078-004-PPP,0.1,-1.0,VAL,2014,BAC 12,BAC 12,BAC 12,RF-1078-004-PPP,0.1,True
56030,D2F592CEEACCE2A2F8BE9CB65F06F154,GB,GB,P1020010A,-1,T134A,K005A,RF-1078-004-PPP,0.02,-1.0,VAL,2014,BAC 12,BAC 12,BAC 12,RF-1078-004-PPP,0.1,True
56033,E7827777F05B7BAA352C2A8AC5C4051E,GB,GB,P1020010A,-1,T134A,K005A,RF-1078-004-PPP,0.05,-1.0,VAL,2014,BAC 12,BAC 12,BAC 12,RF-1078-004-PPP,0.1,True
56035,0609F1424FD115080A1BC3181B6BA872,GB,GB,P1020010A,-1,T134A,K005A,RF-1078-004-PPP,0.03,-1.0,VAL,2014,BAC 12,BAC 12,BAC 12,RF-1078-004-PPP,0.1,True
56043,D82E1D9E01364C250781AFF3C943BE1E,GB,GB,P1020010A,-1,T134A,K005A,RF-1078-004-PPP,0.02,-1.0,VAL,2014,BAC 12,BAC 12,BAC 12,RF-1078-004-PPP,0.1,True
56050,642D9427E0EB84554B839FCBA8BCCD7E,GB,GB,P1020010A,-1,T134A,K005A,RF-1078-004-PPP,0.1,-1.0,VAL,2014,BAC 12,BAC 12,BAC 12,RF-1078-004-PPP,0.1,True
56051,D826A551F32E6A1F305389F3FB307FD4,GB,GB,P1020010A,-1,T134A,K005A,RF-1078-004-PPP,0.01,-1.0,VAL,2014,BAC 12,BAC 12,BAC 12,RF-1078-004-PPP,0.1,True
56092,08364C3A0FDD15077891E08DA47B4D63,GB,AA,P1020010A,-1,T134A,K005A,RF-1078-005-PPP,0.04,-1.0,VAL,2014,BAC 14,BAC 14,BAC 14,RF-1078-005-PPP,0.1,True
56105,E7827777F05B7BAA352C2A8AC5C4051E,GB,GB,P1020010A,-1,T134A,K005A,RF-1078-005-PPP,0.02,-1.0,VAL,2014,BAC 14,BAC 14,BAC 14,RF-1078-005-PPP,0.1,True
56122,642D9427E0EB84554B839FCBA8BCCD7E,GB,GB,P1020010A,-1,T134A,K005A,RF-1078-005-PPP,0.05,-1.0,VAL,2014,BAC 14,BAC 14,BAC 14,RF-1078-005-PPP,0.1,True
56326,8611B3DE35E9C32FEFA23E7E913A41A1,AT,AT,P1020010A,-1,T134A,K005A,RF-0237-001-PPP,0.019,-1.0,VAL,2015,Hexachlorobenzene,Hexachlorobenzene,Hexachlorobenzene,RF-0237-001-PPP,0.005,True
56328,3032725E0350E22B1ABDA9C8585406AC,AT,AT,P1020010A,-1,T134A,K005A,RF-0237-001-PPP,0.0505,-1.0,VAL,2015,Hexachlorobenzene,Hexachlorobenzene,Hexachlorobenzene,RF-0237-001-PPP,0.005,True
56329,1F794DA1C6B6D0650FE75DD196C69DF8,AT,AT,P1020010A,-1,T134A,K005A,RF-0237-001-PPP,0.023,-1.0,VAL,2015,Hexachlorobenzene,Hexachlorobenzene,Hexachlorobenzene,RF-0237-001-PPP,0.005,True
56331,49275B3B1371BD1831ECBA1B2E878D88,AT,AT,P1020010A,-1,T134A,K005A,RF-0237-001-PPP,0.2725,-1.0,VAL,2015,Hexachlorobenzene,Hexachlorobenzene,Hexachlorobenzene,RF-0237-001-PPP,0.005,True
56334,4E7B56027B2EED95D4558C7D0AD37664,AT,AT,P1020010A,-1,T134A,K005A,RF-0237-001-PPP,0.0145,-1.0,VAL,2015,Hexachlorobenzene,Hexachlorobenzene,Hexachlorobenzene,RF-0237-001-PPP,0.005,True
56509,5C0093A801E60AB101F33BFFC1797EAD,AT,AT,P1020010A,-1,T134A,K005A,RF-0237-001-PPP,0.0215,-1.0,VAL,2015,Hexachlorobenzene,Hexachlorobenzene,Hexachlorobenzene,RF-0237-001-PPP,0.005,True
56741,0892F8C7DB9BBECE5BD86A9FFDEAB464,AT,AT,P1020010A,-1,T134A,K005A,RF-0237-001-PPP,0.0105,-1.0,VAL,2015,Hexachlorobenzene,Hexachlorobenzene,Hexachlorobenzene,RF-0237-001-PPP,0.005,True
56750,A2DA98670E586EF444FB42869A497998,AT,AT,P1020010A,-1,T134A,K005A,RF-0237-001-PPP,0.0165,-1.0,VAL,2015,Hexachlorobenzene,Hexachlorobenzene,Hexachlorobenzene,RF-0237-001-PPP,0.005,True
56840,68F8655C3804E311339D1507B4F2C27B,AT,AT,P1020010A,-1,T134A,K005A,RF-0237-001-PPP,0.1005,-1.0,VAL,2015,Hexachlorobenzene,Hexachlorobenzene,Hexachlorobenzene,RF-0237-001-PPP,0.005,True
56896,C1C8EB95692EBBA5F3DDA20A8D7F50D3,CZ,CZ,P1020000A,A.01.001027,T134A,K018A,RF-0119-002-PPP,0.00258,15.46,VAL,2015,DDT (sum),"DDE, p,p-","DDE, p,p-",RF-0119-002-PPP,0.04,True
56908,C1C8EB95692EBBA5F3DDA20A8D7F50D3,CZ,CZ,P1020000A,A.01.001027,T134A,K018A,RF-0119-001-PPP,0.00258,15.46,VAL,2015,DDT (sum),DDT (sum),"DDT (sum of p,p'-DDT, o,p'-DDT, p-p'-DDE and p,p'-TDE (DDD) expressed as DDT)",RF-0119-001-PPP,0.04,True
56940,C1C8EB95692EBBA5F3DDA20A8D7F50D3,CZ,CZ,P1020000A,A.01.001027,T134A,K018A,RF-0237-001-PPP,0.00158,15.46,VAL,2015,Hexachlorobenzene,Hexachlorobenzene,Hexachlorobenzene,RF-0237-001-PPP,0.005,True
56958,C5A761E4ECFD24271ED712C98F451775,CZ,CZ,P1020010A,A.01.001348,T134A,K018A,RF-0119-002-PPP,0.01165,82.57,VAL,2015,DDT (sum),"DDE, p,p-","DDE, p,p-",RF-0119-002-PPP,0.04,True
56963,1CCA7C32EBA1A6619E74A5E13D075115,CZ,CZ,P1020010A,A.01.001348,T134A,K018A,RF-0119-002-PPP,0.01458,82.77,VAL,2015,DDT (sum),"DDE, p,p-","DDE, p,p-",RF-0119-002-PPP,0.04,True
56967,BB8A28AFEF1832E5D8301890FD35696D,CZ,CZ,P1020010A,A.01.001348,T134A,K018A,RF-0119-002-PPP,0.01357,82.54,VAL,2015,DDT (sum),"DDE, p,p-","DDE, p,p-",RF-0119-002-PPP,0.04,True
56978,3A4FCD201635463F09AC79A4AF8F2A2C,CZ,CZ,P1020010A,A.01.001348,T134A,K018A,RF-0119-002-PPP,0.01172,82.88,VAL,2015,DDT (sum),"DDE, p,p-","DDE, p,p-",RF-0119-002-PPP,0.04,True
56990,3A4FCD201635463F09AC79A4AF8F2A2C,CZ,CZ,P1020010A,A.01.001348,T134A,K018A,RF-0119-001-PPP,0.01172,82.88,VAL,2015,DDT (sum),DDT (sum),"DDT (sum of p,p'-DDT, o,p'-DDT, p-p'-DDE and p,p'-TDE (DDD) expressed as DDT)",RF-0119-001-PPP,0.04,True
56993,4483EAEBB99AE445B92583D4970605A0,CZ,CZ,P1020010A,A.01.001348,T134A,K018A,RF-0119-002-PPP,0.01082,83.81,VAL,2015,DDT (sum),"DDE, p,p-","DDE, p,p-",RF-0119-002-PPP,0.04,True
57005,4483EAEBB99AE445B92583D4970605A0,CZ,CZ,P1020010A,A.01.001348,T134A,K018A,RF-0119-001-PPP,0.01082,83.81,VAL,2015,DDT (sum),DDT (sum),"DDT (sum of p,p'-DDT, o,p'-DDT, p-p'-DDE and p,p'-TDE (DDD) expressed as DDT)",RF-0119-001-PPP,0.04,True
57016,C5A761E4ECFD24271ED712C98F451775,CZ,CZ,P1020010A,A.01.001348,T134A,K018A,RF-0119-001-PPP,0.01165,82.57,VAL,2015,DDT (sum),DDT (sum),"DDT (sum of p,p'-DDT, o,p'-DDT, p-p'-DDE and p,p'-TDE (DDD) expressed as DDT)",RF-0119-001-PPP,0.04,True
57036,1CCA7C32EBA1A6619E74A5E13D075115,CZ,CZ,P1020010A,A.01.001348,T134A,K018A,RF-0119-001-PPP,0.01457,82.77,VAL,2015,DDT (sum),DDT (sum),"DDT (sum of p,p'-DDT, o,p'-DDT, p-p'-DDE and p,p'-TDE (DDD) expressed as DDT)",RF-0119-001-PPP,0.04,True
57048,BB8A28AFEF1832E5D8301890FD35696D,CZ,CZ,P1020010A,A.01.001348,T134A,K018A,RF-0119-001-PPP,0.01357,82.54,VAL,2015,DDT (sum),DDT (sum),"DDT (sum of p,p'-DDT, o,p'-DDT, p-p'-DDE and p,p'-TDE (DDD) expressed as DDT)",RF-0119-001-PPP,0.04,True
57061,BB8A28AFEF1832E5D8301890FD35696D,CZ,CZ,P1020010A,A.01.001348,T134A,K018A,RF-0237-001-PPP,0.00659,82.54,VAL,2015,Hexachlorobenzene,Hexachlorobenzene,Hexachlorobenzene,RF-0237-001-PPP,0.005,True
57076,3A4FCD201635463F09AC79A4AF8F2A2C,CZ,CZ,P1020010A,A.01.001348,T134A,K018A,RF-0237-001-PPP,0.00606,82.88,VAL,2015,Hexachlorobenzene,Hexachlorobenzene,Hexachlorobenzene,RF-0237-001-PPP,0.005,True
57094,4483EAEBB99AE445B92583D4970605A0,CZ,CZ,P1020010A,A.01.001348,T134A,K018A,RF-0237-001-PPP,0.00635,83.81,VAL,2015,Hexachlorobenzene,Hexachlorobenzene,Hexachlorobenzene,RF-0237-001-PPP,0.005,True
57104,22323C6856688A35148197BFA210E23D,CZ,CZ,P1020010A,A.01.001348,T134A,K018A,RF-0119-002-PPP,0.01549,82.82,VAL,2015,DDT (sum),"DDE, p,p-","DDE, p,p-",RF-0119-002-PPP,0.04,True
57110,C5A761E4ECFD24271ED712C98F451775,CZ,CZ,P1020010A,A.01.001348,T134A,K018A,RF-0237-001-PPP,0.00762,82.57,VAL,2015,Hexachlorobenzene,Hexachlorobenzene,Hexachlorobenzene,RF-0237-001-PPP,0.005,True
57127,1CCA7C32EBA1A6619E74A5E13D075115,CZ,CZ,P1020010A,A.01.001348,T134A,K018A,RF-0237-001-PPP,0.00707,82.77,VAL,2015,Hexachlorobenzene,Hexachlorobenzene,Hexachlorobenzene,RF-0237-001-PPP,0.005,True
57158,47F9AA5A5BD36A97FBBE62A73F097F34,CZ,CZ,P1020010A,A.01.001348,T134A,K018A,RF-0119-002-PPP,0.0126,82.51,VAL,2015,DDT (sum),"DDE, p,p-","DDE, p,p-",RF-0119-002-PPP,0.04,True
57176,690BA6DCC7BD20B6BA61F726F6A6C96C,CZ,CZ,P1020010A,A.01.001348,T134A,K018A,RF-0119-002-PPP,0.01146,82.51,VAL,2015,DDT (sum),"DDE, p,p-","DDE, p,p-",RF-0119-002-PPP,0.04,True
57197,22323C6856688A35148197BFA210E23D,CZ,CZ,P1020010A,A.01.001348,T134A,K018A,RF-0119-001-PPP,0.01549,82.82,VAL,2015,DDT (sum),DDT (sum),"DDT (sum of p,p'-DDT, o,p'-DDT, p-p'-DDE and p,p'-TDE (DDD) expressed as DDT)",RF-0119-001-PPP,0.04,True
57209,C86CE8738124438C1B52F706270FB9CB,CZ,CZ,P1020000A,A.01.001053,T134A,K018A,RF-0119-002-PPP,0.00307,27.27,VAL,2015,DDT (sum),"DDE, p,p-","DDE, p,p-",RF-0119-002-PPP,0.04,True
57224,47F9AA5A5BD36A97FBBE62A73F097F34,CZ,CZ,P1020010A,A.01.001348,T134A,K018A,RF-0237-001-PPP,0.00778,82.51,VAL,2015,Hexachlorobenzene,Hexachlorobenzene,Hexachlorobenzene,RF-0237-001-PPP,0.005,True
57242,690BA6DCC7BD20B6BA61F726F6A6C96C,CZ,CZ,P1020010A,A.01.001348,T134A,K018A,RF-0237-001-PPP,0.00838,82.51,VAL,2015,Hexachlorobenzene,Hexachlorobenzene,Hexachlorobenzene,RF-0237-001-PPP,0.005,True
57251,22323C6856688A35148197BFA210E23D,CZ,CZ,P1020010A,A.01.001348,T134A,K018A,RF-0237-001-PPP,0.00674,82.82,VAL,2015,Hexachlorobenzene,Hexachlorobenzene,Hexachlorobenzene,RF-0237-001-PPP,0.005,True
57266,34C4BF837FA6C36DC5B94653F93EC3CC,CZ,CZ,P1020010A,A.01.001348,T134A,K018A,RF-0119-002-PPP,0.01109,83.54,VAL,2015,DDT (sum),"DDE, p,p-","DDE, p,p-",RF-0119-002-PPP,0.04,True
57280,C86CE8738124438C1B52F706270FB9CB,CZ,CZ,P1020000A,A.01.001053,T134A,K018A,RF-0119-001-PPP,0.00307,27.27,VAL,2015,DDT (sum),DDT (sum),"DDT (sum of p,p'-DDT, o,p'-DDT, p-p'-DDE and p,p'-TDE (DDD) expressed as DDT)",RF-0119-001-PPP,0.04,True
57307,05FDEA5DF569337A5E8E4864A9477AD1,CZ,CZ,P1020000A,A.01.001053,T134A,K018A,RF-0119-002-PPP,0.00508,35.27,VAL,2015,DDT (sum),"DDE, p,p-","DDE, p,p-",RF-0119-002-PPP,0.04,True
57326,34C4BF837FA6C36DC5B94653F93EC3CC,CZ,CZ,P1020010A,A.01.001348,T134A,K018A,RF-0119-001-PPP,0.01109,83.54,VAL,2015,DDT (sum),DDT (sum),"DDT (sum of p,p'-DDT, o,p'-DDT, p-p'-DDE and p,p'-TDE (DDD) expressed as DDT)",RF-0119-001-PPP,0.04,True
57341,C86CE8738124438C1B52F706270FB9CB,CZ,CZ,P1020000A,A.01.001053,T134A,K018A,RF-0237-001-PPP,0.0022,27.27,VAL,2015,Hexachlorobenzene,Hexachlorobenzene,Hexachlorobenzene,RF-0237-001-PPP,0.005,True
57356,F71F411EC39C06E9A904EB64DAFB0DD7,CZ,CZ,P1020000A,A.01.001054,T134A,K018A,RF-0119-002-PPP,0.00211,19.95,VAL,2015,DDT (sum),"DDE, p,p-","DDE, p,p-",RF-0119-002-PPP,0.04,True
57368,F71F411EC39C06E9A904EB64DAFB0DD7,CZ,CZ,P1020000A,A.01.001054,T134A,K018A,RF-0119-001-PPP,0.00211,19.95,VAL,2015,DDT (sum),DDT (sum),"DDT (sum of p,p'-DDT, o,p'-DDT, p-p'-DDE and p,p'-TDE (DDD) expressed as DDT)",RF-0119-001-PPP,0.04,True
57371,808FC3B9A2C0D826ACD21DC569BE7F28,CZ,CZ,P1020010A,A.01.001348,T134A,K018A,RF-0119-002-PPP,0.01055,82.95,VAL,2015,DDT (sum),"DDE, p,p-","DDE, p,p-",RF-0119-002-PPP,0.04,True
57383,808FC3B9A2C0D826ACD21DC569BE7F28,CZ,CZ,P1020010A,A.01.001348,T134A,K018A,RF-0119-001-PPP,0.01055,82.95,VAL,2015,DDT (sum),DDT (sum),"DDT (sum of p,p'-DDT, o,p'-DDT, p-p'-DDE and p,p'-TDE (DDD) expressed as DDT)",RF-0119-001-PPP,0.04,True
57392,05FDEA5DF569337A5E8E4864A9477AD1,CZ,CZ,P1020000A,A.01.001053,T134A,K018A,RF-0119-001-PPP,0.00508,35.27,VAL,2015,DDT (sum),DDT (sum),"DDT (sum of p,p'-DDT, o,p'-DDT, p-p'-DDE and p,p'-TDE (DDD) expressed as DDT)",RF-0119-001-PPP,0.04,True
57405,05FDEA5DF569337A5E8E4864A9477AD1,CZ,CZ,P1020000A,A.01.001053,T134A,K018A,RF-0237-001-PPP,0.00395,35.27,VAL,2015,Hexachlorobenzene,Hexachlorobenzene,Hexachlorobenzene,RF-0237-001-PPP,0.005,True
57412,34C4BF837FA6C36DC5B94653F93EC3CC,CZ,CZ,P1020010A,A.01.001348,T134A,K018A,RF-0237-001-PPP,0.00591,83.54,VAL,2015,Hexachlorobenzene,Hexachlorobenzene,Hexachlorobenzene,RF-0237-001-PPP,0.005,True
57435,F71F411EC39C06E9A904EB64DAFB0DD7,CZ,CZ,P1020000A,A.01.001054,T134A,K018A,RF-0237-001-PPP,0.00121,19.95,VAL,2015,Hexachlorobenzene,Hexachlorobenzene,Hexachlorobenzene,RF-0237-001-PPP,0.005,True
57451,808FC3B9A2C0D826ACD21DC569BE7F28,CZ,CZ,P1020010A,A.01.001348,T134A,K018A,RF-0237-001-PPP,0.00548,82.95,VAL,2015,Hexachlorobenzene,Hexachlorobenzene,Hexachlorobenzene,RF-0237-001-PPP,0.005,True
57478,351178362D65F1F17085E9EFD47E460B,CZ,CZ,P1020010A,A.01.001348,T134A,K018A,RF-0119-002-PPP,0.0112,83.68,VAL,2015,DDT (sum),"DDE, p,p-","DDE, p,p-",RF-0119-002-PPP,0.04,True
57501,351178362D65F1F17085E9EFD47E460B,CZ,CZ,P1020010A,A.01.001348,T134A,K018A,RF-0119-001-PPP,0.0112,83.68,VAL,2015,DDT (sum),DDT (sum),"DDT (sum of p,p'-DDT, o,p'-DDT, p-p'-DDE and p,p'-TDE (DDD) expressed as DDT)",RF-0119-001-PPP,0.04,True
57510,9A583055F45B268127B1CAD531EED1D5,CZ,CZ,P1020010A,A.01.001348,T134A,K018A,RF-0119-002-PPP,0.01264,82.68,VAL,2015,DDT (sum),"DDE, p,p-","DDE, p,p-",RF-0119-002-PPP,0.04,True
57522,9A583055F45B268127B1CAD531EED1D5,CZ,CZ,P1020010A,A.01.001348,T134A,K018A,RF-0119-001-PPP,0.01264,82.68,VAL,2015,DDT (sum),DDT (sum),"DDT (sum of p,p'-DDT, o,p'-DDT, p-p'-DDE and p,p'-TDE (DDD) expressed as DDT)",RF-0119-001-PPP,0.04,True
57529,182AC6EE3E264A25819B67AC5263AA2E,CZ,CZ,P1020010A,A.01.001348,T134A,K018A,RF-0119-002-PPP,0.01476,83.31,VAL,2015,DDT (sum),"DDE, p,p-","DDE, p,p-",RF-0119-002-PPP,0.04,True
57541,182AC6EE3E264A25819B67AC5263AA2E,CZ,CZ,P1020010A,A.01.001348,T134A,K018A,RF-0119-001-PPP,0.01476,83.31,VAL,2015,DDT (sum),DDT (sum),"DDT (sum of p,p'-DDT, o,p'-DDT, p-p'-DDE and p,p'-TDE (DDD) expressed as DDT)",RF-0119-001-PPP,0.04,True
57571,351178362D65F1F17085E9EFD47E460B,CZ,CZ,P1020010A,A.01.001348,T134A,K018A,RF-0237-001-PPP,0.00648,83.68,VAL,2015,Hexachlorobenzene,Hexachlorobenzene,Hexachlorobenzene,RF-0237-001-PPP,0.005,True
57591,9A583055F45B268127B1CAD531EED1D5,CZ,CZ,P1020010A,A.01.001348,T134A,K018A,RF-0237-001-PPP,0.00771,82.68,VAL,2015,Hexachlorobenzene,Hexachlorobenzene,Hexachlorobenzene,RF-0237-001-PPP,0.005,True
57611,182AC6EE3E264A25819B67AC5263AA2E,CZ,CZ,P1020010A,A.01.001348,T134A,K018A,RF-0237-001-PPP,0.00739,83.31,VAL,2015,Hexachlorobenzene,Hexachlorobenzene,Hexachlorobenzene,RF-0237-001-PPP,0.005,True
57638,39FECDA8DF9352F50F97E97EC1C17EE4,CZ,CZ,P1020010A,A.01.001348,T134A,K018A,RF-0119-002-PPP,0.01183,82.82,VAL,2015,DDT (sum),"DDE, p,p-","DDE, p,p-",RF-0119-002-PPP,0.04,True
57650,39FECDA8DF9352F50F97E97EC1C17EE4,CZ,CZ,P1020010A,A.01.001348,T134A,K018A,RF-0119-001-PPP,0.01183,82.82,VAL,2015,DDT (sum),DDT (sum),"DDT (sum of p,p'-DDT, o,p'-DDT, p-p'-DDE and p,p'-TDE (DDD) expressed as DDT)",RF-0119-001-PPP,0.04,True
57663,39FECDA8DF9352F50F97E97EC1C17EE4,CZ,CZ,P1020010A,A.01.001348,T134A,K018A,RF-0237-001-PPP,0.00786,82.82,VAL,2015,Hexachlorobenzene,Hexachlorobenzene,Hexachlorobenzene,RF-0237-001-PPP,0.005,True
57679,61B9D56F8EF1B53DB582CF3C524D503B,DE,DE,P1020010A,-1,T134A,K005A,RF-0237-001-PPP,0.001682,84.1,VAL,2015,Hexachlorobenzene,Hexachlorobenzene,Hexachlorobenzene,RF-0237-001-PPP,0.005,True
57697,A1C89D4EB7EDF9B087CF9073FE13FFF5,DE,DE,P1020010A,-1,T134A,K005A,RF-0119-001-PPP,0.000702,7.8,VAL,2015,DDT (sum),DDT (sum),"DDT (sum of p,p'-DDT, o,p'-DDT, p-p'-DDE and p,p'-TDE (DDD) expressed as DDT)",RF-0119-001-PPP,0.04,True
57703,6EA88F34D2BF3EBDC50C6205C3BD1C0E,DE,DE,P1020010A,-1,T134A,K005A,RF-0237-001-PPP,0.0004,15.1,VAL,2015,Hexachlorobenzene,Hexachlorobenzene,Hexachlorobenzene,RF-0237-001-PPP,0.005,True
57706,8F5E45C61AFD3A6F161FFF07763FF27A,DE,DE,P1020010A,-1,T134A,K005A,RF-0237-001-PPP,0.0005,15.7,VAL,2015,Hexachlorobenzene,Hexachlorobenzene,Hexachlorobenzene,RF-0237-001-PPP,0.005,True
57712,49E8E79D00949C81247E4A1A4F02D13A,DE,DE,P1020010A,-1,T134A,K005A,RF-0237-001-PPP,0.0017,85.0,VAL,2015,Hexachlorobenzene,Hexachlorobenzene,Hexachlorobenzene,RF-0237-001-PPP,0.005,True
57714,596641FC3BC506F71DE7E12D9A90FC7E,DE,DE,P1020010A,-1,T134A,K005A,RF-0237-001-PPP,0.0005,15.6,VAL,2015,Hexachlorobenzene,Hexachlorobenzene,Hexachlorobenzene,RF-0237-001-PPP,0.005,True
57721,99501C4D218A5DC1CDA56B7C5512B20D,DE,DE,P1020010A,-1,T134A,K005A,RF-0119-001-PPP,0.0002,15.4,VAL,2015,DDT (sum),DDT (sum),"DDT (sum of p,p'-DDT, o,p'-DDT, p-p'-DDE and p,p'-TDE (DDD) expressed as DDT)",RF-0119-001-PPP,0.04,True
57731,99501C4D218A5DC1CDA56B7C5512B20D,DE,DE,P1020010A,-1,T134A,K005A,RF-0237-001-PPP,0.0002,15.4,VAL,2015,Hexachlorobenzene,Hexachlorobenzene,Hexachlorobenzene,RF-0237-001-PPP,0.005,True
57832,63D167C5BF7D45EA78C79F75EDF5EED9,DE,DE,P1020010A,-1,T134A,K005A,RF-0119-001-PPP,0.00246,82.0,VAL,2015,DDT (sum),DDT (sum),"DDT (sum of p,p'-DDT, o,p'-DDT, p-p'-DDE and p,p'-TDE (DDD) expressed as DDT)",RF-0119-001-PPP,0.04,True
57833,67192B0749FBCFB70547060817977D1B,DE,DE,P1020010A,-1,T134A,K005A,RF-0119-001-PPP,0.0001,15.3,VAL,2015,DDT (sum),DDT (sum),"DDT (sum of p,p'-DDT, o,p'-DDT, p-p'-DDE and p,p'-TDE (DDD) expressed as DDT)",RF-0119-001-PPP,0.04,True
57839,63D167C5BF7D45EA78C79F75EDF5EED9,DE,DE,P1020010A,-1,T134A,K005A,RF-0237-001-PPP,0.00164,82.0,VAL,2015,Hexachlorobenzene,Hexachlorobenzene,Hexachlorobenzene,RF-0237-001-PPP,0.005,True
57842,67192B0749FBCFB70547060817977D1B,DE,DE,P1020010A,-1,T134A,K005A,RF-0237-001-PPP,0.0003,15.3,VAL,2015,Hexachlorobenzene,Hexachlorobenzene,Hexachlorobenzene,RF-0237-001-PPP,0.005,True
57852,AF86910F5E1FE42CBC92EC3C8BE4C738,DE,PL,P1020010A,-1,T134A,K005A,RF-0119-001-PPP,0.008229,82.0,VAL,2015,DDT (sum),DDT (sum),"DDT (sum of p,p'-DDT, o,p'-DDT, p-p'-DDE and p,p'-TDE (DDD) expressed as DDT)",RF-0119-001-PPP,0.04,True
57863,267EF5411C50B46371B65024C4DFE8C9,DE,DE,P1020010A,-1,T134A,K005A,RF-0119-001-PPP,0.0003,19.3,VAL,2015,DDT (sum),DDT (sum),"DDT (sum of p,p'-DDT, o,p'-DDT, p-p'-DDE and p,p'-TDE (DDD) expressed as DDT)",RF-0119-001-PPP,0.04,True
57880,F284E7BA6EA77695214B0D539B1F31C8,DE,DE,P1020010A,-1,T134A,K005A,RF-0119-001-PPP,0.0002,19.1,VAL,2015,DDT (sum),DDT (sum),"DDT (sum of p,p'-DDT, o,p'-DDT, p-p'-DDE and p,p'-TDE (DDD) expressed as DDT)",RF-0119-001-PPP,0.04,True
57881,5516140E954B937C06F5D7C26CECC3D4,DE,DE,P1020010A,-1,T134A,K005A,RF-0119-001-PPP,0.0002,19.1,VAL,2015,DDT (sum),DDT (sum),"DDT (sum of p,p'-DDT, o,p'-DDT, p-p'-DDE and p,p'-TDE (DDD) expressed as DDT)",RF-0119-001-PPP,0.04,True
57883,596641FC3BC506F71DE7E12D9A90FC7E,DE,DE,P1020010A,-1,T134A,K005A,RF-0119-001-PPP,0.0001,15.6,VAL,2015,DDT (sum),DDT (sum),"DDT (sum of p,p'-DDT, o,p'-DDT, p-p'-DDE and p,p'-TDE (DDD) expressed as DDT)",RF-0119-001-PPP,0.04,True
57914,267EF5411C50B46371B65024C4DFE8C9,DE,DE,P1020010A,-1,T134A,K005A,RF-0237-001-PPP,0.0006,19.3,VAL,2015,Hexachlorobenzene,Hexachlorobenzene,Hexachlorobenzene,RF-0237-001-PPP,0.005,True
57977,D261D0644C0178C28D4036182796A8DB,DE,IT,P1020010A,-1,T134A,K005A,RF-0237-001-PPP,0.000158,15.8,VAL,2015,Hexachlorobenzene,Hexachlorobenzene,Hexachlorobenzene,RF-0237-001-PPP,0.005,True
57994,6EA88F34D2BF3EBDC50C6205C3BD1C0E,DE,DE,P1020010A,-1,T134A,K005A,RF-0119-001-PPP,0.0001,15.1,VAL,2015,DDT (sum),DDT (sum),"DDT (sum of p,p'-DDT, o,p'-DDT, p-p'-DDE and p,p'-TDE (DDD) expressed as DDT)",RF-0119-001-PPP,0.04,True
57998,AA4D48D78784CC5BB1318CADFD8901C6,DE,DE,P1020010A,-1,T134A,K005A,RF-0119-001-PPP,0.0001,19.3,VAL,2015,DDT (sum),DDT (sum),"DDT (sum of p,p'-DDT, o,p'-DDT, p-p'-DDE and p,p'-TDE (DDD) expressed as DDT)",RF-0119-001-PPP,0.04,True
58018,5F6F3AEF7D91E9533A39B2CCFADA72F4,DE,DE,P1020010A,-1,T134A,K005A,RF-0237-001-PPP,0.0005,15.4,VAL,2015,Hexachlorobenzene,Hexachlorobenzene,Hexachlorobenzene,RF-0237-001-PPP,0.005,True
58057,C1A00F397F39B8B8DC7CF720FEA1BAC0,DE,DE,P1020010A,-1,T134A,K005A,RF-0237-001-PPP,0.0004,16.5,VAL,2015,Hexachlorobenzene,Hexachlorobenzene,Hexachlorobenzene,RF-0237-001-PPP,0.005,True
58062,AA4D48D78784CC5BB1318CADFD8901C6,DE,DE,P1020010A,-1,T134A,K005A,RF-0237-001-PPP,0.0005,19.3,VAL,2015,Hexachlorobenzene,Hexachlorobenzene,Hexachlorobenzene,RF-0237-001-PPP,0.005,True
58070,5516140E954B937C06F5D7C26CECC3D4,DE,DE,P1020010A,-1,T134A,K005A,RF-0237-001-PPP,0.0003,19.1,VAL,2015,Hexachlorobenzene,Hexachlorobenzene,Hexachlorobenzene,RF-0237-001-PPP,0.005,True
58083,6E0634D2266F654E45468D5BD44691C2,DE,DE,P1020010A,-1,T134A,K005A,RF-0237-001-PPP,0.0007,19.0,VAL,2015,Hexachlorobenzene,Hexachlorobenzene,Hexachlorobenzene,RF-0237-001-PPP,0.005,True
58146,3D22BAA9F8B90F1EAA7C48DD1868A352,DE,DE,P1020010A,-1,T134A,K005A,RF-0237-001-PPP,0.003304,82.6,VAL,2015,Hexachlorobenzene,Hexachlorobenzene,Hexachlorobenzene,RF-0237-001-PPP,0.005,True
58160,6BE66280716FE559822BDC21B2D435B4,DE,DE,P1020010A,-1,T134A,K005A,RF-0119-001-PPP,0.00837,83.7,VAL,2015,DDT (sum),DDT (sum),"DDT (sum of p,p'-DDT, o,p'-DDT, p-p'-DDE and p,p'-TDE (DDD) expressed as DDT)",RF-0119-001-PPP,0.04,True
58177,06D74D9FA7E85EF29854405D32D61988,DE,DE,P1020010A,-1,T134A,K005A,RF-0237-001-PPP,0.00249,83.0,VAL,2015,Hexachlorobenzene,Hexachlorobenzene,Hexachlorobenzene,RF-0237-001-PPP,0.005,True
58202,F694FABE9764F9CE10D8AB79D12F7F62,DE,DE,P1020010A,-1,T134A,K005A,RF-0237-001-PPP,0.001692,84.6,VAL,2015,Hexachlorobenzene,Hexachlorobenzene,Hexachlorobenzene,RF-0237-001-PPP,0.005,True
58206,6A037575A23F71FBB6398F02AEA27FB9,DE,DE,P1020010A,-1,T134A,K005A,RF-0237-001-PPP,0.001682,84.1,VAL,2015,Hexachlorobenzene,Hexachlorobenzene,Hexachlorobenzene,RF-0237-001-PPP,0.005,True
58207,61B9D56F8EF1B53DB582CF3C524D503B,DE,DE,P1020010A,-1,T134A,K005A,RF-0119-001-PPP,0.006728,84.1,VAL,2015,DDT (sum),DDT (sum),"DDT (sum of p,p'-DDT, o,p'-DDT, p-p'-DDE and p,p'-TDE (DDD) expressed as DDT)",RF-0119-001-PPP,0.04,True
58220,6F5ADBD5DAC69436E055F823E505569A,DE,DE,P1020010A,-1,T134A,K005A,RF-0237-001-PPP,0.001658,82.9,VAL,2015,Hexachlorobenzene,Hexachlorobenzene,Hexachlorobenzene,RF-0237-001-PPP,0.005,True
58224,929051D40D2E086E171E11F2AF1DBEA7,DE,DE,P1020010A,-1,T134A,K005A,RF-0237-001-PPP,0.0017,85.0,VAL,2015,Hexachlorobenzene,Hexachlorobenzene,Hexachlorobenzene,RF-0237-001-PPP,0.005,True
58234,4DB66E77B2EA0A0C5F4D1BB7FCAD748A,DE,DE,P1020010A,-1,T134A,K005A,RF-0237-001-PPP,0.002514,83.8,VAL,2015,Hexachlorobenzene,Hexachlorobenzene,Hexachlorobenzene,RF-0237-001-PPP,0.005,True
58280,7346C6C18DE47B007589EDA273FE9E6B,DE,DE,P1020010A,-1,T134A,K005A,RF-0237-001-PPP,0.00033,16.5,VAL,2015,Hexachlorobenzene,Hexachlorobenzene,Hexachlorobenzene,RF-0237-001-PPP,0.005,True
58293,6BE66280716FE559822BDC21B2D435B4,DE,DE,P1020010A,-1,T134A,K005A,RF-0237-001-PPP,0.000837,83.7,VAL,2015,Hexachlorobenzene,Hexachlorobenzene,Hexachlorobenzene,RF-0237-001-PPP,0.005,True
58386,5F7E3FDEE6A95F46FAD8D1E17BD88FE5,DE,DE,P1020010A,-1,T134A,K005A,RF-0237-001-PPP,0.001686,84.3,VAL,2015,Hexachlorobenzene,Hexachlorobenzene,Hexachlorobenzene,RF-0237-001-PPP,0.005,True
58403,5A49D3239892C243CE44EC828984D09F,DE,DE,P1020010A,-1,T134A,K005A,RF-0237-001-PPP,0.00057,19.0,VAL,2015,Hexachlorobenzene,Hexachlorobenzene,Hexachlorobenzene,RF-0237-001-PPP,0.005,True
58430,61A7F4E6EA316768747FD46ECC7F9749,DE,DE,P1020010A,-1,T134A,K005A,RF-0119-001-PPP,0.0002,17.0,VAL,2015,DDT (sum),DDT (sum),"DDT (sum of p,p'-DDT, o,p'-DDT, p-p'-DDE and p,p'-TDE (DDD) expressed as DDT)",RF-0119-001-PPP,0.04,True
58453,BF84E60EFA51B6691C8AC88109842B7D,DE,DE,P1020010A,-1,T134A,K005A,RF-0237-001-PPP,0.0003,16.4,VAL,2015,Hexachlorobenzene,Hexachlorobenzene,Hexachlorobenzene,RF-0237-001-PPP,0.005,True
58473,A70E812171F795FC4BE009AD99E6F536,DE,DE,P1020010A,-1,T134A,K005A,RF-0237-001-PPP,0.0004,20.1,VAL,2015,Hexachlorobenzene,Hexachlorobenzene,Hexachlorobenzene,RF-0237-001-PPP,0.005,True
58477,BF84E60EFA51B6691C8AC88109842B7D,DE,DE,P1020010A,-1,T134A,K005A,RF-0119-001-PPP,0.0003,16.4,VAL,2015,DDT (sum),DDT (sum),"DDT (sum of p,p'-DDT, o,p'-DDT, p-p'-DDE and p,p'-TDE (DDD) expressed as DDT)",RF-0119-001-PPP,0.04,True
58484,6ED2ABFCCDEAE14F586FD0576B5208AB,DE,CZ,P1020010A,-1,T134A,K005A,RF-0237-001-PPP,0.0006,19.4,VAL,2015,Hexachlorobenzene,Hexachlorobenzene,Hexachlorobenzene,RF-0237-001-PPP,0.005,True
58490,6ED2ABFCCDEAE14F586FD0576B5208AB,DE,CZ,P1020010A,-1,T134A,K005A,RF-0119-001-PPP,0.0021,19.4,VAL,2015,DDT (sum),DDT (sum),"DDT (sum of p,p'-DDT, o,p'-DDT, p-p'-DDE and p,p'-TDE (DDD) expressed as DDT)",RF-0119-001-PPP,0.04,True
58496,C1A00F397F39B8B8DC7CF720FEA1BAC0,DE,DE,P1020010A,-1,T134A,K005A,RF-0119-001-PPP,0.0001,16.5,VAL,2015,DDT (sum),DDT (sum),"DDT (sum of p,p'-DDT, o,p'-DDT, p-p'-DDE and p,p'-TDE (DDD) expressed as DDT)",RF-0119-001-PPP,0.04,True
58518,F284E7BA6EA77695214B0D539B1F31C8,DE,DE,P1020010A,-1,T134A,K005A,RF-0237-001-PPP,0.0004,19.1,VAL,2015,Hexachlorobenzene,Hexachlorobenzene,Hexachlorobenzene,RF-0237-001-PPP,0.005,True
58526,A70E812171F795FC4BE009AD99E6F536,DE,DE,P1020010A,-1,T134A,K005A,RF-0119-001-PPP,0.0002,20.1,VAL,2015,DDT (sum),DDT (sum),"DDT (sum of p,p'-DDT, o,p'-DDT, p-p'-DDE and p,p'-TDE (DDD) expressed as DDT)",RF-0119-001-PPP,0.04,True
58541,755EE14BF70496E45869A30C1C6ED538,DE,DE,P1020010A,-1,T134A,K005A,RF-0237-001-PPP,0.0002,15.8,VAL,2015,Hexachlorobenzene,Hexachlorobenzene,Hexachlorobenzene,RF-0237-001-PPP,0.005,True
58552,755EE14BF70496E45869A30C1C6ED538,DE,DE,P1020010A,-1,T134A,K005A,RF-0119-001-PPP,0.0002,15.8,VAL,2015,DDT (sum),DDT (sum),"DDT (sum of p,p'-DDT, o,p'-DDT, p-p'-DDE and p,p'-TDE (DDD) expressed as DDT)",RF-0119-001-PPP,0.04,True
58566,6E0634D2266F654E45468D5BD44691C2,DE,DE,P1020010A,-1,T134A,K005A,RF-0119-001-PPP,0.0009,19.0,VAL,2015,DDT (sum),DDT (sum),"DDT (sum of p,p'-DDT, o,p'-DDT, p-p'-DDE and p,p'-TDE (DDD) expressed as DDT)",RF-0119-001-PPP,0.04,True
58597,8F5E45C61AFD3A6F161FFF07763FF27A,DE,DE,P1020010A,-1,T134A,K005A,RF-0119-001-PPP,0.0012,15.7,VAL,2015,DDT (sum),DDT (sum),"DDT (sum of p,p'-DDT, o,p'-DDT, p-p'-DDE and p,p'-TDE (DDD) expressed as DDT)",RF-0119-001-PPP,0.04,True
58613,F00E6A1856BF03F1B9EAAC61500453FD,DE,DE,P1020010A,-1,T134A,K005A,RF-0237-001-PPP,0.000696,17.4,VAL,2015,Hexachlorobenzene,Hexachlorobenzene,Hexachlorobenzene,RF-0237-001-PPP,0.005,True
58644,6F5ADBD5DAC69436E055F823E505569A,DE,DE,P1020010A,-1,T134A,K005A,RF-0119-001-PPP,0.001658,82.9,VAL,2015,DDT (sum),DDT (sum),"DDT (sum of p,p'-DDT, o,p'-DDT, p-p'-DDE and p,p'-TDE (DDD) expressed as DDT)",RF-0119-001-PPP,0.04,True
58708,475D9D82B032B3794B60F1B93E88130B,DE,DE,P1020010A,-1,T134A,K005A,RF-0119-001-PPP,0.001662,83.1,VAL,2015,DDT (sum),DDT (sum),"DDT (sum of p,p'-DDT, o,p'-DDT, p-p'-DDE and p,p'-TDE (DDD) expressed as DDT)",RF-0119-001-PPP,0.04,True
58829,697C6423A49F01629ACF44DAE0521859,DE,DE,P1020010A,-1,T134A,K005A,RF-0237-001-PPP,0.002493,83.1,VAL,2015,Hexachlorobenzene,Hexachlorobenzene,Hexachlorobenzene,RF-0237-001-PPP,0.005,True
58832,8B360646A70E3D0D574A4788C0081E30,DE,AT,P1020010A,-1,T134A,K005A,RF-0237-001-PPP,0.003508,87.7,VAL,2015,Hexachlorobenzene,Hexachlorobenzene,Hexachlorobenzene,RF-0237-001-PPP,0.005,True
58868,F7F9446789C08F13D25E79BD12E9AAFA,DE,DE,P1020010A,-1,T134A,K005A,RF-0237-001-PPP,0.00169,84.5,VAL,2015,Hexachlorobenzene,Hexachlorobenzene,Hexachlorobenzene,RF-0237-001-PPP,0.005,True
58918,1BD40D310B88D6D1CC1B1A6EB38BF1FD,DE,DE,P1020010A,-1,T134A,K005A,RF-0237-001-PPP,0.00038,19.0,VAL,2015,Hexachlorobenzene,Hexachlorobenzene,Hexachlorobenzene,RF-0237-001-PPP,0.005,True
58925,475D9D82B032B3794B60F1B93E88130B,DE,DE,P1020010A,-1,T134A,K005A,RF-0237-001-PPP,0.002493,83.1,VAL,2015,Hexachlorobenzene,Hexachlorobenzene,Hexachlorobenzene,RF-0237-001-PPP,0.005,True
58947,A1C89D4EB7EDF9B087CF9073FE13FFF5,DE,DE,P1020010A,-1,T134A,K005A,RF-0237-001-PPP,7.8e-05,7.8,VAL,2015,Hexachlorobenzene,Hexachlorobenzene,Hexachlorobenzene,RF-0237-001-PPP,0.005,True
58983,3C43BF7BABCC88D4AB7BBB0EED7DEF54,DE,DE,P1020010A,-1,T134A,K005A,RF-0119-001-PPP,0.00165,82.5,VAL,2015,DDT (sum),DDT (sum),"DDT (sum of p,p'-DDT, o,p'-DDT, p-p'-DDE and p,p'-TDE (DDD) expressed as DDT)",RF-0119-001-PPP,0.04,True
58991,697C6423A49F01629ACF44DAE0521859,DE,DE,P1020010A,-1,T134A,K005A,RF-0119-001-PPP,0.001662,83.1,VAL,2015,DDT (sum),DDT (sum),"DDT (sum of p,p'-DDT, o,p'-DDT, p-p'-DDE and p,p'-TDE (DDD) expressed as DDT)",RF-0119-001-PPP,0.04,True
59009,BF6AE347875D2EDE0A86D3913F9365C2,DE,DE,P1020010A,-1,T134A,K005A,RF-0237-001-PPP,0.00501,83.5,VAL,2015,Hexachlorobenzene,Hexachlorobenzene,Hexachlorobenzene,RF-0237-001-PPP,0.005,True
59057,06D74D9FA7E85EF29854405D32D61988,DE,DE,P1020010A,-1,T134A,K005A,RF-0119-001-PPP,0.00249,83.0,VAL,2015,DDT (sum),DDT (sum),"DDT (sum of p,p'-DDT, o,p'-DDT, p-p'-DDE and p,p'-TDE (DDD) expressed as DDT)",RF-0119-001-PPP,0.04,True
59074,3C43BF7BABCC88D4AB7BBB0EED7DEF54,DE,DE,P1020010A,-1,T134A,K005A,RF-0237-001-PPP,0.004125,82.5,VAL,2015,Hexachlorobenzene,Hexachlorobenzene,Hexachlorobenzene,RF-0237-001-PPP,0.005,True
59083,4DB66E77B2EA0A0C5F4D1BB7FCAD748A,DE,DE,P1020010A,-1,T134A,K005A,RF-0119-001-PPP,0.001676,83.8,VAL,2015,DDT (sum),DDT (sum),"DDT (sum of p,p'-DDT, o,p'-DDT, p-p'-DDE and p,p'-TDE (DDD) expressed as DDT)",RF-0119-001-PPP,0.04,True
59135,64F504ED0562107994001BE9B4662500,DE,DE,P1020010A,-1,T134A,K005A,RF-0237-001-PPP,0.002511,83.7,VAL,2015,Hexachlorobenzene,Hexachlorobenzene,Hexachlorobenzene,RF-0237-001-PPP,0.005,True
59154,61A7F4E6EA316768747FD46ECC7F9749,DE,DE,P1020010A,-1,T134A,K005A,RF-0237-001-PPP,0.0006,17.0,VAL,2015,Hexachlorobenzene,Hexachlorobenzene,Hexachlorobenzene,RF-0237-001-PPP,0.005,True
59190,D20870B5FC29EA665861FF743231BC32,DE,DE,P1020010A,-1,T134A,K005A,RF-0119-001-PPP,0.002399,26.9,VAL,2015,DDT (sum),DDT (sum),"DDT (sum of p,p'-DDT, o,p'-DDT, p-p'-DDE and p,p'-TDE (DDD) expressed as DDT)",RF-0119-001-PPP,0.04,True
59238,E8CC6C4B4300FC14EC7CC3DB66CF7563,DE,DE,P1020010A,-1,T134A,K005A,RF-0277-001-PPP,0.0032,83.05,VAL,2015,Mercury compounds,Mercury compounds,Mercury compounds (sum of mercury compounds expressed as mercury),RF-0277-001-PPP,0.01,True
59291,9D127E08AC482B19379183DA9CF6FFA5,DE,DE,P1020010A,-1,T134A,K005A,RF-0237-001-PPP,0.0005,21.7,VAL,2015,Hexachlorobenzene,Hexachlorobenzene,Hexachlorobenzene,RF-0237-001-PPP,0.005,True
59297,7624407678D18D8DDA7A55CB79513CCA,DE,DE,P1020010A,-1,T134A,K005A,RF-0119-001-PPP,0.001752,31.3,VAL,2015,DDT (sum),DDT (sum),"DDT (sum of p,p'-DDT, o,p'-DDT, p-p'-DDE and p,p'-TDE (DDD) expressed as DDT)",RF-0119-001-PPP,0.04,True
59326,9279245A5C985C213B07C62C5E751973,DE,DE,P1020010A,-1,T134A,K005A,RF-0237-001-PPP,0.0005,21.1,VAL,2015,Hexachlorobenzene,Hexachlorobenzene,Hexachlorobenzene,RF-0237-001-PPP,0.005,True
59398,BB01F6E2AA44C47EA4C58B259886E9F7,DE,DE,P1020010A,-1,T134A,K005A,RF-0277-001-PPP,0.0031,82.42,VAL,2015,Mercury compounds,Mercury compounds,Mercury compounds (sum of mercury compounds expressed as mercury),RF-0277-001-PPP,0.01,True
59433,70439C5DA2535CB6253314D57862EA8D,DE,DE,P1020010A,-1,T134A,K005A,RF-0119-001-PPP,0.0002,22.2,VAL,2015,DDT (sum),DDT (sum),"DDT (sum of p,p'-DDT, o,p'-DDT, p-p'-DDE and p,p'-TDE (DDD) expressed as DDT)",RF-0119-001-PPP,0.04,True
59458,BEB30FE0F7956A99431B9037B77A7B94,DE,DE,P1020010A,-1,T134A,K005A,RF-0119-001-PPP,0.0002,22.0,VAL,2015,DDT (sum),DDT (sum),"DDT (sum of p,p'-DDT, o,p'-DDT, p-p'-DDE and p,p'-TDE (DDD) expressed as DDT)",RF-0119-001-PPP,0.04,True
59465,70439C5DA2535CB6253314D57862EA8D,DE,DE,P1020010A,-1,T134A,K005A,RF-0237-001-PPP,0.0003,22.2,VAL,2015,Hexachlorobenzene,Hexachlorobenzene,Hexachlorobenzene,RF-0237-001-PPP,0.005,True
59503,C5706452933ED0C07D5C0885D55D184A,DE,DE,P1020010A,-1,T134A,K005A,RF-0119-001-PPP,0.0038,29.4,VAL,2015,DDT (sum),DDT (sum),"DDT (sum of p,p'-DDT, o,p'-DDT, p-p'-DDE and p,p'-TDE (DDD) expressed as DDT)",RF-0119-001-PPP,0.04,True
59554,BF91E08D58336DF17DCCC98D6D9DFF56,DE,DE,P1020010A,-1,T134A,K005A,RF-0277-001-PPP,0.0031,83.23,VAL,2015,Mercury compounds,Mercury compounds,Mercury compounds (sum of mercury compounds expressed as mercury),RF-0277-001-PPP,0.01,True
59640,9505C69119044744293379D0F4CBB250,DE,DE,P1020010A,-1,T134A,K005A,RF-0277-001-PPP,0.002,31.33,VAL,2015,Mercury compounds,Mercury compounds,Mercury compounds (sum of mercury compounds expressed as mercury),RF-0277-001-PPP,0.01,True
81271,E468CF84EA93B4B0A8B6C1600F6AA1D3,EE,EE,P1020010A,-1,T134A,K018A,RF-0054-001-PPP,0.017,-1.0,VAL,2015,Bromuconazole (sum),Bromuconazole (sum),Bromuconazole (sum of diasteroisomers),RF-0054-001-PPP,0.01,True
81272,E468CF84EA93B4B0A8B6C1600F6AA1D3,EE,EE,P1020010A,-1,T134A,K018A,RF-0054-001-PPP,0.017,-1.0,VAL,2015,Bromuconazole (sum),Bromuconazole (sum),Bromuconazole (sum of diasteroisomers),RF-0054-001-PPP,0.01,True
82562,EF81053900696127DBFA3F10579A7DA0,GB,GB,P1020010A,-1,T134A,K018A,RF-1078-004-PPP,0.1,-1.0,VAL,2015,BAC 12,BAC 12,BAC 12,RF-1078-004-PPP,0.1,True
82563,EF81053900696127DBFA3F10579A7DA0,GB,GB,P1020010A,-1,T134A,K018A,RF-1078-005-PPP,0.05,-1.0,VAL,2015,BAC 14,BAC 14,BAC 14,RF-1078-005-PPP,0.1,True
82565,EF81053900696127DBFA3F10579A7DA0,GB,GB,P1020010A,-1,T134A,K018A,RF-00002582-PAR,0.2,-1.0,VAL,2015,Benzalkonium chloride,Benzalkonium chloride,Benzalkonium chloride (BAC),RF-00002582-PAR,0.1,True
82585,1DEE07DD87945DDFC85C701EC13A729F,GB,GB,P1020010A,-1,T134A,K018A,RF-1078-004-PPP,0.02,-1.0,VAL,2015,BAC 12,BAC 12,BAC 12,RF-1078-004-PPP,0.1,True
82588,1DEE07DD87945DDFC85C701EC13A729F,GB,GB,P1020010A,-1,T134A,K018A,RF-00002582-PAR,0.02,-1.0,VAL,2015,Benzalkonium chloride,Benzalkonium chloride,Benzalkonium chloride (BAC),RF-00002582-PAR,0.1,True
82688,EDFC94C646BC19DAB65D2BB90C9A68C1,GB,GB,P1020010A,-1,T134A,K018A,RF-1078-004-PPP,0.2,-1.0,VAL,2015,BAC 12,BAC 12,BAC 12,RF-1078-004-PPP,0.1,True
82689,EDFC94C646BC19DAB65D2BB90C9A68C1,GB,GB,P1020010A,-1,T134A,K018A,RF-1078-005-PPP,0.05,-1.0,VAL,2015,BAC 14,BAC 14,BAC 14,RF-1078-005-PPP,0.1,True
82780,F83A32ED8354A56D29CA8DA08822A607,GB,GB,P1020010A,-1,T134A,K018A,RF-1078-004-PPP,0.07,-1.0,VAL,2015,BAC 12,BAC 12,BAC 12,RF-1078-004-PPP,0.1,True
82781,F83A32ED8354A56D29CA8DA08822A607,GB,GB,P1020010A,-1,T134A,K018A,RF-1078-005-PPP,0.02,-1.0,VAL,2015,BAC 14,BAC 14,BAC 14,RF-1078-005-PPP,0.1,True
82783,F83A32ED8354A56D29CA8DA08822A607,GB,GB,P1020010A,-1,T134A,K018A,RF-00002582-PAR,0.1,-1.0,VAL,2015,Benzalkonium chloride,Benzalkonium chloride,Benzalkonium chloride (BAC),RF-00002582-PAR,0.1,True
82962,EDFC94C646BC19DAB65D2BB90C9A68C1,GB,GB,P1020010A,-1,T134A,K018A,RF-00002582-PAR,0.2,-1.0,VAL,2015,Benzalkonium chloride,Benzalkonium chloride,Benzalkonium chloride (BAC),RF-00002582-PAR,0.1,True
82986,CEAD99425C54A5608C1A46CE178AA32B,GB,GB,P1020010A,-1,T134A,K018A,RF-1078-004-PPP,0.02,-1.0,VAL,2015,BAC 12,BAC 12,BAC 12,RF-1078-004-PPP,0.1,True
82989,CEAD99425C54A5608C1A46CE178AA32B,GB,GB,P1020010A,-1,T134A,K018A,RF-00002582-PAR,0.02,-1.0,VAL,2015,Benzalkonium chloride,Benzalkonium chloride,Benzalkonium chloride (BAC),RF-00002582-PAR,0.1,True
83011,AA81E2A989BEA96B68C3ED4F2698D569,GB,GB,P1020010A,-1,T134A,K018A,RF-1078-004-PPP,0.01,-1.0,VAL,2015,BAC 12,BAC 12,BAC 12,RF-1078-004-PPP,0.1,True
83014,AA81E2A989BEA96B68C3ED4F2698D569,GB,GB,P1020010A,-1,T134A,K018A,RF-00002582-PAR,0.01,-1.0,VAL,2015,Benzalkonium chloride,Benzalkonium chloride,Benzalkonium chloride (BAC),RF-00002582-PAR,0.1,True
83107,6470670574604F39CAA09F5CA70E99C7,GB,GB,P1020010A,-1,T134A,K018A,RF-1078-004-PPP,0.01,-1.0,VAL,2015,BAC 12,BAC 12,BAC 12,RF-1078-004-PPP,0.1,True
83154,6D3146C8C2731186090704BA1D02079E,GB,IE,P1020010A,-1,T134A,K018A,RF-1078-004-PPP,0.2,-1.0,VAL,2015,BAC 12,BAC 12,BAC 12,RF-1078-004-PPP,0.1,True
83155,6D3146C8C2731186090704BA1D02079E,GB,IE,P1020010A,-1,T134A,K018A,RF-1078-005-PPP,0.05,-1.0,VAL,2015,BAC 14,BAC 14,BAC 14,RF-1078-005-PPP,0.1,True
83180,790064234806FF95DB06ED9A7BC24958,GB,GB,P1020010A,-1,T134A,K018A,RF-1078-004-PPP,0.01,-1.0,VAL,2015,BAC 12,BAC 12,BAC 12,RF-1078-004-PPP,0.1,True
83376,6470670574604F39CAA09F5CA70E99C7,GB,GB,P1020010A,-1,T134A,K018A,RF-00002582-PAR,0.01,-1.0,VAL,2015,Benzalkonium chloride,Benzalkonium chloride,Benzalkonium chloride (BAC),RF-00002582-PAR,0.1,True
83412,35105554F6A0FCD86E16A840F63B46FF,GB,GB,P1020010A,-1,T134A,K018A,RF-1078-004-PPP,0.3,-1.0,VAL,2015,BAC 12,BAC 12,BAC 12,RF-1078-004-PPP,0.1,True
83413,35105554F6A0FCD86E16A840F63B46FF,GB,GB,P1020010A,-1,T134A,K018A,RF-1078-005-PPP,0.1,-1.0,VAL,2015,BAC 14,BAC 14,BAC 14,RF-1078-005-PPP,0.1,True
83415,35105554F6A0FCD86E16A840F63B46FF,GB,GB,P1020010A,-1,T134A,K018A,RF-00002582-PAR,0.5,-1.0,VAL,2015,Benzalkonium chloride,Benzalkonium chloride,Benzalkonium chloride (BAC),RF-00002582-PAR,0.1,True
83424,6D3146C8C2731186090704BA1D02079E,GB,IE,P1020010A,-1,T134A,K018A,RF-00002582-PAR,0.3,-1.0,VAL,2015,Benzalkonium chloride,Benzalkonium chloride,Benzalkonium chloride (BAC),RF-00002582-PAR,0.1,True
83451,790064234806FF95DB06ED9A7BC24958,GB,GB,P1020010A,-1,T134A,K018A,RF-00002582-PAR,0.01,-1.0,VAL,2015,Benzalkonium chloride,Benzalkonium chloride,Benzalkonium chloride (BAC),RF-00002582-PAR,0.1,True
83527,279C6212F3218BDE9F83D3186B0A3F54,GB,GB,P1020010A,-1,T134A,K018A,RF-1078-005-PPP,0.02,-1.0,VAL,2015,BAC 14,BAC 14,BAC 14,RF-1078-005-PPP,0.1,True
83528,279C6212F3218BDE9F83D3186B0A3F54,GB,GB,P1020010A,-1,T134A,K018A,RF-1078-006-PPP,0.01,-1.0,VAL,2015,BAC 16,BAC 16,BAC 16,RF-1078-006-PPP,0.1,True
83529,279C6212F3218BDE9F83D3186B0A3F54,GB,GB,P1020010A,-1,T134A,K018A,RF-00002582-PAR,0.03,-1.0,VAL,2015,Benzalkonium chloride,Benzalkonium chloride,Benzalkonium chloride (BAC),RF-00002582-PAR,0.1,True
84143,217FB8E954379565D26DBB2B498EFD4A,GB,GB,P1020010A,-1,T134A,K018A,RF-1078-004-PPP,0.2,-1.0,VAL,2015,BAC 12,BAC 12,BAC 12,RF-1078-004-PPP,0.1,True
84144,217FB8E954379565D26DBB2B498EFD4A,GB,GB,P1020010A,-1,T134A,K018A,RF-1078-005-PPP,0.05,-1.0,VAL,2015,BAC 14,BAC 14,BAC 14,RF-1078-005-PPP,0.1,True
84146,217FB8E954379565D26DBB2B498EFD4A,GB,GB,P1020010A,-1,T134A,K018A,RF-00002582-PAR,0.2,-1.0,VAL,2015,Benzalkonium chloride,Benzalkonium chloride,Benzalkonium chloride (BAC),RF-00002582-PAR,0.1,True
84169,FBAE7E700D8D70DF9B84EA2C5400AEAB,GB,GB,P1020010A,-1,T134A,K018A,RF-1078-004-PPP,0.04,-1.0,VAL,2015,BAC 12,BAC 12,BAC 12,RF-1078-004-PPP,0.1,True
84170,FBAE7E700D8D70DF9B84EA2C5400AEAB,GB,GB,P1020010A,-1,T134A,K018A,RF-1078-005-PPP,0.02,-1.0,VAL,2015,BAC 14,BAC 14,BAC 14,RF-1078-005-PPP,0.1,True
84172,FBAE7E700D8D70DF9B84EA2C5400AEAB,GB,GB,P1020010A,-1,T134A,K018A,RF-00002582-PAR,0.06,-1.0,VAL,2015,Benzalkonium chloride,Benzalkonium chloride,Benzalkonium chloride (BAC),RF-00002582-PAR,0.1,True
84601,9EC12BCFD882941268EB1F0E25E10B69,GB,IE,P1020010A,-1,T134A,K018A,RF-1078-004-PPP,0.02,-1.0,VAL,2015,BAC 12,BAC 12,BAC 12,RF-1078-004-PPP,0.1,True
84602,9EC12BCFD882941268EB1F0E25E10B69,GB,IE,P1020010A,-1,T134A,K018A,RF-1078-005-PPP,0.01,-1.0,VAL,2015,BAC 14,BAC 14,BAC 14,RF-1078-005-PPP,0.1,True
84604,9EC12BCFD882941268EB1F0E25E10B69,GB,IE,P1020010A,-1,T134A,K018A,RF-00002582-PAR,0.03,-1.0,VAL,2015,Benzalkonium chloride,Benzalkonium chloride,Benzalkonium chloride (BAC),RF-00002582-PAR,0.1,True
84808,F35813CCFA066345AAAA30610C29C33D,GB,GB,P1020010A,-1,T134A,K018A,RF-1078-004-PPP,0.03,-1.0,VAL,2015,BAC 12,BAC 12,BAC 12,RF-1078-004-PPP,0.1,True
84809,F35813CCFA066345AAAA30610C29C33D,GB,GB,P1020010A,-1,T134A,K018A,RF-1078-005-PPP,0.01,-1.0,VAL,2015,BAC 14,BAC 14,BAC 14,RF-1078-005-PPP,0.1,True
84875,221962F1FBA0C1F552C3E841E1A2FD63,GB,GB,P1020010A,-1,T134A,K018A,RF-1078-004-PPP,0.1,-1.0,VAL,2015,BAC 12,BAC 12,BAC 12,RF-1078-004-PPP,0.1,True
84876,221962F1FBA0C1F552C3E841E1A2FD63,GB,GB,P1020010A,-1,T134A,K018A,RF-1078-005-PPP,0.04,-1.0,VAL,2015,BAC 14,BAC 14,BAC 14,RF-1078-005-PPP,0.1,True
84878,221962F1FBA0C1F552C3E841E1A2FD63,GB,GB,P1020010A,-1,T134A,K018A,RF-00002582-PAR,0.2,-1.0,VAL,2015,Benzalkonium chloride,Benzalkonium chloride,Benzalkonium chloride (BAC),RF-00002582-PAR,0.1,True
85109,F35813CCFA066345AAAA30610C29C33D,GB,GB,P1020010A,-1,T134A,K018A,RF-00002582-PAR,0.04,-1.0,VAL,2015,Benzalkonium chloride,Benzalkonium chloride,Benzalkonium chloride (BAC),RF-00002582-PAR,0.1,True
85121,F35813CCFA066345AAAA30610C29C33D,GB,GB,P1020010A,-1,T134A,K018A,RF-1078-002-PPP,0.02,-1.0,VAL,2015,DDAC (mix),DDAC (mix),"Didecyldimethylammonium chloride (mixture of alkyl-quaternary ammonium salts with alkyl chain lengths of C8, C10 and C12)",RF-1078-002-PPP,0.1,True
85247,05889EAC1C4EC09AEB520E1FB4E98FE1,GB,GB,P1020010A,-1,T134A,K018A,RF-1078-004-PPP,0.09,-1.0,VAL,2015,BAC 12,BAC 12,BAC 12,RF-1078-004-PPP,0.1,True
85248,05889EAC1C4EC09AEB520E1FB4E98FE1,GB,GB,P1020010A,-1,T134A,K018A,RF-1078-005-PPP,0.03,-1.0,VAL,2015,BAC 14,BAC 14,BAC 14,RF-1078-005-PPP,0.1,True
85250,05889EAC1C4EC09AEB520E1FB4E98FE1,GB,GB,P1020010A,-1,T134A,K018A,RF-00002582-PAR,0.1,-1.0,VAL,2015,Benzalkonium chloride,Benzalkonium chloride,Benzalkonium chloride (BAC),RF-00002582-PAR,0.1,True
85281,29BE74C30D1ECF02FDF513EE5A847C10,GB,GB,P1020010A,-1,T134A,K018A,RF-1078-004-PPP,0.05,-1.0,VAL,2015,BAC 12,BAC 12,BAC 12,RF-1078-004-PPP,0.1,True
85282,29BE74C30D1ECF02FDF513EE5A847C10,GB,GB,P1020010A,-1,T134A,K018A,RF-1078-005-PPP,0.02,-1.0,VAL,2015,BAC 14,BAC 14,BAC 14,RF-1078-005-PPP,0.1,True
85300,E785E54C44EE319C165C5B66317000AC,GB,GB,P1020010A,-1,T134A,K018A,RF-1078-004-PPP,0.2,-1.0,VAL,2015,BAC 12,BAC 12,BAC 12,RF-1078-004-PPP,0.1,True
85301,E785E54C44EE319C165C5B66317000AC,GB,GB,P1020010A,-1,T134A,K018A,RF-1078-005-PPP,0.06,-1.0,VAL,2015,BAC 14,BAC 14,BAC 14,RF-1078-005-PPP,0.1,True
85303,E785E54C44EE319C165C5B66317000AC,GB,GB,P1020010A,-1,T134A,K018A,RF-00002582-PAR,0.2,-1.0,VAL,2015,Benzalkonium chloride,Benzalkonium chloride,Benzalkonium chloride (BAC),RF-00002582-PAR,0.1,True
85498,8999F1090E8BDDD4C870C8D05FD03D87,GB,GB,P1020010A,-1,T134A,K018A,RF-1078-004-PPP,0.09,-1.0,VAL,2015,BAC 12,BAC 12,BAC 12,RF-1078-004-PPP,0.1,True
85499,8999F1090E8BDDD4C870C8D05FD03D87,GB,GB,P1020010A,-1,T134A,K018A,RF-1078-005-PPP,0.03,-1.0,VAL,2015,BAC 14,BAC 14,BAC 14,RF-1078-005-PPP,0.1,True
85501,8999F1090E8BDDD4C870C8D05FD03D87,GB,GB,P1020010A,-1,T134A,K018A,RF-00002582-PAR,0.1,-1.0,VAL,2015,Benzalkonium chloride,Benzalkonium chloride,Benzalkonium chloride (BAC),RF-00002582-PAR,0.1,True
85557,29BE74C30D1ECF02FDF513EE5A847C10,GB,GB,P1020010A,-1,T134A,K018A,RF-00002582-PAR,0.08,-1.0,VAL,2015,Benzalkonium chloride,Benzalkonium chloride,Benzalkonium chloride (BAC),RF-00002582-PAR,0.1,True
85606,3120F76408652A93BEC5490B5268D6FA,GB,GB,P1020010A,-1,T134A,K018A,RF-1078-004-PPP,0.2,-1.0,VAL,2015,BAC 12,BAC 12,BAC 12,RF-1078-004-PPP,0.1,True
85607,3120F76408652A93BEC5490B5268D6FA,GB,GB,P1020010A,-1,T134A,K018A,RF-1078-005-PPP,0.08,-1.0,VAL,2015,BAC 14,BAC 14,BAC 14,RF-1078-005-PPP,0.1,True
85609,3120F76408652A93BEC5490B5268D6FA,GB,GB,P1020010A,-1,T134A,K018A,RF-00002582-PAR,0.3,-1.0,VAL,2015,Benzalkonium chloride,Benzalkonium chloride,Benzalkonium chloride (BAC),RF-00002582-PAR,0.1,True
85633,C13473289CEE5D3C9E638F491B19FF20,GB,GB,P1020010A,-1,T134A,K018A,RF-1078-004-PPP,0.02,-1.0,VAL,2015,BAC 12,BAC 12,BAC 12,RF-1078-004-PPP,0.1,True
85634,C13473289CEE5D3C9E638F491B19FF20,GB,GB,P1020010A,-1,T134A,K018A,RF-1078-005-PPP,0.01,-1.0,VAL,2015,BAC 14,BAC 14,BAC 14,RF-1078-005-PPP,0.1,True
85636,C13473289CEE5D3C9E638F491B19FF20,GB,GB,P1020010A,-1,T134A,K018A,RF-00002582-PAR,0.04,-1.0,VAL,2015,Benzalkonium chloride,Benzalkonium chloride,Benzalkonium chloride (BAC),RF-00002582-PAR,0.1,True
85846,E99772D6C6AFACA4C3645BB909C0933B,GB,GB,P1020010A,-1,T134A,K018A,RF-1078-004-PPP,0.06,-1.0,VAL,2015,BAC 12,BAC 12,BAC 12,RF-1078-004-PPP,0.1,True
85847,E99772D6C6AFACA4C3645BB909C0933B,GB,GB,P1020010A,-1,T134A,K018A,RF-1078-005-PPP,0.03,-1.0,VAL,2015,BAC 14,BAC 14,BAC 14,RF-1078-005-PPP,0.1,True
85849,E99772D6C6AFACA4C3645BB909C0933B,GB,GB,P1020010A,-1,T134A,K018A,RF-00002582-PAR,0.09,-1.0,VAL,2015,Benzalkonium chloride,Benzalkonium chloride,Benzalkonium chloride (BAC),RF-00002582-PAR,0.1,True
86096,5908FC887020FF828D4198DC97B4D17D,GB,GB,P1020010A,-1,T134A,K018A,RF-1078-004-PPP,0.05,-1.0,VAL,2015,BAC 12,BAC 12,BAC 12,RF-1078-004-PPP,0.1,True
86097,5908FC887020FF828D4198DC97B4D17D,GB,GB,P1020010A,-1,T134A,K018A,RF-1078-005-PPP,0.02,-1.0,VAL,2015,BAC 14,BAC 14,BAC 14,RF-1078-005-PPP,0.1,True
86153,04C659A61B4ADFB574035683BF1443E0,GB,GB,P1020010A,-1,T134A,K018A,RF-1078-004-PPP,0.03,-1.0,VAL,2015,BAC 12,BAC 12,BAC 12,RF-1078-004-PPP,0.1,True
86154,04C659A61B4ADFB574035683BF1443E0,GB,GB,P1020010A,-1,T134A,K018A,RF-1078-005-PPP,0.01,-1.0,VAL,2015,BAC 14,BAC 14,BAC 14,RF-1078-005-PPP,0.1,True
86156,04C659A61B4ADFB574035683BF1443E0,GB,GB,P1020010A,-1,T134A,K018A,RF-00002582-PAR,0.05,-1.0,VAL,2015,Benzalkonium chloride,Benzalkonium chloride,Benzalkonium chloride (BAC),RF-00002582-PAR,0.1,True
86168,04C659A61B4ADFB574035683BF1443E0,GB,GB,P1020010A,-1,T134A,K018A,RF-1078-002-PPP,0.01,-1.0,VAL,2015,DDAC (mix),DDAC (mix),"Didecyldimethylammonium chloride (mixture of alkyl-quaternary ammonium salts with alkyl chain lengths of C8, C10 and C12)",RF-1078-002-PPP,0.1,True
86233,BAB110A01BCD218FAF644ECB465AF6EE,GB,GB,P1020010A,-1,T134A,K018A,RF-1078-004-PPP,0.03,-1.0,VAL,2015,BAC 12,BAC 12,BAC 12,RF-1078-004-PPP,0.1,True
86236,BAB110A01BCD218FAF644ECB465AF6EE,GB,GB,P1020010A,-1,T134A,K018A,RF-00002582-PAR,0.03,-1.0,VAL,2015,Benzalkonium chloride,Benzalkonium chloride,Benzalkonium chloride (BAC),RF-00002582-PAR,0.1,True
86331,A0CAABCDC21CD79B443F50503554F9A1,GB,GB,P1020010A,-1,T134A,K018A,RF-1078-004-PPP,0.05,-1.0,VAL,2015,BAC 12,BAC 12,BAC 12,RF-1078-004-PPP,0.1,True
86332,A0CAABCDC21CD79B443F50503554F9A1,GB,GB,P1020010A,-1,T134A,K018A,RF-1078-005-PPP,0.02,-1.0,VAL,2015,BAC 14,BAC 14,BAC 14,RF-1078-005-PPP,0.1,True
86334,A0CAABCDC21CD79B443F50503554F9A1,GB,GB,P1020010A,-1,T134A,K018A,RF-00002582-PAR,0.08,-1.0,VAL,2015,Benzalkonium chloride,Benzalkonium chloride,Benzalkonium chloride (BAC),RF-00002582-PAR,0.1,True
86368,5908FC887020FF828D4198DC97B4D17D,GB,GB,P1020010A,-1,T134A,K018A,RF-00002582-PAR,0.07,-1.0,VAL,2015,Benzalkonium chloride,Benzalkonium chloride,Benzalkonium chloride (BAC),RF-00002582-PAR,0.1,True
86391,892BF5DAA6AB738DD62B82130A4AAE89,GB,GB,P1020010A,-1,T134A,K018A,RF-1078-004-PPP,0.06,-1.0,VAL,2015,BAC 12,BAC 12,BAC 12,RF-1078-004-PPP,0.1,True
86392,892BF5DAA6AB738DD62B82130A4AAE89,GB,GB,P1020010A,-1,T134A,K018A,RF-1078-005-PPP,0.02,-1.0,VAL,2015,BAC 14,BAC 14,BAC 14,RF-1078-005-PPP,0.1,True
86394,892BF5DAA6AB738DD62B82130A4AAE89,GB,GB,P1020010A,-1,T134A,K018A,RF-00002582-PAR,0.08,-1.0,VAL,2015,Benzalkonium chloride,Benzalkonium chloride,Benzalkonium chloride (BAC),RF-00002582-PAR,0.1,True
86801,AD82D317D8AF52F261872A1E715E2E96,GB,GB,P1020010A,-1,T134A,K018A,RF-1078-004-PPP,0.2,-1.0,VAL,2015,BAC 12,BAC 12,BAC 12,RF-1078-004-PPP,0.1,True
86802,AD82D317D8AF52F261872A1E715E2E96,GB,GB,P1020010A,-1,T134A,K018A,RF-1078-005-PPP,0.07,-1.0,VAL,2015,BAC 14,BAC 14,BAC 14,RF-1078-005-PPP,0.1,True
86804,AD82D317D8AF52F261872A1E715E2E96,GB,GB,P1020010A,-1,T134A,K018A,RF-00002582-PAR,0.2,-1.0,VAL,2015,Benzalkonium chloride,Benzalkonium chloride,Benzalkonium chloride (BAC),RF-00002582-PAR,0.1,True
86825,EF5C805E480F89A6A6F0A8E743F42DC6,GB,GB,P1020010A,-1,T134A,K018A,RF-1078-004-PPP,0.02,-1.0,VAL,2015,BAC 12,BAC 12,BAC 12,RF-1078-004-PPP,0.1,True
86826,EF5C805E480F89A6A6F0A8E743F42DC6,GB,GB,P1020010A,-1,T134A,K018A,RF-1078-005-PPP,0.01,-1.0,VAL,2015,BAC 14,BAC 14,BAC 14,RF-1078-005-PPP,0.1,True
86828,EF5C805E480F89A6A6F0A8E743F42DC6,GB,GB,P1020010A,-1,T134A,K018A,RF-00002582-PAR,0.03,-1.0,VAL,2015,Benzalkonium chloride,Benzalkonium chloride,Benzalkonium chloride (BAC),RF-00002582-PAR,0.1,True
86869,0A3192295BA94B641AE33875A74B95B5,GB,GB,P1020010A,-1,T134A,K018A,RF-1078-004-PPP,0.1,-1.0,VAL,2015,BAC 12,BAC 12,BAC 12,RF-1078-004-PPP,0.1,True
86870,0A3192295BA94B641AE33875A74B95B5,GB,GB,P1020010A,-1,T134A,K018A,RF-1078-005-PPP,0.04,-1.0,VAL,2015,BAC 14,BAC 14,BAC 14,RF-1078-005-PPP,0.1,True
86872,0A3192295BA94B641AE33875A74B95B5,GB,GB,P1020010A,-1,T134A,K018A,RF-00002582-PAR,0.2,-1.0,VAL,2015,Benzalkonium chloride,Benzalkonium chloride,Benzalkonium chloride (BAC),RF-00002582-PAR,0.1,True
86923,389E2ECAF9F7A7D2D53FEE47B844A03A,GB,GB,P1020010A,-1,T134A,K018A,RF-1078-004-PPP,0.2,-1.0,VAL,2015,BAC 12,BAC 12,BAC 12,RF-1078-004-PPP,0.1,True
86924,389E2ECAF9F7A7D2D53FEE47B844A03A,GB,GB,P1020010A,-1,T134A,K018A,RF-1078-005-PPP,0.06,-1.0,VAL,2015,BAC 14,BAC 14,BAC 14,RF-1078-005-PPP,0.1,True
86926,389E2ECAF9F7A7D2D53FEE47B844A03A,GB,GB,P1020010A,-1,T134A,K018A,RF-00002582-PAR,0.3,-1.0,VAL,2015,Benzalkonium chloride,Benzalkonium chloride,Benzalkonium chloride (BAC),RF-00002582-PAR,0.1,True
86940,C901E5FB2C8058938E339C9891E999EB,GB,GB,P1020010A,-1,T134A,K018A,RF-1078-004-PPP,0.05,-1.0,VAL,2015,BAC 12,BAC 12,BAC 12,RF-1078-004-PPP,0.1,True
86941,C901E5FB2C8058938E339C9891E999EB,GB,GB,P1020010A,-1,T134A,K018A,RF-1078-005-PPP,0.06,-1.0,VAL,2015,BAC 14,BAC 14,BAC 14,RF-1078-005-PPP,0.1,True
86943,C901E5FB2C8058938E339C9891E999EB,GB,GB,P1020010A,-1,T134A,K018A,RF-00002582-PAR,0.1,-1.0,VAL,2015,Benzalkonium chloride,Benzalkonium chloride,Benzalkonium chloride (BAC),RF-00002582-PAR,0.1,True
87224,C901E5FB2C8058938E339C9891E999EB,GB,GB,P1020010A,-1,T134A,K018A,RF-1078-002-PPP,0.1,-1.0,VAL,2015,DDAC (mix),DDAC (mix),"Didecyldimethylammonium chloride (mixture of alkyl-quaternary ammonium salts with alkyl chain lengths of C8, C10 and C12)",RF-1078-002-PPP,0.1,True
87362,1BD664429E5CAAB4F80E46C8D7CF64B6,GB,GB,P1020010A,-1,T134A,K018A,RF-1078-004-PPP,0.02,-1.0,VAL,2015,BAC 12,BAC 12,BAC 12,RF-1078-004-PPP,0.1,True
87363,1BD664429E5CAAB4F80E46C8D7CF64B6,GB,GB,P1020010A,-1,T134A,K018A,RF-1078-005-PPP,0.01,-1.0,VAL,2015,BAC 14,BAC 14,BAC 14,RF-1078-005-PPP,0.1,True
87365,1BD664429E5CAAB4F80E46C8D7CF64B6,GB,GB,P1020010A,-1,T134A,K018A,RF-00002582-PAR,0.03,-1.0,VAL,2015,Benzalkonium chloride,Benzalkonium chloride,Benzalkonium chloride (BAC),RF-00002582-PAR,0.1,True
87378,B275843BB2CEF0E8E91EEB5F6E4B8ED7,GB,GB,P1020010A,-1,T134A,K018A,RF-1078-004-PPP,0.1,-1.0,VAL,2015,BAC 12,BAC 12,BAC 12,RF-1078-004-PPP,0.1,True
87379,B275843BB2CEF0E8E91EEB5F6E4B8ED7,GB,GB,P1020010A,-1,T134A,K018A,RF-1078-005-PPP,0.03,-1.0,VAL,2015,BAC 14,BAC 14,BAC 14,RF-1078-005-PPP,0.1,True
87381,B275843BB2CEF0E8E91EEB5F6E4B8ED7,GB,GB,P1020010A,-1,T134A,K018A,RF-00002582-PAR,0.1,-1.0,VAL,2015,Benzalkonium chloride,Benzalkonium chloride,Benzalkonium chloride (BAC),RF-00002582-PAR,0.1,True
87682,96F1478C11384D36AFCB87B74AF01823,GB,GB,P1020010A,-1,T134A,K018A,RF-0021-001-PPP,0.01,-1.0,VAL,2015,Dieldrin (sum),Dieldrin (sum),Aldrin and Dieldrin (Aldrin and dieldrin combined expressed as dieldrin),RF-0021-001-PPP,0.006,True
87686,96F1478C11384D36AFCB87B74AF01823,GB,GB,P1020010A,-1,T134A,K018A,RF-1078-004-PPP,0.03,-1.0,VAL,2015,BAC 12,BAC 12,BAC 12,RF-1078-004-PPP,0.1,True
87688,96F1478C11384D36AFCB87B74AF01823,GB,GB,P1020010A,-1,T134A,K018A,RF-1078-005-PPP,0.01,-1.0,VAL,2015,BAC 14,BAC 14,BAC 14,RF-1078-005-PPP,0.1,True
87738,96F1478C11384D36AFCB87B74AF01823,GB,GB,P1020010A,-1,T134A,K018A,RF-00002582-PAR,0.04,-1.0,VAL,2015,Benzalkonium chloride,Benzalkonium chloride,Benzalkonium chloride (BAC),RF-00002582-PAR,0.1,True
87757,96F1478C11384D36AFCB87B74AF01823,GB,GB,P1020010A,-1,T134A,K018A,RF-0021-003-PPP,0.01,-1.0,VAL,2015,Dieldrin (sum),Dieldrin (sum),Dieldrin,RF-0021-003-PPP,0.006,True
87875,762EC75AD58476E66C30FA1794541291,GB,GB,P1020010A,-1,T134A,K018A,RF-1078-004-PPP,0.07,-1.0,VAL,2015,BAC 12,BAC 12,BAC 12,RF-1078-004-PPP,0.1,True
87876,762EC75AD58476E66C30FA1794541291,GB,GB,P1020010A,-1,T134A,K018A,RF-1078-005-PPP,0.03,-1.0,VAL,2015,BAC 14,BAC 14,BAC 14,RF-1078-005-PPP,0.1,True
87878,762EC75AD58476E66C30FA1794541291,GB,GB,P1020010A,-1,T134A,K018A,RF-00002582-PAR,0.1,-1.0,VAL,2015,Benzalkonium chloride,Benzalkonium chloride,Benzalkonium chloride (BAC),RF-00002582-PAR,0.1,True
88223,56181BEF322590F61AE15CEA52AFD86A,GB,GB,P1020010A,-1,T134A,K018A,RF-1078-004-PPP,0.03,-1.0,VAL,2015,BAC 12,BAC 12,BAC 12,RF-1078-004-PPP,0.1,True
88224,56181BEF322590F61AE15CEA52AFD86A,GB,GB,P1020010A,-1,T134A,K018A,RF-1078-005-PPP,0.02,-1.0,VAL,2015,BAC 14,BAC 14,BAC 14,RF-1078-005-PPP,0.1,True
88226,56181BEF322590F61AE15CEA52AFD86A,GB,GB,P1020010A,-1,T134A,K018A,RF-00002582-PAR,0.04,-1.0,VAL,2015,Benzalkonium chloride,Benzalkonium chloride,Benzalkonium chloride (BAC),RF-00002582-PAR,0.1,True
88560,94B4BA23E851888812291D02C040D010,GB,FR,P1020010A,-1,T134A,K005A,RF-1078-004-PPP,0.02,-1.0,VAL,2015,BAC 12,BAC 12,BAC 12,RF-1078-004-PPP,0.1,True
88563,94B4BA23E851888812291D02C040D010,GB,FR,P1020010A,-1,T134A,K005A,RF-00002582-PAR,0.02,-1.0,VAL,2015,Benzalkonium chloride,Benzalkonium chloride,Benzalkonium chloride (BAC),RF-00002582-PAR,0.1,True
88793,BB56BE3627A1BC93764552BFE7C470A0,GB,FR,P1020010A,-1,T134A,K005A,RF-1078-002-PPP,0.01,-1.0,VAL,2015,DDAC (mix),DDAC (mix),"Didecyldimethylammonium chloride (mixture of alkyl-quaternary ammonium salts with alkyl chain lengths of C8, C10 and C12)",RF-1078-002-PPP,0.1,True
89454,276CC4781D6307D509DCD415565FEB73,GB,GB,P1020010A,-1,T134A,K005A,RF-1078-004-PPP,0.3,-1.0,VAL,2015,BAC 12,BAC 12,BAC 12,RF-1078-004-PPP,0.1,True
89455,276CC4781D6307D509DCD415565FEB73,GB,GB,P1020010A,-1,T134A,K005A,RF-1078-005-PPP,0.1,-1.0,VAL,2015,BAC 14,BAC 14,BAC 14,RF-1078-005-PPP,0.1,True
89457,276CC4781D6307D509DCD415565FEB73,GB,GB,P1020010A,-1,T134A,K005A,RF-00002582-PAR,0.5,-1.0,VAL,2015,Benzalkonium chloride,Benzalkonium chloride,Benzalkonium chloride (BAC),RF-00002582-PAR,0.1,True
90009,417217A8E90C8A64D33B7FEA9FD23474,GB,GB,P1020010A,-1,T134A,K005A,RF-1078-004-PPP,0.05,-1.0,VAL,2015,BAC 12,BAC 12,BAC 12,RF-1078-004-PPP,0.1,True
90012,417217A8E90C8A64D33B7FEA9FD23474,GB,GB,P1020010A,-1,T134A,K005A,RF-00002582-PAR,0.05,-1.0,VAL,2015,Benzalkonium chloride,Benzalkonium chloride,Benzalkonium chloride (BAC),RF-00002582-PAR,0.1,True
90445,14FADBADF197705D74BBB265AC6A80AD,GB,GB,P1020010A,-1,T134A,K005A,RF-1078-005-PPP,0.01,-1.0,VAL,2015,BAC 14,BAC 14,BAC 14,RF-1078-005-PPP,0.1,True
90447,14FADBADF197705D74BBB265AC6A80AD,GB,GB,P1020010A,-1,T134A,K005A,RF-00002582-PAR,0.05,-1.0,VAL,2015,Benzalkonium chloride,Benzalkonium chloride,Benzalkonium chloride (BAC),RF-00002582-PAR,0.1,True
90476,4EB47ABAAB4F0432179AB9CA8FDEF7EE,GB,GB,P1020010A,-1,T134A,K005A,RF-1078-004-PPP,0.07,-1.0,VAL,2015,BAC 12,BAC 12,BAC 12,RF-1078-004-PPP,0.1,True
90477,4EB47ABAAB4F0432179AB9CA8FDEF7EE,GB,GB,P1020010A,-1,T134A,K005A,RF-1078-005-PPP,0.02,-1.0,VAL,2015,BAC 14,BAC 14,BAC 14,RF-1078-005-PPP,0.1,True
90479,4EB47ABAAB4F0432179AB9CA8FDEF7EE,GB,GB,P1020010A,-1,T134A,K005A,RF-00002582-PAR,0.09,-1.0,VAL,2015,Benzalkonium chloride,Benzalkonium chloride,Benzalkonium chloride (BAC),RF-00002582-PAR,0.1,True
90759,2236296275F3939BA17A68E86FCAE728,GB,GB,P1020010A,-1,T134A,K005A,RF-1078-004-PPP,0.04,-1.0,VAL,2015,BAC 12,BAC 12,BAC 12,RF-1078-004-PPP,0.1,True
90760,2236296275F3939BA17A68E86FCAE728,GB,GB,P1020010A,-1,T134A,K005A,RF-1078-005-PPP,0.01,-1.0,VAL,2015,BAC 14,BAC 14,BAC 14,RF-1078-005-PPP,0.1,True
90762,2236296275F3939BA17A68E86FCAE728,GB,GB,P1020010A,-1,T134A,K005A,RF-00002582-PAR,0.05,-1.0,VAL,2015,Benzalkonium chloride,Benzalkonium chloride,Benzalkonium chloride (BAC),RF-00002582-PAR,0.1,True
91107,D5D072F0905C74B9A826E2424B26F307,GB,GB,P1020010A,-1,T134A,K005A,RF-1078-004-PPP,0.02,-1.0,VAL,2015,BAC 12,BAC 12,BAC 12,RF-1078-004-PPP,0.1,True
91110,D5D072F0905C74B9A826E2424B26F307,GB,GB,P1020010A,-1,T134A,K005A,RF-00002582-PAR,0.02,-1.0,VAL,2015,Benzalkonium chloride,Benzalkonium chloride,Benzalkonium chloride (BAC),RF-00002582-PAR,0.1,True
91135,1F55E5E7F1E96A85DD3B4DFF6775B3A5,GB,GB,P1020010A,-1,T134A,K005A,RF-1078-004-PPP,0.02,-1.0,VAL,2015,BAC 12,BAC 12,BAC 12,RF-1078-004-PPP,0.1,True
91138,1F55E5E7F1E96A85DD3B4DFF6775B3A5,GB,GB,P1020010A,-1,T134A,K005A,RF-00002582-PAR,0.02,-1.0,VAL,2015,Benzalkonium chloride,Benzalkonium chloride,Benzalkonium chloride (BAC),RF-00002582-PAR,0.1,True
91563,7795E80F28E2F201A6F3A181857420CF,GB,GB,P1020010A,-1,T134A,K005A,RF-1078-004-PPP,0.07,-1.0,VAL,2015,BAC 12,BAC 12,BAC 12,RF-1078-004-PPP,0.1,True
91564,7795E80F28E2F201A6F3A181857420CF,GB,GB,P1020010A,-1,T134A,K005A,RF-1078-005-PPP,0.03,-1.0,VAL,2015,BAC 14,BAC 14,BAC 14,RF-1078-005-PPP,0.1,True
91566,7795E80F28E2F201A6F3A181857420CF,GB,GB,P1020010A,-1,T134A,K005A,RF-00002582-PAR,0.1,-1.0,VAL,2015,Benzalkonium chloride,Benzalkonium chloride,Benzalkonium chloride (BAC),RF-00002582-PAR,0.1,True
91878,05CFE5066483FF7A8E4C32872E8473AF,GB,GB,P1020010A,-1,T134A,K005A,RF-1078-005-PPP,0.02,-1.0,VAL,2015,BAC 14,BAC 14,BAC 14,RF-1078-005-PPP,0.1,True
91880,05CFE5066483FF7A8E4C32872E8473AF,GB,GB,P1020010A,-1,T134A,K005A,RF-00002582-PAR,0.02,-1.0,VAL,2015,Benzalkonium chloride,Benzalkonium chloride,Benzalkonium chloride (BAC),RF-00002582-PAR,0.1,True
92235,F189F63CC41BB104B3A5F618D21224EC,GB,GB,P1020010A,-1,T134A,K005A,RF-1078-004-PPP,0.03,-1.0,VAL,2015,BAC 12,BAC 12,BAC 12,RF-1078-004-PPP,0.1,True
92238,F189F63CC41BB104B3A5F618D21224EC,GB,GB,P1020010A,-1,T134A,K005A,RF-00002582-PAR,0.03,-1.0,VAL,2015,Benzalkonium chloride,Benzalkonium chloride,Benzalkonium chloride (BAC),RF-00002582-PAR,0.1,True
92556,874EFBD4EFCB4898EDB30A10793772D0,GB,FR,P1020010A,-1,T134A,K005A,RF-1078-004-PPP,0.03,-1.0,VAL,2015,BAC 12,BAC 12,BAC 12,RF-1078-004-PPP,0.1,True
92684,874EFBD4EFCB4898EDB30A10793772D0,GB,FR,P1020010A,-1,T134A,K005A,RF-00002582-PAR,0.03,-1.0,VAL,2015,Benzalkonium chloride,Benzalkonium chloride,Benzalkonium chloride (BAC),RF-00002582-PAR,0.1,True
92871,14FADBADF197705D74BBB265AC6A80AD,GB,GB,P1020010A,-1,T134A,K005A,RF-1078-004-PPP,0.04,-1.0,VAL,2015,BAC 12,BAC 12,BAC 12,RF-1078-004-PPP,0.1,True
93090,967A9B555A67CE1D562A8285157B8468,GB,FR,P1020010A,-1,T134A,K005A,RF-1078-004-PPP,0.02,-1.0,VAL,2015,BAC 12,BAC 12,BAC 12,RF-1078-004-PPP,0.1,True
93093,967A9B555A67CE1D562A8285157B8468,GB,FR,P1020010A,-1,T134A,K005A,RF-00002582-PAR,0.02,-1.0,VAL,2015,Benzalkonium chloride,Benzalkonium chloride,Benzalkonium chloride (BAC),RF-00002582-PAR,0.1,True
93105,967A9B555A67CE1D562A8285157B8468,GB,FR,P1020010A,-1,T134A,K005A,RF-1078-002-PPP,0.01,-1.0,VAL,2015,DDAC (mix),DDAC (mix),"Didecyldimethylammonium chloride (mixture of alkyl-quaternary ammonium salts with alkyl chain lengths of C8, C10 and C12)",RF-1078-002-PPP,0.1,True
93395,A0A864D36581E0873E680967384F94ED,GB,IT,P1020010A,-1,T134A,K005A,RF-1078-004-PPP,0.02,-1.0,VAL,2015,BAC 12,BAC 12,BAC 12,RF-1078-004-PPP,0.1,True
93398,A0A864D36581E0873E680967384F94ED,GB,IT,P1020010A,-1,T134A,K005A,RF-00002582-PAR,0.02,-1.0,VAL,2015,Benzalkonium chloride,Benzalkonium chloride,Benzalkonium chloride (BAC),RF-00002582-PAR,0.1,True
93455,D1273A1CAC2E41904EC15A44EBB023B8,GB,GB,P1020010A,-1,T134A,K005A,RF-1078-004-PPP,0.1,-1.0,VAL,2015,BAC 12,BAC 12,BAC 12,RF-1078-004-PPP,0.1,True
93478,D8F0C8A6B082E4DCD16A17318B4B15F3,GB,FR,P1020010A,-1,T134A,K005A,RF-1078-004-PPP,0.01,-1.0,VAL,2015,BAC 12,BAC 12,BAC 12,RF-1078-004-PPP,0.1,True
93536,D1273A1CAC2E41904EC15A44EBB023B8,GB,GB,P1020010A,-1,T134A,K005A,RF-1078-005-PPP,0.02,-1.0,VAL,2015,BAC 14,BAC 14,BAC 14,RF-1078-005-PPP,0.1,True
93538,D1273A1CAC2E41904EC15A44EBB023B8,GB,GB,P1020010A,-1,T134A,K005A,RF-00002582-PAR,0.1,-1.0,VAL,2015,Benzalkonium chloride,Benzalkonium chloride,Benzalkonium chloride (BAC),RF-00002582-PAR,0.1,True
93561,D8F0C8A6B082E4DCD16A17318B4B15F3,GB,FR,P1020010A,-1,T134A,K005A,RF-00002582-PAR,0.01,-1.0,VAL,2015,Benzalkonium chloride,Benzalkonium chloride,Benzalkonium chloride (BAC),RF-00002582-PAR,0.1,True
93607,0210B9ECE57D9F3862B566A99A8B59A0,GB,FR,P1020010A,-1,T134A,K005A,RF-1078-002-PPP,0.1,-1.0,VAL,2015,DDAC (mix),DDAC (mix),"Didecyldimethylammonium chloride (mixture of alkyl-quaternary ammonium salts with alkyl chain lengths of C8, C10 and C12)",RF-1078-002-PPP,0.1,True
93809,39BC5CA8A5BD8BF4C3A346A7E68C60E6,GB,FR,P1020010A,-1,T134A,K005A,RF-1078-002-PPP,0.1,-1.0,VAL,2015,DDAC (mix),DDAC (mix),"Didecyldimethylammonium chloride (mixture of alkyl-quaternary ammonium salts with alkyl chain lengths of C8, C10 and C12)",RF-1078-002-PPP,0.1,True
94198,A6F0EC48BE2B0EB7CD13A1FFBB7CBF17,CZ,CZ,P1020000A,A.01.001054,T134A,K018A,RF-0119-001-PPP,0.00304,27.48,VAL,2016,DDT (sum),DDT (sum),"DDT (sum of p,p'-DDT, o,p'-DDT, p-p'-DDE and p,p'-TDE (DDD) expressed as DDT)",RF-0119-001-PPP,0.04,True
94199,A6F0EC48BE2B0EB7CD13A1FFBB7CBF17,CZ,CZ,P1020000A,A.01.001054,T134A,K018A,RF-0119-002-PPP,0.00304,27.48,VAL,2016,DDT (sum),"DDE, p,p-","DDE, p,p-",RF-0119-002-PPP,0.04,True
94216,D5B5715488418D6AE77683E9CC95AB6B,CZ,CZ,P1020010A,A.01.001348,T134A,K018A,RF-0237-001-PPP,0.00799,83.45,VAL,2016,Hexachlorobenzene,Hexachlorobenzene,Hexachlorobenzene,RF-0237-001-PPP,0.005,True
94218,D5B5715488418D6AE77683E9CC95AB6B,CZ,CZ,P1020010A,A.01.001348,T134A,K018A,RF-0119-001-PPP,0.01113,83.45,VAL,2016,DDT (sum),DDT (sum),"DDT (sum of p,p'-DDT, o,p'-DDT, p-p'-DDE and p,p'-TDE (DDD) expressed as DDT)",RF-0119-001-PPP,0.04,True
94269,A6F0EC48BE2B0EB7CD13A1FFBB7CBF17,CZ,CZ,P1020000A,A.01.001054,T134A,K018A,RF-0237-001-PPP,0.00154,27.48,VAL,2016,Hexachlorobenzene,Hexachlorobenzene,Hexachlorobenzene,RF-0237-001-PPP,0.005,True
94288,DA14D0295830BB5963E860FEDFF32166,CZ,CZ,P1020010A,A.01.001348,T134A,K018A,RF-0237-001-PPP,0.00184,83.28,VAL,2016,Hexachlorobenzene,Hexachlorobenzene,Hexachlorobenzene,RF-0237-001-PPP,0.005,True
94291,DA14D0295830BB5963E860FEDFF32166,CZ,CZ,P1020010A,A.01.001348,T134A,K018A,RF-0119-001-PPP,0.00768,83.28,VAL,2016,DDT (sum),DDT (sum),"DDT (sum of p,p'-DDT, o,p'-DDT, p-p'-DDE and p,p'-TDE (DDD) expressed as DDT)",RF-0119-001-PPP,0.04,True
94329,29139C39BCCCCAC321DB5B31C6520186,CZ,CZ,P1020010A,A.01.001348,T134A,K018A,RF-0119-002-PPP,0.01156,82.34,VAL,2016,DDT (sum),"DDE, p,p-","DDE, p,p-",RF-0119-002-PPP,0.04,True
94373,D5B5715488418D6AE77683E9CC95AB6B,CZ,CZ,P1020010A,A.01.001348,T134A,K018A,RF-0119-002-PPP,0.01113,83.45,VAL,2016,DDT (sum),"DDE, p,p-","DDE, p,p-",RF-0119-002-PPP,0.04,True
94409,B4A43B458E032D2082E967A5E04E08FB,CZ,CZ,P1020010A,A.01.001348,T134A,K018A,RF-0251-001-PPP,0.002,2.03,VAL,2016,Indoxacarb (sum),Indoxacarb,Indoxacarb (sum of indoxacarb and its R enantiomer),RF-0251-001-PPP,0.01,True
94424,AE522087288B958E393995734A45111E,CZ,CZ,P1020010A,A.01.001348,T134A,K018A,RF-0119-002-PPP,0.01009,83.14,VAL,2016,DDT (sum),"DDE, p,p-","DDE, p,p-",RF-0119-002-PPP,0.04,True
94425,AE522087288B958E393995734A45111E,CZ,CZ,P1020010A,A.01.001348,T134A,K018A,RF-0119-001-PPP,0.01009,83.14,VAL,2016,DDT (sum),DDT (sum),"DDT (sum of p,p'-DDT, o,p'-DDT, p-p'-DDE and p,p'-TDE (DDD) expressed as DDT)",RF-0119-001-PPP,0.04,True
94449,91900870A75C38D58DEA8431878FC2C7,CZ,CZ,P1020010A,A.01.001348,T134A,K018A,RF-0119-002-PPP,0.01022,82.24,VAL,2016,DDT (sum),"DDE, p,p-","DDE, p,p-",RF-0119-002-PPP,0.04,True
94455,91900870A75C38D58DEA8431878FC2C7,CZ,CZ,P1020010A,A.01.001348,T134A,K018A,RF-0237-001-PPP,0.00333,82.24,VAL,2016,Hexachlorobenzene,Hexachlorobenzene,Hexachlorobenzene,RF-0237-001-PPP,0.005,True
94458,E1A34CCD9FDD22B5565C7094B8FA7619,CZ,CZ,P1020010A,A.01.001348,T134A,K018A,RF-0119-001-PPP,0.01031,82.88,VAL,2016,DDT (sum),DDT (sum),"DDT (sum of p,p'-DDT, o,p'-DDT, p-p'-DDE and p,p'-TDE (DDD) expressed as DDT)",RF-0119-001-PPP,0.04,True
94468,42E1EE794AD77593143EA79B6312B14A,CZ,CZ,P1020010A,A.01.001348,T134A,K018A,RF-0119-001-PPP,0.00994,82.66,VAL,2016,DDT (sum),DDT (sum),"DDT (sum of p,p'-DDT, o,p'-DDT, p-p'-DDE and p,p'-TDE (DDD) expressed as DDT)",RF-0119-001-PPP,0.04,True
94479,91900870A75C38D58DEA8431878FC2C7,CZ,CZ,P1020010A,A.01.001348,T134A,K018A,RF-0251-001-PPP,0.002,82.24,VAL,2016,Indoxacarb (sum),Indoxacarb,Indoxacarb (sum of indoxacarb and its R enantiomer),RF-0251-001-PPP,0.01,True
94501,69F448320FE27073301377E7E7778F7E,CZ,CZ,P1020010A,A.01.001348,T134A,K018A,RF-0237-001-PPP,0.00334,82.54,VAL,2016,Hexachlorobenzene,Hexachlorobenzene,Hexachlorobenzene,RF-0237-001-PPP,0.005,True
94513,144B91BEBC3E4EBAF76454754C169ED1,CZ,CZ,P1020010A,A.01.001348,T134A,K018A,RF-0237-001-PPP,0.00103,82.45,VAL,2016,Hexachlorobenzene,Hexachlorobenzene,Hexachlorobenzene,RF-0237-001-PPP,0.005,True
94520,69F448320FE27073301377E7E7778F7E,CZ,CZ,P1020010A,A.01.001348,T134A,K018A,RF-0119-002-PPP,0.01004,82.54,VAL,2016,DDT (sum),"DDE, p,p-","DDE, p,p-",RF-0119-002-PPP,0.04,True
94555,A44C8AA6977E0E6E4A50DDF59F0564E9,CZ,CZ,P1020010A,A.01.001348,T134A,K018A,RF-0237-001-PPP,0.00121,83.61,VAL,2016,Hexachlorobenzene,Hexachlorobenzene,Hexachlorobenzene,RF-0237-001-PPP,0.005,True
94575,B4A43B458E032D2082E967A5E04E08FB,CZ,CZ,P1020010A,A.01.001348,T134A,K018A,RF-0119-001-PPP,0.00533,2.03,VAL,2016,DDT (sum),DDT (sum),"DDT (sum of p,p'-DDT, o,p'-DDT, p-p'-DDE and p,p'-TDE (DDD) expressed as DDT)",RF-0119-001-PPP,0.04,True
94579,B4A43B458E032D2082E967A5E04E08FB,CZ,CZ,P1020010A,A.01.001348,T134A,K018A,RF-0119-002-PPP,0.00533,2.03,VAL,2016,DDT (sum),"DDE, p,p-","DDE, p,p-",RF-0119-002-PPP,0.04,True
94589,DA14D0295830BB5963E860FEDFF32166,CZ,CZ,P1020010A,A.01.001348,T134A,K018A,RF-0119-002-PPP,0.00768,83.28,VAL,2016,DDT (sum),"DDE, p,p-","DDE, p,p-",RF-0119-002-PPP,0.04,True
94597,1F33ADDE92CCD71BC0CFAC2D5F3490C7,CZ,CZ,P1020000A,A.01.001054,T134A,K018A,RF-0119-002-PPP,0.00261,19.94,VAL,2016,DDT (sum),"DDE, p,p-","DDE, p,p-",RF-0119-002-PPP,0.04,True
94605,B9BC3DD4459CAC83E437D6CC24CAECB6,CZ,CZ,P1020010A,A.01.001348,T134A,K018A,RF-0237-001-PPP,0.00266,82.16,VAL,2016,Hexachlorobenzene,Hexachlorobenzene,Hexachlorobenzene,RF-0237-001-PPP,0.005,True
94610,B9BC3DD4459CAC83E437D6CC24CAECB6,CZ,CZ,P1020010A,A.01.001348,T134A,K018A,RF-0119-002-PPP,0.00878,82.16,VAL,2016,DDT (sum),"DDE, p,p-","DDE, p,p-",RF-0119-002-PPP,0.04,True
94615,B9BC3DD4459CAC83E437D6CC24CAECB6,CZ,CZ,P1020010A,A.01.001348,T134A,K018A,RF-0119-001-PPP,0.00878,82.16,VAL,2016,DDT (sum),DDT (sum),"DDT (sum of p,p'-DDT, o,p'-DDT, p-p'-DDE and p,p'-TDE (DDD) expressed as DDT)",RF-0119-001-PPP,0.04,True
94651,215BFF0A82552287170C267CBBABE724,CZ,CZ,P1020010A,A.01.001348,T134A,K018A,RF-0119-002-PPP,0.00771,83.28,VAL,2016,DDT (sum),"DDE, p,p-","DDE, p,p-",RF-0119-002-PPP,0.04,True
94693,42E1EE794AD77593143EA79B6312B14A,CZ,CZ,P1020010A,A.01.001348,T134A,K018A,RF-0237-001-PPP,0.00365,82.66,VAL,2016,Hexachlorobenzene,Hexachlorobenzene,Hexachlorobenzene,RF-0237-001-PPP,0.005,True
94694,B4DF5B5991E53D9DEA7B743FE5ADA577,CZ,CZ,P1020010A,A.01.001348,T134A,K018A,RF-0119-001-PPP,0.00897,82.1,VAL,2016,DDT (sum),DDT (sum),"DDT (sum of p,p'-DDT, o,p'-DDT, p-p'-DDE and p,p'-TDE (DDD) expressed as DDT)",RF-0119-001-PPP,0.04,True
94696,B4DF5B5991E53D9DEA7B743FE5ADA577,CZ,CZ,P1020010A,A.01.001348,T134A,K018A,RF-0237-001-PPP,0.00444,82.1,VAL,2016,Hexachlorobenzene,Hexachlorobenzene,Hexachlorobenzene,RF-0237-001-PPP,0.005,True
94712,B4A43B458E032D2082E967A5E04E08FB,CZ,CZ,P1020010A,A.01.001348,T134A,K018A,RF-0237-001-PPP,0.00135,2.03,VAL,2016,Hexachlorobenzene,Hexachlorobenzene,Hexachlorobenzene,RF-0237-001-PPP,0.005,True
94716,215BFF0A82552287170C267CBBABE724,CZ,CZ,P1020010A,A.01.001348,T134A,K018A,RF-0119-001-PPP,0.00771,83.28,VAL,2016,DDT (sum),DDT (sum),"DDT (sum of p,p'-DDT, o,p'-DDT, p-p'-DDE and p,p'-TDE (DDD) expressed as DDT)",RF-0119-001-PPP,0.04,True
94721,215BFF0A82552287170C267CBBABE724,CZ,CZ,P1020010A,A.01.001348,T134A,K018A,RF-0237-001-PPP,0.0035,83.28,VAL,2016,Hexachlorobenzene,Hexachlorobenzene,Hexachlorobenzene,RF-0237-001-PPP,0.005,True
94742,B4DF5B5991E53D9DEA7B743FE5ADA577,CZ,CZ,P1020010A,A.01.001348,T134A,K018A,RF-0119-002-PPP,0.00897,82.1,VAL,2016,DDT (sum),"DDE, p,p-","DDE, p,p-",RF-0119-002-PPP,0.04,True
94769,E1A34CCD9FDD22B5565C7094B8FA7619,CZ,CZ,P1020010A,A.01.001348,T134A,K018A,RF-0237-001-PPP,0.00327,82.88,VAL,2016,Hexachlorobenzene,Hexachlorobenzene,Hexachlorobenzene,RF-0237-001-PPP,0.005,True
94775,42E1EE794AD77593143EA79B6312B14A,CZ,CZ,P1020010A,A.01.001348,T134A,K018A,RF-0119-002-PPP,0.00994,82.66,VAL,2016,DDT (sum),"DDE, p,p-","DDE, p,p-",RF-0119-002-PPP,0.04,True
94818,E1A34CCD9FDD22B5565C7094B8FA7619,CZ,CZ,P1020010A,A.01.001348,T134A,K018A,RF-0119-002-PPP,0.01031,82.88,VAL,2016,DDT (sum),"DDE, p,p-","DDE, p,p-",RF-0119-002-PPP,0.04,True
94841,144B91BEBC3E4EBAF76454754C169ED1,CZ,CZ,P1020010A,A.01.001348,T134A,K018A,RF-0119-002-PPP,0.0023,82.45,VAL,2016,DDT (sum),"DDE, p,p-","DDE, p,p-",RF-0119-002-PPP,0.04,True
94846,69F448320FE27073301377E7E7778F7E,CZ,CZ,P1020010A,A.01.001348,T134A,K018A,RF-0119-001-PPP,0.01004,82.54,VAL,2016,DDT (sum),DDT (sum),"DDT (sum of p,p'-DDT, o,p'-DDT, p-p'-DDE and p,p'-TDE (DDD) expressed as DDT)",RF-0119-001-PPP,0.04,True
94864,A44C8AA6977E0E6E4A50DDF59F0564E9,CZ,CZ,P1020010A,A.01.001348,T134A,K018A,RF-0119-001-PPP,0.00431,83.61,VAL,2016,DDT (sum),DDT (sum),"DDT (sum of p,p'-DDT, o,p'-DDT, p-p'-DDE and p,p'-TDE (DDD) expressed as DDT)",RF-0119-001-PPP,0.04,True
94867,A44C8AA6977E0E6E4A50DDF59F0564E9,CZ,CZ,P1020010A,A.01.001348,T134A,K018A,RF-0119-002-PPP,0.00431,83.61,VAL,2016,DDT (sum),"DDE, p,p-","DDE, p,p-",RF-0119-002-PPP,0.04,True
94898,144B91BEBC3E4EBAF76454754C169ED1,CZ,CZ,P1020010A,A.01.001348,T134A,K018A,RF-0119-001-PPP,0.0023,82.45,VAL,2016,DDT (sum),DDT (sum),"DDT (sum of p,p'-DDT, o,p'-DDT, p-p'-DDE and p,p'-TDE (DDD) expressed as DDT)",RF-0119-001-PPP,0.04,True
94912,91900870A75C38D58DEA8431878FC2C7,CZ,CZ,P1020010A,A.01.001348,T134A,K018A,RF-0119-001-PPP,0.01022,82.24,VAL,2016,DDT (sum),DDT (sum),"DDT (sum of p,p'-DDT, o,p'-DDT, p-p'-DDE and p,p'-TDE (DDD) expressed as DDT)",RF-0119-001-PPP,0.04,True
94929,AE522087288B958E393995734A45111E,CZ,CZ,P1020010A,A.01.001348,T134A,K018A,RF-0237-001-PPP,0.0045,83.14,VAL,2016,Hexachlorobenzene,Hexachlorobenzene,Hexachlorobenzene,RF-0237-001-PPP,0.005,True
94959,29139C39BCCCCAC321DB5B31C6520186,CZ,CZ,P1020010A,A.01.001348,T134A,K018A,RF-0119-001-PPP,0.01156,82.34,VAL,2016,DDT (sum),DDT (sum),"DDT (sum of p,p'-DDT, o,p'-DDT, p-p'-DDE and p,p'-TDE (DDD) expressed as DDT)",RF-0119-001-PPP,0.04,True
94960,29139C39BCCCCAC321DB5B31C6520186,CZ,CZ,P1020010A,A.01.001348,T134A,K018A,RF-0237-001-PPP,0.00498,82.34,VAL,2016,Hexachlorobenzene,Hexachlorobenzene,Hexachlorobenzene,RF-0237-001-PPP,0.005,True
94978,5111AE90C7B4264FD0073434B7B3647D,CZ,CZ,P1020010A,A.01.001348,T134A,K018A,RF-0119-001-PPP,0.01022,82.91,VAL,2016,DDT (sum),DDT (sum),"DDT (sum of p,p'-DDT, o,p'-DDT, p-p'-DDE and p,p'-TDE (DDD) expressed as DDT)",RF-0119-001-PPP,0.04,True
94987,5111AE90C7B4264FD0073434B7B3647D,CZ,CZ,P1020010A,A.01.001348,T134A,K018A,RF-0119-002-PPP,0.01022,82.91,VAL,2016,DDT (sum),"DDE, p,p-","DDE, p,p-",RF-0119-002-PPP,0.04,True
94999,5111AE90C7B4264FD0073434B7B3647D,CZ,CZ,P1020010A,A.01.001348,T134A,K018A,RF-0237-001-PPP,0.00374,82.91,VAL,2016,Hexachlorobenzene,Hexachlorobenzene,Hexachlorobenzene,RF-0237-001-PPP,0.005,True
95745,FCE493B2B4BE51B7A38DB1EC7C27BD28,DE,DE,P1020010A,N_A,T152A,K005A,RF-0119-001-PPP,0.0058,80.0,VAL,2016,DDT (sum),DDT (sum),"DDT (sum of p,p'-DDT, o,p'-DDT, p-p'-DDE and p,p'-TDE (DDD) expressed as DDT)",RF-0119-001-PPP,0.04,True
95784,0DE3C707061B11F01D15B7A23076929E,DE,DE,P1020010A,N_A,T152A,K005A,RF-0277-001-PPP,0.006,86.03,VAL,2016,Mercury compounds,Mercury compounds,Mercury compounds (sum of mercury compounds expressed as mercury),RF-0277-001-PPP,0.01,True
95785,5002725C30805E4EF92CC17406AB85F5,DE,DE,P1020010A,N_A,T152A,K005A,RF-0277-001-PPP,0.0037,82.63,VAL,2016,Mercury compounds,Mercury compounds,Mercury compounds (sum of mercury compounds expressed as mercury),RF-0277-001-PPP,0.01,True
95831,F61735EE056381096FBB05CB24CED549,DE,DE,P1020010A,N_A,T152A,K005A,RF-0119-001-PPP,0.007651,81.4,VAL,2016,DDT (sum),DDT (sum),"DDT (sum of p,p'-DDT, o,p'-DDT, p-p'-DDE and p,p'-TDE (DDD) expressed as DDT)",RF-0119-001-PPP,0.04,True
95899,71B5A5F743D550781C3F12FD9FE89150,DE,DE,P1020010A,N_A,T152A,K005A,RF-0119-001-PPP,0.0055,80.0,VAL,2016,DDT (sum),DDT (sum),"DDT (sum of p,p'-DDT, o,p'-DDT, p-p'-DDE and p,p'-TDE (DDD) expressed as DDT)",RF-0119-001-PPP,0.04,True
95951,4D6919DADAF78571D54308A69FFDBBCD,DE,DE,P1020010A,N_A,T152A,K005A,RF-0277-001-PPP,0.008,82.6,VAL,2016,Mercury compounds,Mercury compounds,Mercury compounds (sum of mercury compounds expressed as mercury),RF-0277-001-PPP,0.01,True
95952,52AB70B26A6FC9B9C9B52A617F2F7ECC,DE,DE,P1020010A,N_A,T152A,K005A,RF-0277-001-PPP,0.0109,83.2,VAL,2016,Mercury compounds,Mercury compounds,Mercury compounds (sum of mercury compounds expressed as mercury),RF-0277-001-PPP,0.01,True
100208,284CCBA8F55784E4DD10FD1B7625DB72,IT,IT,P1020000A,N_A,T134A,K005A,RF-1078-004-PPP,0.056,-1.0,VAL,2016,BAC 12,BAC 12,BAC 12,RF-1078-004-PPP,0.1,True
100209,284CCBA8F55784E4DD10FD1B7625DB72,IT,IT,P1020000A,N_A,T134A,K005A,RF-1078-005-PPP,0.034,-1.0,VAL,2016,BAC 14,BAC 14,BAC 14,RF-1078-005-PPP,0.1,True
100507,89E92E74BC2BA2652E1BD090A3A61F03,IT,IT,P1020010A,N_A,T134A,K005A,RF-1078-004-PPP,0.011,-1.0,VAL,2016,BAC 12,BAC 12,BAC 12,RF-1078-004-PPP,0.1,True
100563,0A6C4B69F01D28CAE6F81401BB544420,IT,IT,P1020010A,N_A,T134A,K005A,RF-1078-004-PPP,0.24,-1.0,VAL,2016,BAC 12,BAC 12,BAC 12,RF-1078-004-PPP,0.1,True
100564,32AA973EE503724467DFC79EF8765A5A,IT,IT,P1020010A,N_A,T134A,K005A,RF-1078-005-PPP,0.16,-1.0,VAL,2016,BAC 14,BAC 14,BAC 14,RF-1078-005-PPP,0.1,True
100565,0A6C4B69F01D28CAE6F81401BB544420,IT,IT,P1020010A,N_A,T134A,K005A,RF-1078-005-PPP,0.17,-1.0,VAL,2016,BAC 14,BAC 14,BAC 14,RF-1078-005-PPP,0.1,True
100578,32AA973EE503724467DFC79EF8765A5A,IT,IT,P1020010A,N_A,T134A,K005A,RF-1078-004-PPP,0.26,-1.0,VAL,2016,BAC 12,BAC 12,BAC 12,RF-1078-004-PPP,0.1,True
101242,D1C3786C68B2910CE1495ABA50D5AD5D,CZ,CZ,P1020010A,A.01.001348,T134A,K018A,RF-0119-001-PPP,0.003,83.08,VAL,2017,DDT (sum),DDT (sum),"DDT (sum of p,p'-DDT, o,p'-DDT, p-p'-DDE and p,p'-TDE (DDD) expressed as DDT)",RF-0119-001-PPP,0.04,True
101259,88A2BDD88BCD9A7F2CF7000F07953618,CZ,CZ,P1020010A,A.01.001348,T134A,K018A,RF-0237-001-PPP,0.001,83.71,VAL,2017,Hexachlorobenzene,Hexachlorobenzene,Hexachlorobenzene,RF-0237-001-PPP,0.005,True
101274,224428A628CD12FA4002E3E537FF2E31,CZ,CZ,P1020010A,A.01.001348,T134A,K018A,RF-0237-001-PPP,0.002,84.21,VAL,2017,Hexachlorobenzene,Hexachlorobenzene,Hexachlorobenzene,RF-0237-001-PPP,0.005,True
101275,224428A628CD12FA4002E3E537FF2E31,CZ,CZ,P1020010A,A.01.001348,T134A,K018A,RF-0119-002-PPP,0.003,84.21,VAL,2017,DDT (sum),"DDE, p,p-","DDE, p,p-",RF-0119-002-PPP,0.04,True
101324,0BDC154158C3150FD692595211867423,CZ,CZ,P1020010A,A.01.001348,T134A,K018A,RF-0237-001-PPP,0.003,75.57,VAL,2017,Hexachlorobenzene,Hexachlorobenzene,Hexachlorobenzene,RF-0237-001-PPP,0.005,True
101325,0BDC154158C3150FD692595211867423,CZ,CZ,P1020010A,A.01.001348,T134A,K018A,RF-0119-001-PPP,0.002,75.57,VAL,2017,DDT (sum),DDT (sum),"DDT (sum of p,p'-DDT, o,p'-DDT, p-p'-DDE and p,p'-TDE (DDD) expressed as DDT)",RF-0119-001-PPP,0.04,True
101327,0BDC154158C3150FD692595211867423,CZ,CZ,P1020010A,A.01.001348,T134A,K018A,RF-0119-002-PPP,0.002,75.57,VAL,2017,DDT (sum),"DDE, p,p-","DDE, p,p-",RF-0119-002-PPP,0.04,True
101381,636A04447BB2ACADD7B8E41D6EACACD3,CZ,CZ,P1020010A,A.01.001348,T134A,K018A,RF-0119-001-PPP,0.01,82.4,VAL,2017,DDT (sum),DDT (sum),"DDT (sum of p,p'-DDT, o,p'-DDT, p-p'-DDE and p,p'-TDE (DDD) expressed as DDT)",RF-0119-001-PPP,0.04,True
101401,37462BC54A36373ED565836B1E22DACB,CZ,CZ,P1020010A,A.01.001348,T134A,K018A,RF-0237-001-PPP,0.002,80.23,VAL,2017,Hexachlorobenzene,Hexachlorobenzene,Hexachlorobenzene,RF-0237-001-PPP,0.005,True
101404,7BC10ADA8C1E82D9227E36B7E2CC27F2,CZ,CZ,P1020010A,A.01.001348,T134A,K018A,RF-0119-002-PPP,0.008,82.2,VAL,2017,DDT (sum),"DDE, p,p-","DDE, p,p-",RF-0119-002-PPP,0.04,True
101417,35D01B3212B1D22CE114FD7896F82DE5,CZ,CZ,P1020010A,A.01.001348,T134A,K018A,RF-0119-002-PPP,0.004,82.77,VAL,2017,DDT (sum),"DDE, p,p-","DDE, p,p-",RF-0119-002-PPP,0.04,True
101429,D1C3786C68B2910CE1495ABA50D5AD5D,CZ,CZ,P1020010A,A.01.001348,T134A,K018A,RF-0237-001-PPP,0.002,83.08,VAL,2017,Hexachlorobenzene,Hexachlorobenzene,Hexachlorobenzene,RF-0237-001-PPP,0.005,True
101464,1F95D47684E4C34748B0CCA402974DFF,CZ,CZ,P1020010A,A.01.001348,T134A,K018A,RF-0119-001-PPP,0.009,85.0,VAL,2017,DDT (sum),DDT (sum),"DDT (sum of p,p'-DDT, o,p'-DDT, p-p'-DDE and p,p'-TDE (DDD) expressed as DDT)",RF-0119-001-PPP,0.04,True
101471,890586112416137B4C515556C52A529B,CZ,CZ,P1020010A,A.01.001348,T134A,K018A,RF-0119-002-PPP,0.003,82.81,VAL,2017,DDT (sum),"DDE, p,p-","DDE, p,p-",RF-0119-002-PPP,0.04,True
101520,7BC10ADA8C1E82D9227E36B7E2CC27F2,CZ,CZ,P1020010A,A.01.001348,T134A,K018A,RF-0119-001-PPP,0.009,82.2,VAL,2017,DDT (sum),DDT (sum),"DDT (sum of p,p'-DDT, o,p'-DDT, p-p'-DDE and p,p'-TDE (DDD) expressed as DDT)",RF-0119-001-PPP,0.04,True
101526,636A04447BB2ACADD7B8E41D6EACACD3,CZ,CZ,P1020010A,A.01.001348,T134A,K018A,RF-0119-002-PPP,0.009,82.4,VAL,2017,DDT (sum),"DDE, p,p-","DDE, p,p-",RF-0119-002-PPP,0.04,True
101536,BF0688FC076DA6FC52EBFB4657CB3688,CZ,CZ,P1020010A,A.01.001348,T134A,K018A,RF-0119-001-PPP,0.009,83.38,VAL,2017,DDT (sum),DDT (sum),"DDT (sum of p,p'-DDT, o,p'-DDT, p-p'-DDE and p,p'-TDE (DDD) expressed as DDT)",RF-0119-001-PPP,0.04,True
101579,D59140A7E6A886D2C1728DF114CDDF75,CZ,CZ,P1020010A,A.01.001348,T134A,K018A,RF-0237-001-PPP,0.002,82.1,VAL,2017,Hexachlorobenzene,Hexachlorobenzene,Hexachlorobenzene,RF-0237-001-PPP,0.005,True
101592,88A2BDD88BCD9A7F2CF7000F07953618,CZ,CZ,P1020010A,A.01.001348,T134A,K018A,RF-0119-001-PPP,0.003,83.71,VAL,2017,DDT (sum),DDT (sum),"DDT (sum of p,p'-DDT, o,p'-DDT, p-p'-DDE and p,p'-TDE (DDD) expressed as DDT)",RF-0119-001-PPP,0.04,True
101598,224428A628CD12FA4002E3E537FF2E31,CZ,CZ,P1020010A,A.01.001348,T134A,K018A,RF-0119-001-PPP,0.003,84.21,VAL,2017,DDT (sum),DDT (sum),"DDT (sum of p,p'-DDT, o,p'-DDT, p-p'-DDE and p,p'-TDE (DDD) expressed as DDT)",RF-0119-001-PPP,0.04,True
101611,890586112416137B4C515556C52A529B,CZ,CZ,P1020010A,A.01.001348,T134A,K018A,RF-0119-001-PPP,0.003,82.81,VAL,2017,DDT (sum),DDT (sum),"DDT (sum of p,p'-DDT, o,p'-DDT, p-p'-DDE and p,p'-TDE (DDD) expressed as DDT)",RF-0119-001-PPP,0.04,True
101612,890586112416137B4C515556C52A529B,CZ,CZ,P1020010A,A.01.001348,T134A,K018A,RF-0237-001-PPP,0.002,82.81,VAL,2017,Hexachlorobenzene,Hexachlorobenzene,Hexachlorobenzene,RF-0237-001-PPP,0.005,True
101632,37462BC54A36373ED565836B1E22DACB,CZ,CZ,P1020010A,A.01.001348,T134A,K018A,RF-0119-002-PPP,0.005,80.23,VAL,2017,DDT (sum),"DDE, p,p-","DDE, p,p-",RF-0119-002-PPP,0.04,True
101634,BF0688FC076DA6FC52EBFB4657CB3688,CZ,CZ,P1020010A,A.01.001348,T134A,K018A,RF-0119-002-PPP,0.008,83.38,VAL,2017,DDT (sum),"DDE, p,p-","DDE, p,p-",RF-0119-002-PPP,0.04,True
101640,636A04447BB2ACADD7B8E41D6EACACD3,CZ,CZ,P1020010A,A.01.001348,T134A,K018A,RF-0237-001-PPP,0.001,82.4,VAL,2017,Hexachlorobenzene,Hexachlorobenzene,Hexachlorobenzene,RF-0237-001-PPP,0.005,True
101677,35D01B3212B1D22CE114FD7896F82DE5,CZ,CZ,P1020010A,A.01.001348,T134A,K018A,RF-0119-001-PPP,0.004,82.77,VAL,2017,DDT (sum),DDT (sum),"DDT (sum of p,p'-DDT, o,p'-DDT, p-p'-DDE and p,p'-TDE (DDD) expressed as DDT)",RF-0119-001-PPP,0.04,True
101683,88A2BDD88BCD9A7F2CF7000F07953618,CZ,CZ,P1020010A,A.01.001348,T134A,K018A,RF-0119-002-PPP,0.003,83.71,VAL,2017,DDT (sum),"DDE, p,p-","DDE, p,p-",RF-0119-002-PPP,0.04,True
101691,D59140A7E6A886D2C1728DF114CDDF75,CZ,CZ,P1020010A,A.01.001348,T134A,K018A,RF-0119-001-PPP,0.006,82.1,VAL,2017,DDT (sum),DDT (sum),"DDT (sum of p,p'-DDT, o,p'-DDT, p-p'-DDE and p,p'-TDE (DDD) expressed as DDT)",RF-0119-001-PPP,0.04,True
101693,1F95D47684E4C34748B0CCA402974DFF,CZ,CZ,P1020010A,A.01.001348,T134A,K018A,RF-0119-002-PPP,0.008,85.0,VAL,2017,DDT (sum),"DDE, p,p-","DDE, p,p-",RF-0119-002-PPP,0.04,True
101701,1F95D47684E4C34748B0CCA402974DFF,CZ,CZ,P1020010A,A.01.001348,T134A,K018A,RF-0237-001-PPP,0.001,85.0,VAL,2017,Hexachlorobenzene,Hexachlorobenzene,Hexachlorobenzene,RF-0237-001-PPP,0.005,True
101741,1C16C239EACD0505D45AF5A142472414,CZ,CZ,P1020010A,A.01.001348,T134A,K018A,RF-0237-001-PPP,0.002,84.09,VAL,2017,Hexachlorobenzene,Hexachlorobenzene,Hexachlorobenzene,RF-0237-001-PPP,0.005,True
101747,E3D4D965DFDCB850ADF925010F5F9E9F,CZ,CZ,P1020000A,A.01.000948,T134A,K018A,RF-0119-002-PPP,0.012,82.56,VAL,2017,DDT (sum),"DDE, p,p-","DDE, p,p-",RF-0119-002-PPP,0.04,True
101759,D59140A7E6A886D2C1728DF114CDDF75,CZ,CZ,P1020010A,A.01.001348,T134A,K018A,RF-0119-002-PPP,0.005,82.1,VAL,2017,DDT (sum),"DDE, p,p-","DDE, p,p-",RF-0119-002-PPP,0.04,True
101767,D1C3786C68B2910CE1495ABA50D5AD5D,CZ,CZ,P1020010A,A.01.001348,T134A,K018A,RF-0119-002-PPP,0.003,83.08,VAL,2017,DDT (sum),"DDE, p,p-","DDE, p,p-",RF-0119-002-PPP,0.04,True
101779,37462BC54A36373ED565836B1E22DACB,CZ,CZ,P1020010A,A.01.001348,T134A,K018A,RF-0119-001-PPP,0.006,80.23,VAL,2017,DDT (sum),DDT (sum),"DDT (sum of p,p'-DDT, o,p'-DDT, p-p'-DDE and p,p'-TDE (DDD) expressed as DDT)",RF-0119-001-PPP,0.04,True
101834,E3D4D965DFDCB850ADF925010F5F9E9F,CZ,CZ,P1020000A,A.01.000948,T134A,K018A,RF-0119-001-PPP,0.013,82.56,VAL,2017,DDT (sum),DDT (sum),"DDT (sum of p,p'-DDT, o,p'-DDT, p-p'-DDE and p,p'-TDE (DDD) expressed as DDT)",RF-0119-001-PPP,0.04,True
101866,946C99D299ED8F4AE46AABD561491119,CZ,CZ,P1020010A,A.01.001348,T134A,K018A,RF-0237-001-PPP,0.001,83.35,VAL,2017,Hexachlorobenzene,Hexachlorobenzene,Hexachlorobenzene,RF-0237-001-PPP,0.005,True
101897,946C99D299ED8F4AE46AABD561491119,CZ,CZ,P1020010A,A.01.001348,T134A,K018A,RF-0119-001-PPP,0.001,83.35,VAL,2017,DDT (sum),DDT (sum),"DDT (sum of p,p'-DDT, o,p'-DDT, p-p'-DDE and p,p'-TDE (DDD) expressed as DDT)",RF-0119-001-PPP,0.04,True
101898,946C99D299ED8F4AE46AABD561491119,CZ,CZ,P1020010A,A.01.001348,T134A,K018A,RF-0119-002-PPP,0.001,83.35,VAL,2017,DDT (sum),"DDE, p,p-","DDE, p,p-",RF-0119-002-PPP,0.04,True
101970,35D01B3212B1D22CE114FD7896F82DE5,CZ,CZ,P1020010A,A.01.001348,T134A,K018A,RF-0237-001-PPP,0.002,82.77,VAL,2017,Hexachlorobenzene,Hexachlorobenzene,Hexachlorobenzene,RF-0237-001-PPP,0.005,True
103034,3C58558742BF065D3FFF90B731229D3E,DE,DE,P1020010A,N_A,T152A,K005A,RF-0237-001-PPP,0.00246,82.0,VAL,2017,Hexachlorobenzene,Hexachlorobenzene,Hexachlorobenzene,RF-0237-001-PPP,0.005,True
103035,B2BF5F17C7575879B3ADB1E41DD7E793,DE,DE,P1020010A,N_A,T152A,K005A,RF-0237-001-PPP,0.005,-1.0,VAL,2017,Hexachlorobenzene,Hexachlorobenzene,Hexachlorobenzene,RF-0237-001-PPP,0.005,True
103036,BFCB5D0E7A2842DF21EFD0789E30E303,DE,DE,P1020010A,N_A,T152A,K005A,RF-0119-002-PPP,0.00164,82.0,VAL,2017,DDT (sum),"DDE, p,p-","DDE, p,p-",RF-0119-002-PPP,0.04,True
103037,67D3ABEA5DE2A66F1E064AA747C15CCD,DE,DE,P1020010A,N_A,T152A,K005A,RF-0119-002-PPP,0.0052,88.0,VAL,2017,DDT (sum),"DDE, p,p-","DDE, p,p-",RF-0119-002-PPP,0.04,True
103038,B2BF5F17C7575879B3ADB1E41DD7E793,DE,DE,P1020010A,N_A,T152A,K005A,RF-0119-002-PPP,0.002,-1.0,VAL,2017,DDT (sum),"DDE, p,p-","DDE, p,p-",RF-0119-002-PPP,0.04,True
103039,C62FFFB755060A1C7343A35A19F82E7A,DE,DE,P1020010A,N_A,T152A,K005A,RF-0155-001-PPP,0.0369,82.0,VAL,2017,Endosulfan (sum),Endosulfan (sum),Endosulfan (sum of alpha- and beta-isomers and endosulfan-sulphate expresses as endosulfan),RF-0155-001-PPP,0.05,True
103040,A417F8A8527747173AAE8DF3015483B8,DE,DE,P1020010A,N_A,T152A,K005A,RF-0155-001-PPP,0.007,82.0,VAL,2017,Endosulfan (sum),Endosulfan (sum),Endosulfan (sum of alpha- and beta-isomers and endosulfan-sulphate expresses as endosulfan),RF-0155-001-PPP,0.05,True
103042,D710B1E1B4017784E1C8A21F8C7A1A8F,DE,DE,P1020010A,N_A,T152A,K005A,RF-1078-002-PPP,0.023,83.2,VAL,2017,DDAC (mix),DDAC (mix),"Didecyldimethylammonium chloride (mixture of alkyl-quaternary ammonium salts with alkyl chain lengths of C8, C10 and C12)",RF-1078-002-PPP,0.1,True
103044,A417F8A8527747173AAE8DF3015483B8,DE,DE,P1020010A,N_A,T152A,K005A,RF-0155-002-PPP,0.0073,82.0,VAL,2017,Endosulfan (sum),Endosulfansulfate,Endosulfansulfate,RF-0155-002-PPP,0.05,True
103045,C62FFFB755060A1C7343A35A19F82E7A,DE,DE,P1020010A,N_A,T152A,K005A,RF-0155-004-PPP,0.0357,82.0,VAL,2017,Endosulfan (sum),"Endosulfan, alpha-","Endosulfan, alpha-",RF-0155-004-PPP,0.05,True
103071,BFCB5D0E7A2842DF21EFD0789E30E303,DE,DE,P1020010A,N_A,T152A,K005A,RF-0237-001-PPP,0.00164,82.0,VAL,2017,Hexachlorobenzene,Hexachlorobenzene,Hexachlorobenzene,RF-0237-001-PPP,0.005,True
103072,BFCB5D0E7A2842DF21EFD0789E30E303,DE,DE,P1020010A,N_A,T152A,K005A,RF-0119-001-PPP,0.00164,82.0,VAL,2017,DDT (sum),DDT (sum),"DDT (sum of p,p'-DDT, o,p'-DDT, p-p'-DDE and p,p'-TDE (DDD) expressed as DDT)",RF-0119-001-PPP,0.04,True
103073,E604D84DC805ABA9221D46A5B1EFBCBF,DE,DE,P1020010A,N_A,T152A,K005A,RF-0237-001-PPP,0.001,-1.0,VAL,2017,Hexachlorobenzene,Hexachlorobenzene,Hexachlorobenzene,RF-0237-001-PPP,0.005,True
103075,C2DC5A4237C0D7E4E883FAE468C2CD35,DE,DE,P1020010A,N_A,T152A,K005A,RF-0237-001-PPP,0.00164,82.0,VAL,2017,Hexachlorobenzene,Hexachlorobenzene,Hexachlorobenzene,RF-0237-001-PPP,0.005,True
103089,67D3ABEA5DE2A66F1E064AA747C15CCD,DE,DE,P1020010A,N_A,T152A,K005A,RF-0119-001-PPP,0.0058,88.0,VAL,2017,DDT (sum),DDT (sum),"DDT (sum of p,p'-DDT, o,p'-DDT, p-p'-DDE and p,p'-TDE (DDD) expressed as DDT)",RF-0119-001-PPP,0.04,True
103090,A417F8A8527747173AAE8DF3015483B8,DE,DE,P1020010A,N_A,T152A,K005A,RF-0119-001-PPP,0.0059,82.0,VAL,2017,DDT (sum),DDT (sum),"DDT (sum of p,p'-DDT, o,p'-DDT, p-p'-DDE and p,p'-TDE (DDD) expressed as DDT)",RF-0119-001-PPP,0.04,True
103091,B2BF5F17C7575879B3ADB1E41DD7E793,DE,DE,P1020010A,N_A,T152A,K005A,RF-0119-001-PPP,0.003,-1.0,VAL,2017,DDT (sum),DDT (sum),"DDT (sum of p,p'-DDT, o,p'-DDT, p-p'-DDE and p,p'-TDE (DDD) expressed as DDT)",RF-0119-001-PPP,0.04,True
104232,016B892C3AFB8F0A1C87219F1E94FBC8,IT,IT,P1020010A,N_A,T152A,K005A,RF-1078-005-PPP,0.02,-1.0,VAL,2017,BAC 14,BAC 14,BAC 14,RF-1078-005-PPP,0.1,True
104235,293B7E90313A0C7FD684DD7FE22C628B,IT,IT,P1020000A,N_A,T152A,K005A,RF-1078-004-PPP,0.017,-1.0,VAL,2017,BAC 12,BAC 12,BAC 12,RF-1078-004-PPP,0.1,True
104236,293B7E90313A0C7FD684DD7FE22C628B,IT,IT,P1020000A,N_A,T152A,K005A,RF-1078-005-PPP,0.015,-1.0,VAL,2017,BAC 14,BAC 14,BAC 14,RF-1078-005-PPP,0.1,True
104275,C238A5C13FD71E6D2EC31CDDF46F48BE,IT,IT,P1020000A,N_A,T152A,K005A,RF-1078-004-PPP,0.017,-1.0,VAL,2017,BAC 12,BAC 12,BAC 12,RF-1078-004-PPP,0.1,True
104276,C238A5C13FD71E6D2EC31CDDF46F48BE,IT,IT,P1020000A,N_A,T152A,K005A,RF-1078-005-PPP,0.014,-1.0,VAL,2017,BAC 14,BAC 14,BAC 14,RF-1078-005-PPP,0.1,True
104293,4453B33A5B82BB8859AB6F2E4EDF3C13,IT,IT,P1020010A,N_A,T152A,K005A,RF-1078-004-PPP,0.028,-1.0,VAL,2017,BAC 12,BAC 12,BAC 12,RF-1078-004-PPP,0.1,True
104294,4453B33A5B82BB8859AB6F2E4EDF3C13,IT,IT,P1020010A,N_A,T152A,K005A,RF-1078-005-PPP,0.02,-1.0,VAL,2017,BAC 14,BAC 14,BAC 14,RF-1078-005-PPP,0.1,True
104297,016B892C3AFB8F0A1C87219F1E94FBC8,IT,IT,P1020010A,N_A,T152A,K005A,RF-1078-004-PPP,0.022,-1.0,VAL,2017,BAC 12,BAC 12,BAC 12,RF-1078-004-PPP,0.1,True
104520,718FBC4275FC769B6CEB7EA009E2206E,IT,IT,P1020010A,N_A,T152A,K005A,RF-1078-004-PPP,0.085,-1.0,VAL,2017,BAC 12,BAC 12,BAC 12,RF-1078-004-PPP,0.1,True
104532,5DB08FEB2A276EE0CD046EC89B91A68E,IT,IT,P1020010A,N_A,T152A,K005A,RF-1078-005-PPP,0.038,-1.0,VAL,2017,BAC 14,BAC 14,BAC 14,RF-1078-005-PPP,0.1,True
104533,5DB08FEB2A276EE0CD046EC89B91A68E,IT,IT,P1020010A,N_A,T152A,K005A,RF-1078-004-PPP,0.058,-1.0,VAL,2017,BAC 12,BAC 12,BAC 12,RF-1078-004-PPP,0.1,True
104542,718FBC4275FC769B6CEB7EA009E2206E,IT,IT,P1020010A,N_A,T152A,K005A,RF-1078-005-PPP,0.054,-1.0,VAL,2017,BAC 14,BAC 14,BAC 14,RF-1078-005-PPP,0.1,True
104861,C16E20F9C82A9D89BE45E6F79566258E,CZ,CZ,P1020000A,A.01.000948,T134A,K009A,RF-0119-001-PPP,0.003,100.0,VAL,2018,DDT (sum),DDT (sum),"DDT (sum of p,p'-DDT, o,p'-DDT, p-p'-DDE and p,p'-TDE (DDD) expressed as DDT)",RF-0119-001-PPP,0.04,True
104886,43791697370DE60A45C55E455169C1BD,CZ,CZ,P1020010A,A.01.001348,T134A,K009A,RF-0119-002-PPP,0.008,83.01,VAL,2018,DDT (sum),"DDE, p,p-","DDE, p,p-",RF-0119-002-PPP,0.04,True
104925,66D16EF8B8795588BD714701AF6EA7C2,CZ,CZ,P1020010A,A.01.001348,T134A,K009A,RF-0237-001-PPP,0.002,81.1,VAL,2018,Hexachlorobenzene,Hexachlorobenzene,Hexachlorobenzene,RF-0237-001-PPP,0.005,True
104942,6825D4D0E899A9255A801DE3CF03E859,CZ,CZ,P1020010A,A.01.001348,T134A,K009A,RF-0119-001-PPP,0.007,82.32,VAL,2018,DDT (sum),DDT (sum),"DDT (sum of p,p'-DDT, o,p'-DDT, p-p'-DDE and p,p'-TDE (DDD) expressed as DDT)",RF-0119-001-PPP,0.04,True
104972,74FDE64A09A182F6285FB34D101F6DDF,CZ,CZ,P1020010A,A.01.001348,T134A,K009A,RF-0119-002-PPP,0.004,84.28,VAL,2018,DDT (sum),"DDE, p,p-","DDE, p,p-",RF-0119-002-PPP,0.04,True
104977,206FF9E3624FDF1D308A9A332D70B18F,CZ,CZ,P1020010A,A.01.001348,T134A,K009A,RF-0237-001-PPP,0.001,82.7,VAL,2018,Hexachlorobenzene,Hexachlorobenzene,Hexachlorobenzene,RF-0237-001-PPP,0.005,True
104983,206FF9E3624FDF1D308A9A332D70B18F,CZ,CZ,P1020010A,A.01.001348,T134A,K009A,RF-0119-001-PPP,0.003,82.7,VAL,2018,DDT (sum),DDT (sum),"DDT (sum of p,p'-DDT, o,p'-DDT, p-p'-DDE and p,p'-TDE (DDD) expressed as DDT)",RF-0119-001-PPP,0.04,True
105012,206FF9E3624FDF1D308A9A332D70B18F,CZ,CZ,P1020010A,A.01.001348,T134A,K009A,RF-0119-002-PPP,0.003,82.7,VAL,2018,DDT (sum),"DDE, p,p-","DDE, p,p-",RF-0119-002-PPP,0.04,True
105051,555F704C439CF052C206079DAA61DD64,CZ,CZ,P1020010A,A.01.001348,T134A,K009A,RF-0119-001-PPP,0.006,83.17,VAL,2018,DDT (sum),DDT (sum),"DDT (sum of p,p'-DDT, o,p'-DDT, p-p'-DDE and p,p'-TDE (DDD) expressed as DDT)",RF-0119-001-PPP,0.04,True
105078,57271D7B7790D36C6482056C93E48D87,CZ,CZ,P1020000A,A.01.000948,T134A,K009A,RF-0119-001-PPP,0.002,17.51,VAL,2018,DDT (sum),DDT (sum),"DDT (sum of p,p'-DDT, o,p'-DDT, p-p'-DDE and p,p'-TDE (DDD) expressed as DDT)",RF-0119-001-PPP,0.04,True
105153,0264620E155243A42B55C9309351C5C3,CZ,CZ,P1020010A,A.01.001348,T134A,K009A,RF-0237-001-PPP,0.002,85.47,VAL,2018,Hexachlorobenzene,Hexachlorobenzene,Hexachlorobenzene,RF-0237-001-PPP,0.005,True
105157,74FDE64A09A182F6285FB34D101F6DDF,CZ,CZ,P1020010A,A.01.001348,T134A,K009A,RF-0119-001-PPP,0.004,84.28,VAL,2018,DDT (sum),DDT (sum),"DDT (sum of p,p'-DDT, o,p'-DDT, p-p'-DDE and p,p'-TDE (DDD) expressed as DDT)",RF-0119-001-PPP,0.04,True
105263,C16E20F9C82A9D89BE45E6F79566258E,CZ,CZ,P1020000A,A.01.000948,T134A,K009A,RF-0119-002-PPP,0.003,100.0,VAL,2018,DDT (sum),"DDE, p,p-","DDE, p,p-",RF-0119-002-PPP,0.04,True
105299,0264620E155243A42B55C9309351C5C3,CZ,CZ,P1020010A,A.01.001348,T134A,K009A,RF-0119-002-PPP,0.003,85.47,VAL,2018,DDT (sum),"DDE, p,p-","DDE, p,p-",RF-0119-002-PPP,0.04,True
105320,0264620E155243A42B55C9309351C5C3,CZ,CZ,P1020010A,A.01.001348,T134A,K009A,RF-0119-001-PPP,0.003,85.47,VAL,2018,DDT (sum),DDT (sum),"DDT (sum of p,p'-DDT, o,p'-DDT, p-p'-DDE and p,p'-TDE (DDD) expressed as DDT)",RF-0119-001-PPP,0.04,True
105326,74FDE64A09A182F6285FB34D101F6DDF,CZ,CZ,P1020010A,A.01.001348,T134A,K009A,RF-0237-001-PPP,0.002,84.28,VAL,2018,Hexachlorobenzene,Hexachlorobenzene,Hexachlorobenzene,RF-0237-001-PPP,0.005,True
105340,6825D4D0E899A9255A801DE3CF03E859,CZ,CZ,P1020010A,A.01.001348,T134A,K009A,RF-0119-002-PPP,0.006,82.32,VAL,2018,DDT (sum),"DDE, p,p-","DDE, p,p-",RF-0119-002-PPP,0.04,True
105374,BBEA8948A9E2E464D296B7E713019BCB,CZ,CZ,P1020010A,A.01.001348,T134A,K009A,RF-0237-001-PPP,0.001,85.38,VAL,2018,Hexachlorobenzene,Hexachlorobenzene,Hexachlorobenzene,RF-0237-001-PPP,0.005,True
105384,43791697370DE60A45C55E455169C1BD,CZ,CZ,P1020010A,A.01.001348,T134A,K009A,RF-0119-001-PPP,0.009,83.01,VAL,2018,DDT (sum),DDT (sum),"DDT (sum of p,p'-DDT, o,p'-DDT, p-p'-DDE and p,p'-TDE (DDD) expressed as DDT)",RF-0119-001-PPP,0.04,True
105396,BBEA8948A9E2E464D296B7E713019BCB,CZ,CZ,P1020010A,A.01.001348,T134A,K009A,RF-0119-001-PPP,0.004,85.38,VAL,2018,DDT (sum),DDT (sum),"DDT (sum of p,p'-DDT, o,p'-DDT, p-p'-DDE and p,p'-TDE (DDD) expressed as DDT)",RF-0119-001-PPP,0.04,True
105400,BBEA8948A9E2E464D296B7E713019BCB,CZ,CZ,P1020010A,A.01.001348,T134A,K009A,RF-0119-002-PPP,0.004,85.38,VAL,2018,DDT (sum),"DDE, p,p-","DDE, p,p-",RF-0119-002-PPP,0.04,True
105425,555F704C439CF052C206079DAA61DD64,CZ,CZ,P1020010A,A.01.001348,T134A,K009A,RF-0119-002-PPP,0.005,83.17,VAL,2018,DDT (sum),"DDE, p,p-","DDE, p,p-",RF-0119-002-PPP,0.04,True
105445,4478AE93B13D4BA3DDB6A2F97EC3F28C,CZ,CZ,P1020000A,A.01.000948,T134A,K009A,RF-0119-002-PPP,0.003,82.88,VAL,2018,DDT (sum),"DDE, p,p-","DDE, p,p-",RF-0119-002-PPP,0.04,True
105446,4478AE93B13D4BA3DDB6A2F97EC3F28C,CZ,CZ,P1020000A,A.01.000948,T134A,K009A,RF-0119-001-PPP,0.003,82.88,VAL,2018,DDT (sum),DDT (sum),"DDT (sum of p,p'-DDT, o,p'-DDT, p-p'-DDE and p,p'-TDE (DDD) expressed as DDT)",RF-0119-001-PPP,0.04,True
105468,57271D7B7790D36C6482056C93E48D87,CZ,CZ,P1020000A,A.01.000948,T134A,K009A,RF-0119-002-PPP,0.002,17.51,VAL,2018,DDT (sum),"DDE, p,p-","DDE, p,p-",RF-0119-002-PPP,0.04,True
105545,11F1C31A26DDCBF52E96343D549E5C3F,DE,DE,P1020010A,A.01.001348,T134A,K005A,RF-0119-001-PPP,0.0071,-1.0,VAL,2018,DDT (sum),DDT (sum),"DDT (sum of p,p'-DDT, o,p'-DDT, p-p'-DDE and p,p'-TDE (DDD) expressed as DDT)",RF-0119-001-PPP,0.04,True
105561,ABBEADFE9211E0152DEA35E79B7E0A3B,DE,DE,P1020010A,A.01.001348,T134A,K005A,RF-0119-002-PPP,0.0091,-1.0,VAL,2018,DDT (sum),"DDE, p,p-","DDE, p,p-",RF-0119-002-PPP,0.04,True
105647,F3D9E8812C3105FB48DE34411FF7B125,DE,DE,P1020010A,A.01.001348,T134A,K005A,RF-0119-002-PPP,0.0121,-1.0,VAL,2018,DDT (sum),"DDE, p,p-","DDE, p,p-",RF-0119-002-PPP,0.04,True
105682,1376350F38A090B159C3DDBEA17BA050,DE,DE,P1020010A,A.01.001348,T134A,K005A,RF-0119-001-PPP,0.009,-1.0,VAL,2018,DDT (sum),DDT (sum),"DDT (sum of p,p'-DDT, o,p'-DDT, p-p'-DDE and p,p'-TDE (DDD) expressed as DDT)",RF-0119-001-PPP,0.04,True
105707,1376350F38A090B159C3DDBEA17BA050,DE,DE,P1020010A,A.01.001348,T134A,K005A,RF-0119-002-PPP,0.0084,-1.0,VAL,2018,DDT (sum),"DDE, p,p-","DDE, p,p-",RF-0119-002-PPP,0.04,True
105771,ABBEADFE9211E0152DEA35E79B7E0A3B,DE,DE,P1020010A,A.01.001348,T134A,K005A,RF-0119-001-PPP,0.01,-1.0,VAL,2018,DDT (sum),DDT (sum),"DDT (sum of p,p'-DDT, o,p'-DDT, p-p'-DDE and p,p'-TDE (DDD) expressed as DDT)",RF-0119-001-PPP,0.04,True
105877,11F1C31A26DDCBF52E96343D549E5C3F,DE,DE,P1020010A,A.01.001348,T134A,K005A,RF-1078-002-PPP,0.033,-1.0,VAL,2018,DDAC (mix),DDAC (mix),"Didecyldimethylammonium chloride (mixture of alkyl-quaternary ammonium salts with alkyl chain lengths of C8, C10 and C12)",RF-1078-002-PPP,0.1,True
105937,11F1C31A26DDCBF52E96343D549E5C3F,DE,DE,P1020010A,A.01.001348,T134A,K005A,RF-00007627-PAR,0.033,-1.0,VAL,2018,DDAC (mix),DDAC-C10,Didecyldimethylammonium chloride (DDAC) n=10,RF-00007627-PAR,0.1,True
106421,F3D9E8812C3105FB48DE34411FF7B125,DE,DE,P1020010A,A.01.001348,T134A,K005A,RF-0119-001-PPP,0.013,-1.0,VAL,2018,DDT (sum),DDT (sum),"DDT (sum of p,p'-DDT, o,p'-DDT, p-p'-DDE and p,p'-TDE (DDD) expressed as DDT)",RF-0119-001-PPP,0.04,True
106457,5871C4C5E8988316514125D5BA4B1723,DE,DE,P1020010A,A.01.001348,T134A,K005A,RF-0119-001-PPP,0.009,-1.0,VAL,2018,DDT (sum),DDT (sum),"DDT (sum of p,p'-DDT, o,p'-DDT, p-p'-DDE and p,p'-TDE (DDD) expressed as DDT)",RF-0119-001-PPP,0.04,True
106515,7726DAE7454DAB482E4CA814B81647EE,DE,DE,P1020010A,A.01.001348,T134A,K005A,RF-0119-001-PPP,0.009,-1.0,VAL,2018,DDT (sum),DDT (sum),"DDT (sum of p,p'-DDT, o,p'-DDT, p-p'-DDE and p,p'-TDE (DDD) expressed as DDT)",RF-0119-001-PPP,0.04,True
106707,11F1C31A26DDCBF52E96343D549E5C3F,DE,DE,P1020010A,A.01.001348,T134A,K005A,RF-0119-002-PPP,0.0063,-1.0,VAL,2018,DDT (sum),"DDE, p,p-","DDE, p,p-",RF-0119-002-PPP,0.04,True
106776,7726DAE7454DAB482E4CA814B81647EE,DE,DE,P1020010A,A.01.001348,T134A,K005A,RF-0119-002-PPP,0.0083,-1.0,VAL,2018,DDT (sum),"DDE, p,p-","DDE, p,p-",RF-0119-002-PPP,0.04,True
106930,5871C4C5E8988316514125D5BA4B1723,DE,DE,P1020010A,A.01.001348,T134A,K005A,RF-0119-002-PPP,0.0078,-1.0,VAL,2018,DDT (sum),"DDE, p,p-","DDE, p,p-",RF-0119-002-PPP,0.04,True
106966,51C286260CD0E28064829666580A58FA,DE,DE,P1020010A,A.01.001348,T134A,K005A,RF-0119-002-PPP,0.0056,-1.0,VAL,2018,DDT (sum),"DDE, p,p-","DDE, p,p-",RF-0119-002-PPP,0.04,True
107967,209203433057ADE4C6E38204BC27E23C,DE,DE,P1020010A,A.01.001348,T134A,K005A,RF-0119-001-PPP,0.0048,-1.0,VAL,2018,DDT (sum),DDT (sum),"DDT (sum of p,p'-DDT, o,p'-DDT, p-p'-DDE and p,p'-TDE (DDD) expressed as DDT)",RF-0119-001-PPP,0.04,True
108034,209203433057ADE4C6E38204BC27E23C,DE,DE,P1020010A,A.01.001348,T134A,K005A,RF-0119-002-PPP,0.0043,-1.0,VAL,2018,DDT (sum),"DDE, p,p-","DDE, p,p-",RF-0119-002-PPP,0.04,True
108518,4793E7D7B388BF6C90C351734E1D4BE5,DE,DE,P1020010A,A.01.001348,T134A,K005A,RF-0119-002-PPP,0.0056,-1.0,VAL,2018,DDT (sum),"DDE, p,p-","DDE, p,p-",RF-0119-002-PPP,0.04,True
109029,9C0ED5372F727AB06150B51A5EB14F2E,DE,IE,P1020010A,A.01.001348,T134A,K005A,RF-0147-001-PPP,0.01,-1.0,VAL,2018,Diphenylamine,Diphenylamine,Diphenylamine,RF-0147-001-PPP,0.05,True
109096,66958898895041BE3E52210AD730F10B,DE,DE,P1020010A,A.01.001348,T134A,K005A,RF-0102-001-PPP,0.125,-1.0,VAL,2018,Copper compounds,Copper compounds,Copper compounds (copper),RF-0102-001-PPP,2.0,True
109102,024EE735132D73824E020F1E21036B46,DE,IE,P1020010A,A.01.001348,T134A,K005A,RF-0237-001-PPP,0.0011,-1.0,VAL,2018,Hexachlorobenzene,Hexachlorobenzene,Hexachlorobenzene,RF-0237-001-PPP,0.005,True
109798,4793E7D7B388BF6C90C351734E1D4BE5,DE,DE,P1020010A,A.01.001348,T134A,K005A,RF-0119-001-PPP,0.0063,-1.0,VAL,2018,DDT (sum),DDT (sum),"DDT (sum of p,p'-DDT, o,p'-DDT, p-p'-DDE and p,p'-TDE (DDD) expressed as DDT)",RF-0119-001-PPP,0.04,True
110493,69BD8B8C80F2C3F373E6642D3364CC87,DE,DE,P1020010A,A.01.001348,T134A,K005A,RF-0119-002-PPP,0.0101,-1.0,VAL,2018,DDT (sum),"DDE, p,p-","DDE, p,p-",RF-0119-002-PPP,0.04,True
111525,51C286260CD0E28064829666580A58FA,DE,DE,P1020010A,A.01.001348,T134A,K005A,RF-0119-001-PPP,0.0062,-1.0,VAL,2018,DDT (sum),DDT (sum),"DDT (sum of p,p'-DDT, o,p'-DDT, p-p'-DDE and p,p'-TDE (DDD) expressed as DDT)",RF-0119-001-PPP,0.04,True
112107,83D8C0B87F12C0694FF988BE632FE6F4,DE,DE,P1020010A,A.01.001348,T134A,K005A,RF-0119-002-PPP,0.007,-1.0,VAL,2018,DDT (sum),"DDE, p,p-","DDE, p,p-",RF-0119-002-PPP,0.04,True
113315,7D6A21E3B9724C04B4834D9E0D363969,DE,DE,P1020010A,A.01.001348,T134A,K005A,RF-0119-001-PPP,0.0084,-1.0,VAL,2018,DDT (sum),DDT (sum),"DDT (sum of p,p'-DDT, o,p'-DDT, p-p'-DDE and p,p'-TDE (DDD) expressed as DDT)",RF-0119-001-PPP,0.04,True
114093,7D6A21E3B9724C04B4834D9E0D363969,DE,DE,P1020010A,A.01.001348,T134A,K005A,RF-0119-002-PPP,0.0076,-1.0,VAL,2018,DDT (sum),"DDE, p,p-","DDE, p,p-",RF-0119-002-PPP,0.04,True
114213,B34491370AFD29048809AB000CD0C4C4,DE,DE,P1020010A,A.01.001348,T134A,K005A,RF-0119-001-PPP,0.00656,-1.0,VAL,2018,DDT (sum),DDT (sum),"DDT (sum of p,p'-DDT, o,p'-DDT, p-p'-DDE and p,p'-TDE (DDD) expressed as DDT)",RF-0119-001-PPP,0.04,True
114380,DA9CFD1E90DFFFDA778F0AFD2ECDB972,DE,DE,P1020010A,A.01.001348,T134A,K005A,RF-0087-001-PPP,0.0041,-1.0,VAL,2018,Chlorpyrifos,Chlorpyrifos,Chlorpyrifos,RF-0087-001-PPP,0.01,True
114597,B34491370AFD29048809AB000CD0C4C4,DE,DE,P1020010A,A.01.001348,T134A,K005A,RF-0119-002-PPP,0.00574,-1.0,VAL,2018,DDT (sum),"DDE, p,p-","DDE, p,p-",RF-0119-002-PPP,0.04,True
114603,3351BE37F9B3EA4400C55D83AAB3496E,DE,DE,P1020010A,A.01.001348,T134A,K005A,RF-0237-001-PPP,0.00246,-1.0,VAL,2018,Hexachlorobenzene,Hexachlorobenzene,Hexachlorobenzene,RF-0237-001-PPP,0.005,True
115011,58F5FCEBF6D63EC30A6C79E6E0840D99,DE,DE,P1020010A,A.01.001348,T134A,K005A,RF-0237-001-PPP,0.00246,-1.0,VAL,2018,Hexachlorobenzene,Hexachlorobenzene,Hexachlorobenzene,RF-0237-001-PPP,0.005,True
115122,93066283D1C6AC7B89447AF28D72BCD8,DE,DE,P1020010A,A.01.001348,T134A,K005A,RF-0237-001-PPP,0.00164,-1.0,VAL,2018,Hexachlorobenzene,Hexachlorobenzene,Hexachlorobenzene,RF-0237-001-PPP,0.005,True
115131,B34491370AFD29048809AB000CD0C4C4,DE,DE,P1020010A,A.01.001348,T134A,K005A,RF-0237-001-PPP,0.00164,-1.0,VAL,2018,Hexachlorobenzene,Hexachlorobenzene,Hexachlorobenzene,RF-0237-001-PPP,0.005,True
115133,017C1F20B2F2B6BF6C3C1AD6C15FB23F,DE,DE,P1020010A,A.01.001348,T134A,K005A,RF-0237-001-PPP,0.00246,-1.0,VAL,2018,Hexachlorobenzene,Hexachlorobenzene,Hexachlorobenzene,RF-0237-001-PPP,0.005,True
115239,DA9CFD1E90DFFFDA778F0AFD2ECDB972,DE,DE,P1020010A,A.01.001348,T134A,K005A,RF-0237-001-PPP,0.00164,-1.0,VAL,2018,Hexachlorobenzene,Hexachlorobenzene,Hexachlorobenzene,RF-0237-001-PPP,0.005,True
115363,79782C21CE3D265F66156D915C73D52C,DE,DE,P1020010A,A.01.001348,T134A,K005A,RF-0237-001-PPP,0.00164,-1.0,VAL,2018,Hexachlorobenzene,Hexachlorobenzene,Hexachlorobenzene,RF-0237-001-PPP,0.005,True
115576,E0608ACD217AA380F948CA7309CBC9DA,DE,DE,P1020010A,A.01.001348,T134A,K005A,RF-0237-001-PPP,0.00246,-1.0,VAL,2018,Hexachlorobenzene,Hexachlorobenzene,Hexachlorobenzene,RF-0237-001-PPP,0.005,True
115960,418CBE5FA2A6F2C4D9D7966E63B1D620,DE,XX,P1020010A,A.01.001348,T134A,K005A,RF-0237-001-PPP,0.00246,-1.0,VAL,2018,Hexachlorobenzene,Hexachlorobenzene,Hexachlorobenzene,RF-0237-001-PPP,0.005,True
116039,60621FDC38C38A760F9BD441D40614B6,DE,DE,P1020010A,A.01.001348,T134A,K005A,RF-0119-002-PPP,0.0041,-1.0,VAL,2018,DDT (sum),"DDE, p,p-","DDE, p,p-",RF-0119-002-PPP,0.04,True
116046,8B6703CAD8E86DAB0AFD1593F327679A,DE,DE,P1020010A,A.01.001348,T134A,K005A,RF-0119-002-PPP,0.00738,-1.0,VAL,2018,DDT (sum),"DDE, p,p-","DDE, p,p-",RF-0119-002-PPP,0.04,True
116089,134AEB88DA8AEA66A0B9A07755D90360,DE,DE,P1020010A,A.01.001348,T134A,K005A,RF-0237-001-PPP,0.00164,-1.0,VAL,2018,Hexachlorobenzene,Hexachlorobenzene,Hexachlorobenzene,RF-0237-001-PPP,0.005,True
116161,56875AD93F685F7597046A9ADA673A55,DE,DE,P1020010A,A.01.001348,T134A,K005A,RF-0119-002-PPP,0.00492,-1.0,VAL,2018,DDT (sum),"DDE, p,p-","DDE, p,p-",RF-0119-002-PPP,0.04,True
116205,60621FDC38C38A760F9BD441D40614B6,DE,DE,P1020010A,A.01.001348,T134A,K005A,RF-0119-001-PPP,0.0041,-1.0,VAL,2018,DDT (sum),DDT (sum),"DDT (sum of p,p'-DDT, o,p'-DDT, p-p'-DDE and p,p'-TDE (DDD) expressed as DDT)",RF-0119-001-PPP,0.04,True
116222,8B6703CAD8E86DAB0AFD1593F327679A,DE,DE,P1020010A,A.01.001348,T134A,K005A,RF-0237-001-PPP,0.00164,-1.0,VAL,2018,Hexachlorobenzene,Hexachlorobenzene,Hexachlorobenzene,RF-0237-001-PPP,0.005,True
116257,56875AD93F685F7597046A9ADA673A55,DE,DE,P1020010A,A.01.001348,T134A,K005A,RF-0119-001-PPP,0.00492,-1.0,VAL,2018,DDT (sum),DDT (sum),"DDT (sum of p,p'-DDT, o,p'-DDT, p-p'-DDE and p,p'-TDE (DDD) expressed as DDT)",RF-0119-001-PPP,0.04,True
116297,BF8D994B1218285F5F0CEE61D4846E2B,DE,DE,P1020010A,A.01.001348,T134A,K005A,RF-0119-001-PPP,0.004,-1.0,VAL,2018,DDT (sum),DDT (sum),"DDT (sum of p,p'-DDT, o,p'-DDT, p-p'-DDE and p,p'-TDE (DDD) expressed as DDT)",RF-0119-001-PPP,0.04,True
116298,8B6703CAD8E86DAB0AFD1593F327679A,DE,DE,P1020010A,A.01.001348,T134A,K005A,RF-0119-001-PPP,0.0082,-1.0,VAL,2018,DDT (sum),DDT (sum),"DDT (sum of p,p'-DDT, o,p'-DDT, p-p'-DDE and p,p'-TDE (DDD) expressed as DDT)",RF-0119-001-PPP,0.04,True
116342,60621FDC38C38A760F9BD441D40614B6,DE,DE,P1020010A,A.01.001348,T134A,K005A,RF-0237-001-PPP,0.00164,-1.0,VAL,2018,Hexachlorobenzene,Hexachlorobenzene,Hexachlorobenzene,RF-0237-001-PPP,0.005,True
116458,BF8D994B1218285F5F0CEE61D4846E2B,DE,DE,P1020010A,A.01.001348,T134A,K005A,RF-0119-002-PPP,0.0037,-1.0,VAL,2018,DDT (sum),"DDE, p,p-","DDE, p,p-",RF-0119-002-PPP,0.04,True
116475,56875AD93F685F7597046A9ADA673A55,DE,DE,P1020010A,A.01.001348,T134A,K005A,RF-0237-001-PPP,0.00082,-1.0,VAL,2018,Hexachlorobenzene,Hexachlorobenzene,Hexachlorobenzene,RF-0237-001-PPP,0.005,True
116485,41C5A942F0BA61CC9E2FB05099857253,DE,DE,P1020010A,A.01.001348,T134A,K005A,RF-0237-001-PPP,0.00164,-1.0,VAL,2018,Hexachlorobenzene,Hexachlorobenzene,Hexachlorobenzene,RF-0237-001-PPP,0.005,True
116670,55FECF97BFF7406F8029B6374533F211,DE,DE,P1020010A,A.01.001348,T134A,K005A,RF-0119-001-PPP,0.0084,-1.0,VAL,2018,DDT (sum),DDT (sum),"DDT (sum of p,p'-DDT, o,p'-DDT, p-p'-DDE and p,p'-TDE (DDD) expressed as DDT)",RF-0119-001-PPP,0.04,True
116694,2694C5DDB216F49046BEACF92479FD0C,DE,DE,P1020010A,A.01.001348,T134A,K005A,RF-0119-001-PPP,0.0083,-1.0,VAL,2018,DDT (sum),DDT (sum),"DDT (sum of p,p'-DDT, o,p'-DDT, p-p'-DDE and p,p'-TDE (DDD) expressed as DDT)",RF-0119-001-PPP,0.04,True
116705,323BE5FD298ADB058ACCBAD1707F09DD,DE,DE,P1020010A,A.01.001348,T134A,K005A,RF-0237-001-PPP,0.00164,-1.0,VAL,2018,Hexachlorobenzene,Hexachlorobenzene,Hexachlorobenzene,RF-0237-001-PPP,0.005,True
117068,91C1E36F2CEC570E249E96923490B26E,DE,DE,P1020010A,A.01.001348,T134A,K005A,RF-0119-002-PPP,0.0082,-1.0,VAL,2018,DDT (sum),"DDE, p,p-","DDE, p,p-",RF-0119-002-PPP,0.04,True
117193,FE7FAA5B8BF9A26954D60D089531B753,DE,DE,P1020010A,A.01.001348,T134A,K005A,RF-0119-002-PPP,0.00164,-1.0,VAL,2018,DDT (sum),"DDE, p,p-","DDE, p,p-",RF-0119-002-PPP,0.04,True
117396,55FECF97BFF7406F8029B6374533F211,DE,DE,P1020010A,A.01.001348,T134A,K005A,RF-0119-002-PPP,0.0075,-1.0,VAL,2018,DDT (sum),"DDE, p,p-","DDE, p,p-",RF-0119-002-PPP,0.04,True
117745,ED4D6F374C997F444930AE84F8F2E2AA,DE,DE,P1020010A,A.01.001348,T134A,K005A,RF-0237-001-PPP,0.00164,-1.0,VAL,2018,Hexachlorobenzene,Hexachlorobenzene,Hexachlorobenzene,RF-0237-001-PPP,0.005,True
117973,FE7FAA5B8BF9A26954D60D089531B753,DE,DE,P1020010A,A.01.001348,T134A,K005A,RF-0237-001-PPP,0.00164,-1.0,VAL,2018,Hexachlorobenzene,Hexachlorobenzene,Hexachlorobenzene,RF-0237-001-PPP,0.005,True
118019,FE7FAA5B8BF9A26954D60D089531B753,DE,DE,P1020010A,A.01.001348,T134A,K005A,RF-0119-001-PPP,0.00246,-1.0,VAL,2018,DDT (sum),DDT (sum),"DDT (sum of p,p'-DDT, o,p'-DDT, p-p'-DDE and p,p'-TDE (DDD) expressed as DDT)",RF-0119-001-PPP,0.04,True
118096,580910B5B641FE0156E9F3A65E7C5B6F,DE,DE,P1020010A,A.01.001348,T134A,K005A,RF-0119-001-PPP,0.013,-1.0,VAL,2018,DDT (sum),DDT (sum),"DDT (sum of p,p'-DDT, o,p'-DDT, p-p'-DDE and p,p'-TDE (DDD) expressed as DDT)",RF-0119-001-PPP,0.04,True
118100,580910B5B641FE0156E9F3A65E7C5B6F,DE,DE,P1020010A,A.01.001348,T134A,K005A,RF-0119-002-PPP,0.011,-1.0,VAL,2018,DDT (sum),"DDE, p,p-","DDE, p,p-",RF-0119-002-PPP,0.04,True
118197,2694C5DDB216F49046BEACF92479FD0C,DE,DE,P1020010A,A.01.001348,T134A,K005A,RF-0119-002-PPP,0.0074,-1.0,VAL,2018,DDT (sum),"DDE, p,p-","DDE, p,p-",RF-0119-002-PPP,0.04,True
118345,91C1E36F2CEC570E249E96923490B26E,DE,DE,P1020010A,A.01.001348,T134A,K005A,RF-0119-001-PPP,0.0091,-1.0,VAL,2018,DDT (sum),DDT (sum),"DDT (sum of p,p'-DDT, o,p'-DDT, p-p'-DDE and p,p'-TDE (DDD) expressed as DDT)",RF-0119-001-PPP,0.04,True
118688,73C78DDF7A205072465C168FEB910EC7,IT,IT,P1020000A,N_A,T152A,K005A,RF-1078-004-PPP,0.023,82.0,VAL,2018,BAC 12,BAC 12,BAC 12,RF-1078-004-PPP,0.1,True
118784,A8645B31FBC529E1FF5198B4D511D40D,IT,IT,P1020000A,N_A,T152A,K005A,RF-1078-004-PPP,0.014,83.0,VAL,2018,BAC 12,BAC 12,BAC 12,RF-1078-004-PPP,0.1,True
118929,73C78DDF7A205072465C168FEB910EC7,IT,IT,P1020000A,N_A,T152A,K005A,RF-1078-005-PPP,0.017,82.0,VAL,2018,BAC 14,BAC 14,BAC 14,RF-1078-005-PPP,0.1,True
118944,BBB4DFEE3F50D720CAC121A3C3834F75,IT,IT,P1020010A,N_A,T152A,K005A,RF-1078-004-PPP,0.014,84.0,VAL,2018,BAC 12,BAC 12,BAC 12,RF-1078-004-PPP,0.1,True
119317,8FC8B2FE76701CDBA590FE44F98935F1,GB,GB,P1020000A,N_A,T134A,K005A,RF-00000015-CHE,0.03,-1.0,VAL,2018,Chlorate,Chlorate,Chlorate,RF-00000015-CHE,0.1,True
119565,166C165DD9B190573B803BEE4743C29E,GB,GB,P1020000A,N_A,T134A,K005A,RF-0842-001-PPP,0.01,-1.0,VAL,2018,Permethrin (sum),Permethrin (sum),Permethrin (sum of isomers),RF-0842-001-PPP,0.0,True
119691,D0CE77D5E44E2C5F0EA4D1CF5C3A4E71,GB,GB,P1020000A,N_A,T134A,K005A,RF-00000015-CHE,0.01,-1.0,VAL,2018,Chlorate,Chlorate,Chlorate,RF-00000015-CHE,0.1,True
119878,E28AE3F32DC8C4C28C35358106D2380D,GB,GB,P1020000A,N_A,T134A,K005A,RF-00000015-CHE,0.03,-1.0,VAL,2018,Chlorate,Chlorate,Chlorate,RF-00000015-CHE,0.1,True
120817,02F0C41F223D858CB3743468ED4CF42B,GB,GB,P1020000A,N_A,T134A,K005A,RF-00000015-CHE,0.04,-1.0,VAL,2018,Chlorate,Chlorate,Chlorate,RF-00000015-CHE,0.1,True
121977,A32BEB9CC8189C029AF77E48499090F3,GB,GB,P1020000A,N_A,T134A,K005A,RF-00000015-CHE,0.06,-1.0,VAL,2018,Chlorate,Chlorate,Chlorate,RF-00000015-CHE,0.1,True
122021,850CBCF3C9622E5CBAFE54E1D7F08657,GB,GB,P1020000A,N_A,T134A,K005A,RF-00000015-CHE,0.02,-1.0,VAL,2018,Chlorate,Chlorate,Chlorate,RF-00000015-CHE,0.1,True
122295,4371FF9CCF5F74CEA9DC24CC11A64638,GB,GB,P1020000A,N_A,T134A,K005A,RF-00000015-CHE,0.02,-1.0,VAL,2018,Chlorate,Chlorate,Chlorate,RF-00000015-CHE,0.1,True
122587,1B7A7E997784C1B752CF74C62530742D,GB,GB,P1020000A,N_A,T134A,K005A,RF-00000015-CHE,0.04,-1.0,VAL,2018,Chlorate,Chlorate,Chlorate,RF-00000015-CHE,0.1,True
122625,88C24AD7AE5BBD02785DAFEC8C5C4E87,GB,GB,P1020000A,N_A,T134A,K005A,RF-00000015-CHE,0.02,-1.0,VAL,2018,Chlorate,Chlorate,Chlorate,RF-00000015-CHE,0.1,True
122938,9C8ECC44B6164D679C43F1E3C5AB1048,GB,GB,P1020000A,N_A,T134A,K005A,RF-00000015-CHE,0.02,-1.0,VAL,2018,Chlorate,Chlorate,Chlorate,RF-00000015-CHE,0.1,True
123027,FFABF3E6ECB97C11D9CB0722EE59716C,GB,GB,P1020000A,N_A,T134A,K005A,RF-00000015-CHE,0.02,-1.0,VAL,2018,Chlorate,Chlorate,Chlorate,RF-00000015-CHE,0.1,True
123598,DC201C8E5332B24FAB81F51EDE5FE905,GB,GB,P1020000A,N_A,T134A,K005A,RF-00000015-CHE,0.03,-1.0,VAL,2018,Chlorate,Chlorate,Chlorate,RF-00000015-CHE,0.1,True
123894,42F060B8945E252EDE3038C7C1B27137,GB,GB,P1020000A,N_A,T134A,K005A,RF-00000015-CHE,0.02,-1.0,VAL,2018,Chlorate,Chlorate,Chlorate,RF-00000015-CHE,0.1,True
124022,8D8CAB272CA83BA4C55AA1794F8EE8D0,GB,GB,P1020000A,N_A,T134A,K005A,RF-00000015-CHE,0.02,-1.0,VAL,2018,Chlorate,Chlorate,Chlorate,RF-00000015-CHE,0.1,True
124092,DBD6335044D64796396E9263A3B43F49,GB,GB,P1020000A,N_A,T134A,K005A,RF-00000015-CHE,0.02,-1.0,VAL,2018,Chlorate,Chlorate,Chlorate,RF-00000015-CHE,0.1,True
124331,152C7AD2A84D94096CEC4DBD3D2F66E0,GB,GB,P1020000A,N_A,T134A,K005A,RF-00000015-CHE,0.02,-1.0,VAL,2018,Chlorate,Chlorate,Chlorate,RF-00000015-CHE,0.1,True
125125,D58352CE8BBDD0D04409BCCAFC0F12A9,CZ,CZ,A039C,-1,-1,K009A,RF-0119-002-PPP,0.009,-1.0,VAL,2019,DDT (sum),"DDE, p,p-","DDE, p,p-",RF-0119-002-PPP,0.04,True
125126,D58352CE8BBDD0D04409BCCAFC0F12A9,CZ,CZ,A039C,-1,-1,K009A,RF-0119-001-PPP,0.01,-1.0,VAL,2019,DDT (sum),DDT (sum),"DDT (sum of p,p'-DDT, o,p'-DDT, p-p'-DDE and p,p'-TDE (DDD) expressed as DDT)",RF-0119-001-PPP,0.04,True
125127,D58352CE8BBDD0D04409BCCAFC0F12A9,CZ,CZ,A039C,-1,-1,K009A,RF-0237-001-PPP,0.005,-1.0,VAL,2019,Hexachlorobenzene,Hexachlorobenzene,Hexachlorobenzene,RF-0237-001-PPP,0.005,True
125128,12B50D2A52B773CD733EEA6B9010F26D,CZ,CZ,A039C,-1,-1,K009A,RF-0119-002-PPP,0.01,-1.0,VAL,2019,DDT (sum),"DDE, p,p-","DDE, p,p-",RF-0119-002-PPP,0.04,True
125129,12B50D2A52B773CD733EEA6B9010F26D,CZ,CZ,A039C,-1,-1,K009A,RF-0119-001-PPP,0.011,-1.0,VAL,2019,DDT (sum),DDT (sum),"DDT (sum of p,p'-DDT, o,p'-DDT, p-p'-DDE and p,p'-TDE (DDD) expressed as DDT)",RF-0119-001-PPP,0.04,True
125130,12B50D2A52B773CD733EEA6B9010F26D,CZ,CZ,A039C,-1,-1,K009A,RF-0237-001-PPP,0.004,-1.0,VAL,2019,Hexachlorobenzene,Hexachlorobenzene,Hexachlorobenzene,RF-0237-001-PPP,0.005,True
125131,9B8144758F2C29545BE688C60BF59812,CZ,CZ,A039C,-1,-1,K009A,RF-0119-001-PPP,0.009,-1.0,VAL,2019,DDT (sum),DDT (sum),"DDT (sum of p,p'-DDT, o,p'-DDT, p-p'-DDE and p,p'-TDE (DDD) expressed as DDT)",RF-0119-001-PPP,0.04,True
125132,9B8144758F2C29545BE688C60BF59812,CZ,CZ,A039C,-1,-1,K009A,RF-0119-002-PPP,0.008,-1.0,VAL,2019,DDT (sum),"DDE, p,p-","DDE, p,p-",RF-0119-002-PPP,0.04,True
125133,9B8144758F2C29545BE688C60BF59812,CZ,CZ,A039C,-1,-1,K009A,RF-0237-001-PPP,0.004,-1.0,VAL,2019,Hexachlorobenzene,Hexachlorobenzene,Hexachlorobenzene,RF-0237-001-PPP,0.005,True
125134,4B69D0BE16E954B024021E4040388963,CZ,CZ,A039C,-1,-1,K009A,RF-0119-001-PPP,0.025,-1.0,VAL,2019,DDT (sum),DDT (sum),"DDT (sum of p,p'-DDT, o,p'-DDT, p-p'-DDE and p,p'-TDE (DDD) expressed as DDT)",RF-0119-001-PPP,0.04,True
125135,4B69D0BE16E954B024021E4040388963,CZ,CZ,A039C,-1,-1,K009A,RF-0119-002-PPP,0.022,-1.0,VAL,2019,DDT (sum),"DDE, p,p-","DDE, p,p-",RF-0119-002-PPP,0.04,True
125136,4B69D0BE16E954B024021E4040388963,CZ,CZ,A039C,-1,-1,K009A,RF-0237-001-PPP,0.006,-1.0,VAL,2019,Hexachlorobenzene,Hexachlorobenzene,Hexachlorobenzene,RF-0237-001-PPP,0.005,True
125137,578D676049531D10E032116E2637F1B5,CZ,CZ,A039C,-1,-1,K009A,RF-0119-001-PPP,0.01,-1.0,VAL,2019,DDT (sum),DDT (sum),"DDT (sum of p,p'-DDT, o,p'-DDT, p-p'-DDE and p,p'-TDE (DDD) expressed as DDT)",RF-0119-001-PPP,0.04,True
125138,578D676049531D10E032116E2637F1B5,CZ,CZ,A039C,-1,-1,K009A,RF-0119-002-PPP,0.009,-1.0,VAL,2019,DDT (sum),"DDE, p,p-","DDE, p,p-",RF-0119-002-PPP,0.04,True
125139,578D676049531D10E032116E2637F1B5,CZ,CZ,A039C,-1,-1,K009A,RF-0237-001-PPP,0.005,-1.0,VAL,2019,Hexachlorobenzene,Hexachlorobenzene,Hexachlorobenzene,RF-0237-001-PPP,0.005,True
125140,DE810620B4AC8213C04BFF290DE79460,CZ,CZ,A039C,-1,-1,K009A,RF-0237-001-PPP,0.004,-1.0,VAL,2019,Hexachlorobenzene,Hexachlorobenzene,Hexachlorobenzene,RF-0237-001-PPP,0.005,True
125141,DE810620B4AC8213C04BFF290DE79460,CZ,CZ,A039C,-1,-1,K009A,RF-0119-001-PPP,0.01,-1.0,VAL,2019,DDT (sum),DDT (sum),"DDT (sum of p,p'-DDT, o,p'-DDT, p-p'-DDE and p,p'-TDE (DDD) expressed as DDT)",RF-0119-001-PPP,0.04,True
125142,DE810620B4AC8213C04BFF290DE79460,CZ,CZ,A039C,-1,-1,K009A,RF-0119-002-PPP,0.009,-1.0,VAL,2019,DDT (sum),"DDE, p,p-","DDE, p,p-",RF-0119-002-PPP,0.04,True
125143,62EB33D2E08766030847F6EA7E4A2FAA,CZ,CZ,A039C,-1,-1,K009A,RF-0237-001-PPP,0.005,-1.0,VAL,2019,Hexachlorobenzene,Hexachlorobenzene,Hexachlorobenzene,RF-0237-001-PPP,0.005,True
125144,62EB33D2E08766030847F6EA7E4A2FAA,CZ,CZ,A039C,-1,-1,K009A,RF-0119-001-PPP,0.011,-1.0,VAL,2019,DDT (sum),DDT (sum),"DDT (sum of p,p'-DDT, o,p'-DDT, p-p'-DDE and p,p'-TDE (DDD) expressed as DDT)",RF-0119-001-PPP,0.04,True
125145,62EB33D2E08766030847F6EA7E4A2FAA,CZ,CZ,A039C,-1,-1,K009A,RF-0119-002-PPP,0.01,-1.0,VAL,2019,DDT (sum),"DDE, p,p-","DDE, p,p-",RF-0119-002-PPP,0.04,True
125146,80845513C7A11877EC98236774DFC669,CZ,CZ,A039C,-1,-1,K009A,RF-0119-001-PPP,0.009,-1.0,VAL,2019,DDT (sum),DDT (sum),"DDT (sum of p,p'-DDT, o,p'-DDT, p-p'-DDE and p,p'-TDE (DDD) expressed as DDT)",RF-0119-001-PPP,0.04,True
125147,80845513C7A11877EC98236774DFC669,CZ,CZ,A039C,-1,-1,K009A,RF-0237-001-PPP,0.004,-1.0,VAL,2019,Hexachlorobenzene,Hexachlorobenzene,Hexachlorobenzene,RF-0237-001-PPP,0.005,True
125148,80845513C7A11877EC98236774DFC669,CZ,CZ,A039C,-1,-1,K009A,RF-0119-002-PPP,0.008,-1.0,VAL,2019,DDT (sum),"DDE, p,p-","DDE, p,p-",RF-0119-002-PPP,0.04,True
125149,C97112E307591A4FFDB222C6FF2D27B5,CZ,CZ,A039C,-1,-1,K009A,RF-0119-001-PPP,0.01,-1.0,VAL,2019,DDT (sum),DDT (sum),"DDT (sum of p,p'-DDT, o,p'-DDT, p-p'-DDE and p,p'-TDE (DDD) expressed as DDT)",RF-0119-001-PPP,0.04,True
125150,C97112E307591A4FFDB222C6FF2D27B5,CZ,CZ,A039C,-1,-1,K009A,RF-0119-002-PPP,0.009,-1.0,VAL,2019,DDT (sum),"DDE, p,p-","DDE, p,p-",RF-0119-002-PPP,0.04,True
125151,C97112E307591A4FFDB222C6FF2D27B5,CZ,CZ,A039C,-1,-1,K009A,RF-0237-001-PPP,0.004,-1.0,VAL,2019,Hexachlorobenzene,Hexachlorobenzene,Hexachlorobenzene,RF-0237-001-PPP,0.005,True
125152,31AE92107F9F8BB7784135A1459AD16A,CZ,CZ,A039C,-1,-1,K009A,RF-0119-002-PPP,0.009,-1.0,VAL,2019,DDT (sum),"DDE, p,p-","DDE, p,p-",RF-0119-002-PPP,0.04,True
125153,31AE92107F9F8BB7784135A1459AD16A,CZ,CZ,A039C,-1,-1,K009A,RF-0119-001-PPP,0.01,-1.0,VAL,2019,DDT (sum),DDT (sum),"DDT (sum of p,p'-DDT, o,p'-DDT, p-p'-DDE and p,p'-TDE (DDD) expressed as DDT)",RF-0119-001-PPP,0.04,True
125154,31AE92107F9F8BB7784135A1459AD16A,CZ,CZ,A039C,-1,-1,K009A,RF-0237-001-PPP,0.004,-1.0,VAL,2019,Hexachlorobenzene,Hexachlorobenzene,Hexachlorobenzene,RF-0237-001-PPP,0.005,True
125155,A13AEC9A7ACE44CC3676F9758655F78E,CZ,CZ,A039C,-1,-1,K009A,RF-0119-001-PPP,0.01,-1.0,VAL,2019,DDT (sum),DDT (sum),"DDT (sum of p,p'-DDT, o,p'-DDT, p-p'-DDE and p,p'-TDE (DDD) expressed as DDT)",RF-0119-001-PPP,0.04,True
125156,A13AEC9A7ACE44CC3676F9758655F78E,CZ,CZ,A039C,-1,-1,K009A,RF-0119-002-PPP,0.009,-1.0,VAL,2019,DDT (sum),"DDE, p,p-","DDE, p,p-",RF-0119-002-PPP,0.04,True
125157,A13AEC9A7ACE44CC3676F9758655F78E,CZ,CZ,A039C,-1,-1,K009A,RF-0237-001-PPP,0.007,-1.0,VAL,2019,Hexachlorobenzene,Hexachlorobenzene,Hexachlorobenzene,RF-0237-001-PPP,0.005,True
125158,ED7C244DBB69820B31891CDAA7DE2879,CZ,CZ,A039C,-1,-1,K009A,RF-0119-002-PPP,0.008,-1.0,VAL,2019,DDT (sum),"DDE, p,p-","DDE, p,p-",RF-0119-002-PPP,0.04,True
125159,ED7C244DBB69820B31891CDAA7DE2879,CZ,CZ,A039C,-1,-1,K009A,RF-0119-001-PPP,0.009,-1.0,VAL,2019,DDT (sum),DDT (sum),"DDT (sum of p,p'-DDT, o,p'-DDT, p-p'-DDE and p,p'-TDE (DDD) expressed as DDT)",RF-0119-001-PPP,0.04,True
125160,ED7C244DBB69820B31891CDAA7DE2879,CZ,CZ,A039C,-1,-1,K009A,RF-0237-001-PPP,0.004,-1.0,VAL,2019,Hexachlorobenzene,Hexachlorobenzene,Hexachlorobenzene,RF-0237-001-PPP,0.005,True
125201,06D1B2D289375AC1526C6E19F9D0FCE9,DE,IT,A039C,-1,-1,K005A,RF-0119-002-PPP,0.0028,-1.0,VAL,2019,DDT (sum),"DDE, p,p-","DDE, p,p-",RF-0119-002-PPP,0.04,True
125241,06D1B2D289375AC1526C6E19F9D0FCE9,DE,IT,A039C,-1,-1,K005A,RF-0119-001-PPP,0.0031,-1.0,VAL,2019,DDT (sum),DDT (sum),"DDT (sum of p,p'-DDT, o,p'-DDT, p-p'-DDE and p,p'-TDE (DDD) expressed as DDT)",RF-0119-001-PPP,0.04,True
125308,45C73208E3F213121C7E17F57D6DC63E,DE,DE,A039C,-1,-1,K005A,RF-0119-002-PPP,0.0044,-1.0,VAL,2019,DDT (sum),"DDE, p,p-","DDE, p,p-",RF-0119-002-PPP,0.04,True
125336,45C73208E3F213121C7E17F57D6DC63E,DE,DE,A039C,-1,-1,K005A,RF-0119-001-PPP,0.0049,-1.0,VAL,2019,DDT (sum),DDT (sum),"DDT (sum of p,p'-DDT, o,p'-DDT, p-p'-DDE and p,p'-TDE (DDD) expressed as DDT)",RF-0119-001-PPP,0.04,True
125423,B7B9690543E246BA50B76E9BF542F96B,DE,DE,A039C,-1,-1,K005A,RF-0119-001-PPP,0.0057,-1.0,VAL,2019,DDT (sum),DDT (sum),"DDT (sum of p,p'-DDT, o,p'-DDT, p-p'-DDE and p,p'-TDE (DDD) expressed as DDT)",RF-0119-001-PPP,0.04,True
125436,B7B9690543E246BA50B76E9BF542F96B,DE,DE,A039C,-1,-1,K005A,RF-0119-002-PPP,0.0051,-1.0,VAL,2019,DDT (sum),"DDE, p,p-","DDE, p,p-",RF-0119-002-PPP,0.04,True
125523,0DD295A1FE49D9F25DED8F43A4A8240C,DE,DE,A039C,-1,-1,K005A,RF-0119-002-PPP,0.0051,-1.0,VAL,2019,DDT (sum),"DDE, p,p-","DDE, p,p-",RF-0119-002-PPP,0.04,True
125582,A63FB7A24B2380076DDCF960444D23B6,DE,DE,A039C,-1,-1,K005A,RF-0119-002-PPP,0.0057,-1.0,VAL,2019,DDT (sum),"DDE, p,p-","DDE, p,p-",RF-0119-002-PPP,0.04,True
125586,0DD295A1FE49D9F25DED8F43A4A8240C,DE,DE,A039C,-1,-1,K005A,RF-0119-001-PPP,0.0057,-1.0,VAL,2019,DDT (sum),DDT (sum),"DDT (sum of p,p'-DDT, o,p'-DDT, p-p'-DDE and p,p'-TDE (DDD) expressed as DDT)",RF-0119-001-PPP,0.04,True
125655,8ED15845A052D51E7F334D66659995AF,DE,DE,A039C,-1,-1,K005A,RF-0119-002-PPP,0.0056,-1.0,VAL,2019,DDT (sum),"DDE, p,p-","DDE, p,p-",RF-0119-002-PPP,0.04,True
125682,CDBB306F0E473755836EF33CA38668DD,DE,DE,A039C,-1,-1,K005A,RF-0237-001-PPP,0.0013,-1.0,VAL,2019,Hexachlorobenzene,Hexachlorobenzene,Hexachlorobenzene,RF-0237-001-PPP,0.005,True
125684,A63FB7A24B2380076DDCF960444D23B6,DE,DE,A039C,-1,-1,K005A,RF-0119-001-PPP,0.0064,-1.0,VAL,2019,DDT (sum),DDT (sum),"DDT (sum of p,p'-DDT, o,p'-DDT, p-p'-DDE and p,p'-TDE (DDD) expressed as DDT)",RF-0119-001-PPP,0.04,True
126008,3691A2ADC999E32413F59DD74C49C542,DE,DE,A039C,-1,-1,K005A,RF-0119-001-PPP,0.0068,-1.0,VAL,2019,DDT (sum),DDT (sum),"DDT (sum of p,p'-DDT, o,p'-DDT, p-p'-DDE and p,p'-TDE (DDD) expressed as DDT)",RF-0119-001-PPP,0.04,True
126145,3691A2ADC999E32413F59DD74C49C542,DE,DE,A039C,-1,-1,K005A,RF-1004-001-PPP,0.0026,-1.0,VAL,2019,Lambda-cyhalothrin (sum),Lambda-cyhalothrin (sum),"Lambda-cyhalothrin, including other mixed isomeric consituents (sum of isomers)",RF-1004-001-PPP,0.02,True
126146,3691A2ADC999E32413F59DD74C49C542,DE,DE,A039C,-1,-1,K005A,RF-0119-002-PPP,0.0061,-1.0,VAL,2019,DDT (sum),"DDE, p,p-","DDE, p,p-",RF-0119-002-PPP,0.04,True
126624,8ED15845A052D51E7F334D66659995AF,DE,DE,A039C,-1,-1,K005A,RF-0119-001-PPP,0.0062,-1.0,VAL,2019,DDT (sum),DDT (sum),"DDT (sum of p,p'-DDT, o,p'-DDT, p-p'-DDE and p,p'-TDE (DDD) expressed as DDT)",RF-0119-001-PPP,0.04,True
129331,A5A13DED634E4BA48CC56B153C043507,IT,IT,A039C,-1,-1,K005A,RF-1078-004-PPP,0.029,-1.0,VAL,2019,BAC 12,BAC 12,BAC 12,RF-1078-004-PPP,0.1,True
129332,A5A13DED634E4BA48CC56B153C043507,IT,IT,A039C,-1,-1,K005A,RF-1078-005-PPP,0.012,-1.0,VAL,2019,BAC 14,BAC 14,BAC 14,RF-1078-005-PPP,0.1,True
129367,A5A13DED634E4BA48CC56B153C043507,IT,IT,A039C,-1,-1,K005A,RF-00002582-PAR,0.041,-1.0,VAL,2019,Benzalkonium chloride,Benzalkonium chloride,Benzalkonium chloride (BAC),RF-00002582-PAR,0.1,True
129407,D474EBA9EEFE122F4157311472827C19,IT,IT,A039C,-1,-1,K005A,RF-1078-004-PPP,0.019,-1.0,VAL,2019,BAC 12,BAC 12,BAC 12,RF-1078-004-PPP,0.1,True
129443,D474EBA9EEFE122F4157311472827C19,IT,IT,A039C,-1,-1,K005A,RF-00002582-PAR,0.019,-1.0,VAL,2019,Benzalkonium chloride,Benzalkonium chloride,Benzalkonium chloride (BAC),RF-00002582-PAR,0.1,True
129663,9FEE860F2F1121C8977872CD502E2E62,IT,IT,A039C,-1,-1,K005A,RF-1078-004-PPP,0.028,-1.0,VAL,2019,BAC 12,BAC 12,BAC 12,RF-1078-004-PPP,0.1,True
129664,9FEE860F2F1121C8977872CD502E2E62,IT,IT,A039C,-1,-1,K005A,RF-1078-005-PPP,0.011,-1.0,VAL,2019,BAC 14,BAC 14,BAC 14,RF-1078-005-PPP,0.1,True
129699,9FEE860F2F1121C8977872CD502E2E62,IT,IT,A039C,-1,-1,K005A,RF-00002582-PAR,0.039,-1.0,VAL,2019,Benzalkonium chloride,Benzalkonium chloride,Benzalkonium chloride (BAC),RF-00002582-PAR,0.1,True
129794,F7644D4DEB34A75EA150BB28FCB35F44,CZ,CZ,A039C,-1,-1,K009A,RF-0119-002-PPP,0.006,-1.0,VAL,2020,DDT (sum),"DDE, p,p-","DDE, p,p-",RF-0119-002-PPP,0.04,True
129795,F7644D4DEB34A75EA150BB28FCB35F44,CZ,CZ,A039C,-1,-1,K009A,RF-0237-001-PPP,0.003,-1.0,VAL,2020,Hexachlorobenzene,Hexachlorobenzene,Hexachlorobenzene,RF-0237-001-PPP,0.005,True
129796,F7644D4DEB34A75EA150BB28FCB35F44,CZ,CZ,A039C,-1,-1,K009A,RF-0119-001-PPP,0.007,-1.0,VAL,2020,DDT (sum),DDT (sum),"DDT (sum of p,p'-DDT, o,p'-DDT, p-p'-DDE and p,p'-TDE (DDD) expressed as DDT)",RF-0119-001-PPP,0.04,True
129797,90DA3562C56E98D6DACE6A28105F27FE,CZ,CZ,A039C,-1,-1,K009A,RF-0119-002-PPP,0.05,-1.0,VAL,2020,DDT (sum),"DDE, p,p-","DDE, p,p-",RF-0119-002-PPP,0.04,True
129798,90DA3562C56E98D6DACE6A28105F27FE,CZ,CZ,A039C,-1,-1,K009A,RF-0237-001-PPP,0.004,-1.0,VAL,2020,Hexachlorobenzene,Hexachlorobenzene,Hexachlorobenzene,RF-0237-001-PPP,0.005,True
129799,90DA3562C56E98D6DACE6A28105F27FE,CZ,CZ,A039C,-1,-1,K009A,RF-0119-001-PPP,0.056,-1.0,VAL,2020,DDT (sum),DDT (sum),"DDT (sum of p,p'-DDT, o,p'-DDT, p-p'-DDE and p,p'-TDE (DDD) expressed as DDT)",RF-0119-001-PPP,0.04,True
129800,003C45244D47CA85C3A8BE91ABA2A886,CZ,CZ,A039C,-1,-1,K009A,RF-0119-002-PPP,0.006,-1.0,VAL,2020,DDT (sum),"DDE, p,p-","DDE, p,p-",RF-0119-002-PPP,0.04,True
129801,003C45244D47CA85C3A8BE91ABA2A886,CZ,CZ,A039C,-1,-1,K009A,RF-0237-001-PPP,0.003,-1.0,VAL,2020,Hexachlorobenzene,Hexachlorobenzene,Hexachlorobenzene,RF-0237-001-PPP,0.005,True
129802,003C45244D47CA85C3A8BE91ABA2A886,CZ,CZ,A039C,-1,-1,K009A,RF-0119-001-PPP,0.007,-1.0,VAL,2020,DDT (sum),DDT (sum),"DDT (sum of p,p'-DDT, o,p'-DDT, p-p'-DDE and p,p'-TDE (DDD) expressed as DDT)",RF-0119-001-PPP,0.04,True
129803,4566D3A802E7AEDF530043F025861FC3,CZ,CZ,A039C,-1,-1,K009A,RF-0119-002-PPP,0.005,-1.0,VAL,2020,DDT (sum),"DDE, p,p-","DDE, p,p-",RF-0119-002-PPP,0.04,True
129804,4566D3A802E7AEDF530043F025861FC3,CZ,CZ,A039C,-1,-1,K009A,RF-0237-001-PPP,0.006,-1.0,VAL,2020,Hexachlorobenzene,Hexachlorobenzene,Hexachlorobenzene,RF-0237-001-PPP,0.005,True
129805,4566D3A802E7AEDF530043F025861FC3,CZ,CZ,A039C,-1,-1,K009A,RF-0119-001-PPP,0.006,-1.0,VAL,2020,DDT (sum),DDT (sum),"DDT (sum of p,p'-DDT, o,p'-DDT, p-p'-DDE and p,p'-TDE (DDD) expressed as DDT)",RF-0119-001-PPP,0.04,True
129806,4A3FD99E4628FF62C7A8B5A905F32635,CZ,CZ,A039C,-1,-1,K009A,RF-0119-002-PPP,0.006,-1.0,VAL,2020,DDT (sum),"DDE, p,p-","DDE, p,p-",RF-0119-002-PPP,0.04,True
129807,4A3FD99E4628FF62C7A8B5A905F32635,CZ,CZ,A039C,-1,-1,K009A,RF-0119-001-PPP,0.007,-1.0,VAL,2020,DDT (sum),DDT (sum),"DDT (sum of p,p'-DDT, o,p'-DDT, p-p'-DDE and p,p'-TDE (DDD) expressed as DDT)",RF-0119-001-PPP,0.04,True
129808,E8041EA152605B63466FA6422B9C223C,CZ,CZ,A039C,-1,-1,K009A,RF-0237-001-PPP,0.001,-1.0,VAL,2020,Hexachlorobenzene,Hexachlorobenzene,Hexachlorobenzene,RF-0237-001-PPP,0.005,True
129809,E8041EA152605B63466FA6422B9C223C,CZ,CZ,A039C,-1,-1,K009A,RF-0119-002-PPP,0.002,-1.0,VAL,2020,DDT (sum),"DDE, p,p-","DDE, p,p-",RF-0119-002-PPP,0.04,True
129817,384F64501B0C31C3A33EF6BFA9C21E10,CZ,CZ,A039C,-1,-1,K009A,RF-0119-001-PPP,0.01,-1.0,VAL,2020,DDT (sum),DDT (sum),"DDT (sum of p,p'-DDT, o,p'-DDT, p-p'-DDE and p,p'-TDE (DDD) expressed as DDT)",RF-0119-001-PPP,0.04,True
129818,384F64501B0C31C3A33EF6BFA9C21E10,CZ,CZ,A039C,-1,-1,K009A,RF-0119-002-PPP,0.009,-1.0,VAL,2020,DDT (sum),"DDE, p,p-","DDE, p,p-",RF-0119-002-PPP,0.04,True
129833,C0453F46E3AF6A6CB93C9E8879B31CDD,CZ,CZ,A039C,-1,-1,K009A,RF-0119-001-PPP,0.009,-1.0,VAL,2020,DDT (sum),DDT (sum),"DDT (sum of p,p'-DDT, o,p'-DDT, p-p'-DDE and p,p'-TDE (DDD) expressed as DDT)",RF-0119-001-PPP,0.04,True
129834,C0453F46E3AF6A6CB93C9E8879B31CDD,CZ,CZ,A039C,-1,-1,K009A,RF-0119-002-PPP,0.008,-1.0,VAL,2020,DDT (sum),"DDE, p,p-","DDE, p,p-",RF-0119-002-PPP,0.04,True
129841,611F067358AF3A7E80F87B37ECF1E8DF,CZ,CZ,A039C,-1,-1,K009A,RF-0119-002-PPP,0.004,-1.0,VAL,2020,DDT (sum),"DDE, p,p-","DDE, p,p-",RF-0119-002-PPP,0.04,True
129842,611F067358AF3A7E80F87B37ECF1E8DF,CZ,CZ,A039C,-1,-1,K009A,RF-0237-001-PPP,0.003,-1.0,VAL,2020,Hexachlorobenzene,Hexachlorobenzene,Hexachlorobenzene,RF-0237-001-PPP,0.005,True
129843,0D9F2227C1A76365BB4324716361B260,CZ,CZ,A039C,-1,-1,K009A,RF-0119-002-PPP,0.007,-1.0,VAL,2020,DDT (sum),"DDE, p,p-","DDE, p,p-",RF-0119-002-PPP,0.04,True
129844,0D9F2227C1A76365BB4324716361B260,CZ,CZ,A039C,-1,-1,K009A,RF-0237-001-PPP,0.003,-1.0,VAL,2020,Hexachlorobenzene,Hexachlorobenzene,Hexachlorobenzene,RF-0237-001-PPP,0.005,True
129845,0D9F2227C1A76365BB4324716361B260,CZ,CZ,A039C,-1,-1,K009A,RF-0119-001-PPP,0.008,-1.0,VAL,2020,DDT (sum),DDT (sum),"DDT (sum of p,p'-DDT, o,p'-DDT, p-p'-DDE and p,p'-TDE (DDD) expressed as DDT)",RF-0119-001-PPP,0.04,True
129846,D82A8A61F50E3D48119D3D5188423DB3,CZ,CZ,A039C,-1,-1,K009A,RF-0119-002-PPP,0.004,-1.0,VAL,2020,DDT (sum),"DDE, p,p-","DDE, p,p-",RF-0119-002-PPP,0.04,True
129847,D82A8A61F50E3D48119D3D5188423DB3,CZ,CZ,A039C,-1,-1,K009A,RF-0237-001-PPP,0.002,-1.0,VAL,2020,Hexachlorobenzene,Hexachlorobenzene,Hexachlorobenzene,RF-0237-001-PPP,0.005,True
130625,1EDF895BEB1D8CFA2C30CE8A69B83E39,IT,IT,A039C,-1,-1,K005A,RF-1078-004-PPP,0.013,-1.0,VAL,2020,BAC 12,BAC 12,BAC 12,RF-1078-004-PPP,0.1,True
130630,1EDF895BEB1D8CFA2C30CE8A69B83E39,IT,IT,A039C,-1,-1,K005A,RF-00002582-PAR,0.013,-1.0,VAL,2020,Benzalkonium chloride,Benzalkonium chloride,Benzalkonium chloride (BAC),RF-00002582-PAR,0.1,True
131004,AE88A381CB2D1FDEE5F5BC055A098476,CZ,CZ,A039C,-1,-1,K009A,RF-0119-002-PPP,0.004,-1.0,VAL,2021,DDT (sum),"DDE, p,p-","DDE, p,p-",RF-0119-002-PPP,0.04,True
131006,AE88A381CB2D1FDEE5F5BC055A098476,CZ,CZ,A039C,-1,-1,K009A,RF-0237-001-PPP,0.005,-1.0,VAL,2021,Hexachlorobenzene,Hexachlorobenzene,Hexachlorobenzene,RF-0237-001-PPP,0.005,True
131030,DAD3B906590E59EA42A1CE63AF036184,CZ,CZ,A039C,-1,-1,K009A,RF-0119-002-PPP,0.004,-1.0,VAL,2021,DDT (sum),"DDE, p,p-","DDE, p,p-",RF-0119-002-PPP,0.04,True
131087,61A89F4A5D33681B9708E2DD720EA29C,CZ,CZ,A039C,-1,-1,K009A,RF-0119-002-PPP,0.004,-1.0,VAL,2021,DDT (sum),"DDE, p,p-","DDE, p,p-",RF-0119-002-PPP,0.04,True
131170,6A816260F81CD301934461485EF08ADD,CZ,CZ,A039C,-1,-1,K009A,RF-0119-001-PPP,0.007,-1.0,VAL,2021,DDT (sum),DDT (sum),"DDT (sum of p,p'-DDT, o,p'-DDT, p-p'-DDE and p,p'-TDE (DDD) expressed as DDT)",RF-0119-001-PPP,0.04,True
131186,6A816260F81CD301934461485EF08ADD,CZ,CZ,A039C,-1,-1,K009A,RF-0119-004-PPP,0.006,-1.0,VAL,2021,DDT (sum),"DDD, p,p-","DDD, p,p-",RF-0119-004-PPP,0.04,True
131208,317B68B944A64632F7817A0E54203602,CZ,CZ,A039C,-1,-1,K009A,RF-0119-002-PPP,0.003,-1.0,VAL,2021,DDT (sum),"DDE, p,p-","DDE, p,p-",RF-0119-002-PPP,0.04,True
131273,BE0A6F171E5D5CD40D36667582CEE3F3,CZ,CZ,A039C,-1,-1,K009A,RF-0119-002-PPP,0.017,-1.0,VAL,2021,DDT (sum),"DDE, p,p-","DDE, p,p-",RF-0119-002-PPP,0.04,True
131276,BE0A6F171E5D5CD40D36667582CEE3F3,CZ,CZ,A039C,-1,-1,K009A,RF-0119-001-PPP,0.019,-1.0,VAL,2021,DDT (sum),DDT (sum),"DDT (sum of p,p'-DDT, o,p'-DDT, p-p'-DDE and p,p'-TDE (DDD) expressed as DDT)",RF-0119-001-PPP,0.04,True
131394,573E621C1AF9CE265FD7545FC75451C7,CZ,CZ,A039C,-1,-1,K009A,RF-0119-002-PPP,0.003,-1.0,VAL,2021,DDT (sum),"DDE, p,p-","DDE, p,p-",RF-0119-002-PPP,0.04,True
131464,C0B70DA58600DCAA48B64C79BF7AEC6A,CZ,CZ,A039C,-1,-1,K009A,RF-0119-002-PPP,0.005,-1.0,VAL,2021,DDT (sum),"DDE, p,p-","DDE, p,p-",RF-0119-002-PPP,0.04,True
131467,C0B70DA58600DCAA48B64C79BF7AEC6A,CZ,CZ,A039C,-1,-1,K009A,RF-0119-001-PPP,0.006,-1.0,VAL,2021,DDT (sum),DDT (sum),"DDT (sum of p,p'-DDT, o,p'-DDT, p-p'-DDE and p,p'-TDE (DDD) expressed as DDT)",RF-0119-001-PPP,0.04,True
131490,9FC36394433124E6E9512071D05DCF33,CZ,CZ,A039C,-1,-1,K009A,RF-0119-002-PPP,0.004,-1.0,VAL,2021,DDT (sum),"DDE, p,p-","DDE, p,p-",RF-0119-002-PPP,0.04,True
140647,0A9B20AC7C96F7EC76B5F110354A86FA,DE,DE,A039C,-1,-1,K005A,RF-0277-001-PPP,0.0012,-1.0,VAL,2021,Mercury compounds,Mercury compounds,Mercury compounds (sum of mercury compounds expressed as mercury),RF-0277-001-PPP,0.01,True
140707,CFD53E2F5C095C20065E0111F9231D18,DE,DE,A039C,-1,-1,K005A,RF-0277-001-PPP,0.0021,-1.0,VAL,2021,Mercury compounds,Mercury compounds,Mercury compounds (sum of mercury compounds expressed as mercury),RF-0277-001-PPP,0.01,True
140709,7558D82CDB32EF0AC97CECB0D6D00871,DE,DE,A039C,-1,-1,K005A,RF-0237-001-PPP,0.00082,-1.0,VAL,2021,Hexachlorobenzene,Hexachlorobenzene,Hexachlorobenzene,RF-0237-001-PPP,0.005,True
140725,2BFC764AA6D48F3B0C7AAFDE4CDAF0D1,DE,DE,A039C,-1,-1,K005A,RF-0237-001-PPP,0.00082,-1.0,VAL,2021,Hexachlorobenzene,Hexachlorobenzene,Hexachlorobenzene,RF-0237-001-PPP,0.005,True
140728,AE031C9095E4A04526617FF6C37F83A9,DE,DE,A039C,-1,-1,K005A,RF-0277-001-PPP,0.0015,-1.0,VAL,2021,Mercury compounds,Mercury compounds,Mercury compounds (sum of mercury compounds expressed as mercury),RF-0277-001-PPP,0.01,True
140729,B246BBB779012288B039A921CCF75431,DE,DE,A039C,-1,-1,K005A,RF-0119-001-PPP,0.0034,-1.0,VAL,2021,DDT (sum),DDT (sum),"DDT (sum of p,p'-DDT, o,p'-DDT, p-p'-DDE and p,p'-TDE (DDD) expressed as DDT)",RF-0119-001-PPP,0.04,True
140747,AE031C9095E4A04526617FF6C37F83A9,DE,DE,A039C,-1,-1,K005A,RF-0102-001-PPP,1.101,-1.0,VAL,2021,Copper compounds,Copper compounds,Copper compounds (copper),RF-0102-001-PPP,2.0,True
140780,B246BBB779012288B039A921CCF75431,DE,DE,A039C,-1,-1,K005A,RF-0119-002-PPP,0.003,-1.0,VAL,2021,DDT (sum),"DDE, p,p-","DDE, p,p-",RF-0119-002-PPP,0.04,True
140809,3D4BE11EC805D376133A3B3E07AA7BC0,DE,DE,A039C,-1,-1,K005A,RF-0119-002-PPP,0.0052,-1.0,VAL,2021,DDT (sum),"DDE, p,p-","DDE, p,p-",RF-0119-002-PPP,0.04,True
140825,3D4BE11EC805D376133A3B3E07AA7BC0,DE,DE,A039C,-1,-1,K005A,RF-0119-006-PPP,0.0025,-1.0,VAL,2021,DDT (sum),"DDT, p,p-","DDT, p,p-",RF-0119-006-PPP,0.04,True
140826,3D4BE11EC805D376133A3B3E07AA7BC0,DE,DE,A039C,-1,-1,K005A,RF-0119-001-PPP,0.0084,-1.0,VAL,2021,DDT (sum),DDT (sum),"DDT (sum of p,p'-DDT, o,p'-DDT, p-p'-DDE and p,p'-TDE (DDD) expressed as DDT)",RF-0119-001-PPP,0.04,True
140827,470BEC2581FEC973D19BCD3070FA0F0C,DE,DE,A039C,-1,-1,K005A,RF-0237-001-PPP,0.00082,-1.0,VAL,2021,Hexachlorobenzene,Hexachlorobenzene,Hexachlorobenzene,RF-0237-001-PPP,0.005,True
140828,F53E33A9877AB6F61F586A230EB160CB,DE,DE,A039C,-1,-1,K005A,RF-0277-001-PPP,0.0042,-1.0,VAL,2021,Mercury compounds,Mercury compounds,Mercury compounds (sum of mercury compounds expressed as mercury),RF-0277-001-PPP,0.01,True
140829,6FA20BE6B5860851776A6A273131ACD3,DE,DE,A039C,-1,-1,K005A,RF-0277-001-PPP,0.0009,-1.0,VAL,2021,Mercury compounds,Mercury compounds,Mercury compounds (sum of mercury compounds expressed as mercury),RF-0277-001-PPP,0.01,True
140830,E1D9BC6E35DCF0126077339AF17BAFB7,DE,IE,A039C,-1,-1,K005A,RF-0102-001-PPP,0.0291,-1.0,VAL,2021,Copper compounds,Copper compounds,Copper compounds (copper),RF-0102-001-PPP,2.0,True
140831,35BE3BBC03E8DC07E0AB8A188CB7B3B7,DE,DE,A039C,-1,-1,K005A,RF-0277-001-PPP,0.0022,-1.0,VAL,2021,Mercury compounds,Mercury compounds,Mercury compounds (sum of mercury compounds expressed as mercury),RF-0277-001-PPP,0.01,True
140832,783426CFF0B934573106DBB15722E172,DE,DE,A039C,-1,-1,K005A,RF-0237-001-PPP,0.00082,-1.0,VAL,2021,Hexachlorobenzene,Hexachlorobenzene,Hexachlorobenzene,RF-0237-001-PPP,0.005,True
140833,4712007CF4981F933679DB2722C5A2CE,DE,DE,A039C,-1,-1,K005A,RF-0277-001-PPP,0.0045,-1.0,VAL,2021,Mercury compounds,Mercury compounds,Mercury compounds (sum of mercury compounds expressed as mercury),RF-0277-001-PPP,0.01,True
140834,C0029F067F536A29B4BCDFE54C80B10B,DE,DE,A039C,-1,-1,K005A,RF-00007627-PAR,0.029,-1.0,VAL,2021,DDAC (mix),DDAC-C10,Didecyldimethylammonium chloride (DDAC) n=10,RF-00007627-PAR,0.1,True
140835,966B03263ABF6C580CCC6673DF3CB6F8,DE,PL,A039C,-1,-1,K005A,RF-0119-002-PPP,0.0134,-1.0,VAL,2021,DDT (sum),"DDE, p,p-","DDE, p,p-",RF-0119-002-PPP,0.04,True
140836,648DCB3564C2FEDC574BD8245E5D8511,DE,IE,A039C,-1,-1,K005A,RF-0277-001-PPP,0.0036,-1.0,VAL,2021,Mercury compounds,Mercury compounds,Mercury compounds (sum of mercury compounds expressed as mercury),RF-0277-001-PPP,0.01,True
140837,B87BF8AA561284F40ACD2EF1E8772D12,DE,DE,A039C,-1,-1,K005A,RF-0237-001-PPP,0.00082,-1.0,VAL,2021,Hexachlorobenzene,Hexachlorobenzene,Hexachlorobenzene,RF-0237-001-PPP,0.005,True
140838,C0029F067F536A29B4BCDFE54C80B10B,DE,DE,A039C,-1,-1,K005A,RF-1078-002-PPP,0.029,-1.0,VAL,2021,DDAC (mix),DDAC (mix),"Didecyldimethylammonium chloride (mixture of alkyl-quaternary ammonium salts with alkyl chain lengths of C8, C10 and C12)",RF-1078-002-PPP,0.1,True
140839,966B03263ABF6C580CCC6673DF3CB6F8,DE,PL,A039C,-1,-1,K005A,RF-0119-001-PPP,0.0149,-1.0,VAL,2021,DDT (sum),DDT (sum),"DDT (sum of p,p'-DDT, o,p'-DDT, p-p'-DDE and p,p'-TDE (DDD) expressed as DDT)",RF-0119-001-PPP,0.04,True
140840,862E9EE6C11F4E1680B0EF47F0384DA5,DE,NL,A039C,-1,-1,K005A,RF-0277-001-PPP,0.0017,-1.0,VAL,2021,Mercury compounds,Mercury compounds,Mercury compounds (sum of mercury compounds expressed as mercury),RF-0277-001-PPP,0.01,True
140841,360017363EE1253C8302043163EED5DB,DE,DE,A039C,-1,-1,K005A,RF-0277-001-PPP,0.0058,-1.0,VAL,2021,Mercury compounds,Mercury compounds,Mercury compounds (sum of mercury compounds expressed as mercury),RF-0277-001-PPP,0.01,True
140842,073658E05659C31540DA11D56D28C0EA,DE,DE,A039C,-1,-1,K005A,RF-0102-001-PPP,0.012,-1.0,VAL,2021,Copper compounds,Copper compounds,Copper compounds (copper),RF-0102-001-PPP,2.0,True
140843,D78AB97E16716AEAF6CEF1933A801158,DE,IE,A039C,-1,-1,K005A,RF-0277-001-PPP,0.00075,-1.0,VAL,2021,Mercury compounds,Mercury compounds,Mercury compounds (sum of mercury compounds expressed as mercury),RF-0277-001-PPP,0.01,True
140844,8B62372DE2447AA8F0C8B3A1E8EBA322,DE,DE,A039C,-1,-1,K005A,RF-0119-002-PPP,0.0031,-1.0,VAL,2021,DDT (sum),"DDE, p,p-","DDE, p,p-",RF-0119-002-PPP,0.04,True
140845,8B62372DE2447AA8F0C8B3A1E8EBA322,DE,DE,A039C,-1,-1,K005A,RF-0119-001-PPP,0.0042,-1.0,VAL,2021,DDT (sum),DDT (sum),"DDT (sum of p,p'-DDT, o,p'-DDT, p-p'-DDE and p,p'-TDE (DDD) expressed as DDT)",RF-0119-001-PPP,0.04,True
140846,2EA81A96120FCA0A6DE57763DE09EE2C,DE,DE,A039C,-1,-1,K005A,RF-0237-001-PPP,0.00082,-1.0,VAL,2021,Hexachlorobenzene,Hexachlorobenzene,Hexachlorobenzene,RF-0237-001-PPP,0.005,True
140847,D98A0023CE77D3B362474C3748B2CF22,DE,DE,A039C,-1,-1,K005A,RF-0277-001-PPP,0.0026,-1.0,VAL,2021,Mercury compounds,Mercury compounds,Mercury compounds (sum of mercury compounds expressed as mercury),RF-0277-001-PPP,0.01,True
140848,2066995FAB74A81E4169AC4B16AB5755,DE,DE,A039C,-1,-1,K005A,RF-0237-001-PPP,0.00082,-1.0,VAL,2021,Hexachlorobenzene,Hexachlorobenzene,Hexachlorobenzene,RF-0237-001-PPP,0.005,True
140849,B1C42EA91A3755DDAFB011212F3225A8,DE,DE,A039C,-1,-1,K005A,RF-0237-001-PPP,0.00082,-1.0,VAL,2021,Hexachlorobenzene,Hexachlorobenzene,Hexachlorobenzene,RF-0237-001-PPP,0.005,True
140850,252DF0C7963551F6A074BEADEDC59C53,DE,IE,A039C,-1,-1,K005A,RF-0102-001-PPP,0.103,-1.0,VAL,2021,Copper compounds,Copper compounds,Copper compounds (copper),RF-0102-001-PPP,2.0,True
140851,B48A71E76FCD3785B376F26D5F664987,DE,DE,A039C,-1,-1,K005A,RF-0102-001-PPP,0.0311,-1.0,VAL,2021,Copper compounds,Copper compounds,Copper compounds (copper),RF-0102-001-PPP,2.0,True
140852,2E1B52329E7142603C7D751277EBEB91,DE,DE,A039C,-1,-1,K005A,RF-0277-001-PPP,0.0037,-1.0,VAL,2021,Mercury compounds,Mercury compounds,Mercury compounds (sum of mercury compounds expressed as mercury),RF-0277-001-PPP,0.01,True
140853,96D74CE85AFF0DDEF056BEE091551BEB,DE,DE,A039C,-1,-1,K005A,RF-0277-001-PPP,0.0012,-1.0,VAL,2021,Mercury compounds,Mercury compounds,Mercury compounds (sum of mercury compounds expressed as mercury),RF-0277-001-PPP,0.01,True
140854,96D74CE85AFF0DDEF056BEE091551BEB,DE,DE,A039C,-1,-1,K005A,RF-0102-001-PPP,0.146,-1.0,VAL,2021,Copper compounds,Copper compounds,Copper compounds (copper),RF-0102-001-PPP,2.0,True
140855,71CFC0CE338D5BC8C80CB449AC9E5AFF,DE,IE,A039C,-1,-1,K005A,RF-0277-001-PPP,0.0026,-1.0,VAL,2021,Mercury compounds,Mercury compounds,Mercury compounds (sum of mercury compounds expressed as mercury),RF-0277-001-PPP,0.01,True
140856,08B81EC51722B59890765D9A8119C4EB,DE,DE,A039C,-1,-1,K005A,RF-0277-001-PPP,0.00065,-1.0,VAL,2021,Mercury compounds,Mercury compounds,Mercury compounds (sum of mercury compounds expressed as mercury),RF-0277-001-PPP,0.01,True
140857,9A46DA2DF3FBA3BC41EB97AE38066EA2,DE,FR,A039C,-1,-1,K005A,RF-0277-001-PPP,0.026,-1.0,VAL,2021,Mercury compounds,Mercury compounds,Mercury compounds (sum of mercury compounds expressed as mercury),RF-0277-001-PPP,0.01,True
140858,3433187840B47B1B2D0503DCF2165F4E,DE,DE,A039C,-1,-1,K005A,RF-0277-001-PPP,0.0023,-1.0,VAL,2021,Mercury compounds,Mercury compounds,Mercury compounds (sum of mercury compounds expressed as mercury),RF-0277-001-PPP,0.01,True
140859,913A0DB86B5D05557C9560E99645FF60,DE,DE,A039C,-1,-1,K005A,RF-0102-001-PPP,2.24,-1.0,VAL,2021,Copper compounds,Copper compounds,Copper compounds (copper),RF-0102-001-PPP,2.0,True
140860,8FB07F6355E02E4C49E0FEC74585C3BE,DE,DE,A039C,-1,-1,K005A,RF-0237-001-PPP,0.00082,-1.0,VAL,2021,Hexachlorobenzene,Hexachlorobenzene,Hexachlorobenzene,RF-0237-001-PPP,0.005,True
140861,F64A068E459E5C04C71588509BDC7865,DE,XX,A039C,-1,-1,K005A,RF-0237-001-PPP,0.00082,-1.0,VAL,2021,Hexachlorobenzene,Hexachlorobenzene,Hexachlorobenzene,RF-0237-001-PPP,0.005,True
140862,111A3E494B675441F9B6AA944407E034,DE,DE,A039C,-1,-1,K005A,RF-0102-001-PPP,0.013,-1.0,VAL,2021,Copper compounds,Copper compounds,Copper compounds (copper),RF-0102-001-PPP,2.0,True
140863,BA35BF3F7D2914D757363E40E2EDC3BF,DE,DE,A039C,-1,-1,K005A,RF-0277-001-PPP,0.0007,-1.0,VAL,2021,Mercury compounds,Mercury compounds,Mercury compounds (sum of mercury compounds expressed as mercury),RF-0277-001-PPP,0.01,True
140864,EAE5873FF8BD056B6EB5A355F32AEB92,DE,DE,A039C,-1,-1,K005A,RF-0119-002-PPP,0.00492,-1.0,VAL,2021,DDT (sum),"DDE, p,p-","DDE, p,p-",RF-0119-002-PPP,0.04,True
140865,EAE5873FF8BD056B6EB5A355F32AEB92,DE,DE,A039C,-1,-1,K005A,RF-0119-001-PPP,0.00574,-1.0,VAL,2021,DDT (sum),DDT (sum),"DDT (sum of p,p'-DDT, o,p'-DDT, p-p'-DDE and p,p'-TDE (DDD) expressed as DDT)",RF-0119-001-PPP,0.04,True
140866,B81EB8378CB5D569E176EE74B36939B3,DE,IE,A039C,-1,-1,K005A,RF-0277-001-PPP,0.0034,-1.0,VAL,2021,Mercury compounds,Mercury compounds,Mercury compounds (sum of mercury compounds expressed as mercury),RF-0277-001-PPP,0.01,True
140867,DD56ED7A4B2FCFBA8EE63AC291111820,DE,DE,A039C,-1,-1,K005A,RF-00002582-PAR,1.65,-1.0,VAL,2021,Benzalkonium chloride,Benzalkonium chloride,Benzalkonium chloride (BAC),RF-00002582-PAR,0.1,True
140868,076A05309B48B08EDF9F82AE55A9878C,DE,DE,A039C,-1,-1,K005A,RF-0119-002-PPP,0.0067732,-1.0,VAL,2021,DDT (sum),"DDE, p,p-","DDE, p,p-",RF-0119-002-PPP,0.04,True
140869,DD56ED7A4B2FCFBA8EE63AC291111820,DE,DE,A039C,-1,-1,K005A,RF-1078-006-PPP,1.65,-1.0,VAL,2021,BAC 16,BAC 16,BAC 16,RF-1078-006-PPP,0.1,True
140870,076A05309B48B08EDF9F82AE55A9878C,DE,DE,A039C,-1,-1,K005A,RF-0119-001-PPP,0.007434,-1.0,VAL,2021,DDT (sum),DDT (sum),"DDT (sum of p,p'-DDT, o,p'-DDT, p-p'-DDE and p,p'-TDE (DDD) expressed as DDT)",RF-0119-001-PPP,0.04,True
140871,D5EB624E7C9CF286DE64CB701CCD23D8,DE,DE,A039C,-1,-1,K005A,RF-0237-001-PPP,0.00082,-1.0,VAL,2021,Hexachlorobenzene,Hexachlorobenzene,Hexachlorobenzene,RF-0237-001-PPP,0.005,True
140922,FE062CA7A3875B0B0E84E18DC520E693,DE,DE,A039C,-1,-1,K005A,RF-0277-001-PPP,0.0015,-1.0,VAL,2021,Mercury compounds,Mercury compounds,Mercury compounds (sum of mercury compounds expressed as mercury),RF-0277-001-PPP,0.01,True
140956,05D13771466EDF45589B7A92BA27ADC4,DE,DE,A039C,-1,-1,K005A,RF-0237-001-PPP,0.00082,-1.0,VAL,2021,Hexachlorobenzene,Hexachlorobenzene,Hexachlorobenzene,RF-0237-001-PPP,0.005,True
140990,AF549F34395814C88F3E617FC33305A4,DE,DE,A039C,-1,-1,K005A,RF-0102-001-PPP,0.009,-1.0,VAL,2021,Copper compounds,Copper compounds,Copper compounds (copper),RF-0102-001-PPP,2.0,True
140991,89A0FFABD8F487582E19546CE9018D48,DE,DE,A039C,-1,-1,K005A,RF-0102-001-PPP,0.576,-1.0,VAL,2021,Copper compounds,Copper compounds,Copper compounds (copper),RF-0102-001-PPP,2.0,True
140992,89A0FFABD8F487582E19546CE9018D48,DE,DE,A039C,-1,-1,K005A,RF-0277-001-PPP,0.00085,-1.0,VAL,2021,Mercury compounds,Mercury compounds,Mercury compounds (sum of mercury compounds expressed as mercury),RF-0277-001-PPP,0.01,True
143680,5379071E53C1262AB8735CBAFB12E4ED,DE,DE,A039C,-1,-1,K005A,RF-0277-001-PPP,0.0025,-1.0,VAL,2021,Mercury compounds,Mercury compounds,Mercury compounds (sum of mercury compounds expressed as mercury),RF-0277-001-PPP,0.01,True
143681,83AD8F3C46B6A8E704A72F27B48D2C97,DE,DE,A039C,-1,-1,K005A,RF-0277-001-PPP,0.0019,-1.0,VAL,2021,Mercury compounds,Mercury compounds,Mercury compounds (sum of mercury compounds expressed as mercury),RF-0277-001-PPP,0.01,True
143682,53EECBE6B14E01DF33C2EC79BBF01DDB,DE,DE,A039C,-1,-1,K005A,RF-0277-001-PPP,0.0015,-1.0,VAL,2021,Mercury compounds,Mercury compounds,Mercury compounds (sum of mercury compounds expressed as mercury),RF-0277-001-PPP,0.01,True
143683,3E3B511E47D4B5516BAE7FDF1978047E,DE,IE,A039C,-1,-1,K005A,RF-0277-001-PPP,0.0039,-1.0,VAL,2021,Mercury compounds,Mercury compounds,Mercury compounds (sum of mercury compounds expressed as mercury),RF-0277-001-PPP,0.01,True
143684,E20F44197AC306E2F681D03865698D1E,DE,DE,A039C,-1,-1,K005A,RF-0277-001-PPP,0.019,-1.0,VAL,2021,Mercury compounds,Mercury compounds,Mercury compounds (sum of mercury compounds expressed as mercury),RF-0277-001-PPP,0.01,True
143685,8FAF0795541F951DB6A23DB4CC755DD5,DE,DE,A039C,-1,-1,K005A,RF-0237-001-PPP,0.00082,-1.0,VAL,2021,Hexachlorobenzene,Hexachlorobenzene,Hexachlorobenzene,RF-0237-001-PPP,0.005,True
143686,8FAF0795541F951DB6A23DB4CC755DD5,DE,DE,A039C,-1,-1,K005A,RF-0119-001-PPP,0.00164,-1.0,VAL,2021,DDT (sum),DDT (sum),"DDT (sum of p,p'-DDT, o,p'-DDT, p-p'-DDE and p,p'-TDE (DDD) expressed as DDT)",RF-0119-001-PPP,0.04,True
143687,8FAF0795541F951DB6A23DB4CC755DD5,DE,DE,A039C,-1,-1,K005A,RF-0119-002-PPP,0.00164,-1.0,VAL,2021,DDT (sum),"DDE, p,p-","DDE, p,p-",RF-0119-002-PPP,0.04,True
143688,CBDE6EE577E4F470958A152362835A63,DE,DE,A039C,-1,-1,K005A,RF-0277-001-PPP,0.015,-1.0,VAL,2021,Mercury compounds,Mercury compounds,Mercury compounds (sum of mercury compounds expressed as mercury),RF-0277-001-PPP,0.01,True
143689,6C8D7747945013BA347C51B007DD4619,DE,DE,A039C,-1,-1,K005A,RF-0277-001-PPP,0.0078,-1.0,VAL,2021,Mercury compounds,Mercury compounds,Mercury compounds (sum of mercury compounds expressed as mercury),RF-0277-001-PPP,0.01,True
143690,ED59B42D84040B5E595E436F835B0F87,DE,PL,A039C,-1,-1,K005A,RF-0277-001-PPP,0.00085,-1.0,VAL,2021,Mercury compounds,Mercury compounds,Mercury compounds (sum of mercury compounds expressed as mercury),RF-0277-001-PPP,0.01,True
144698,461DCC3EFA97F24EE1F03A81A74471B2,CZ,CZ,A039C,-1,-1,K009A,RF-0237-001-PPP,0.002,-1.0,VAL,2022,Hexachlorobenzene,Hexachlorobenzene,Hexachlorobenzene,RF-0237-001-PPP,0.005,True
144709,461DCC3EFA97F24EE1F03A81A74471B2,CZ,CZ,A039C,-1,-1,K009A,RF-0119-002-PPP,0.006,-1.0,VAL,2022,DDT (sum),"DDE, p,p-","DDE, p,p-",RF-0119-002-PPP,0.04,True
144721,461DCC3EFA97F24EE1F03A81A74471B2,CZ,CZ,A039C,-1,-1,K009A,RF-0119-001-PPP,0.007,-1.0,VAL,2022,DDT (sum),DDT (sum),"DDT (sum of p,p'-DDT, o,p'-DDT, p-p'-DDE and p,p'-TDE (DDD) expressed as DDT)",RF-0119-001-PPP,0.04,True
144731,D97F32EDAFFE07D772D24840172F92EB,CZ,CZ,A039C,-1,-1,K009A,RF-0237-001-PPP,0.001,-1.0,VAL,2022,Hexachlorobenzene,Hexachlorobenzene,Hexachlorobenzene,RF-0237-001-PPP,0.005,True
144735,D97F32EDAFFE07D772D24840172F92EB,CZ,CZ,A039C,-1,-1,K009A,RF-0119-002-PPP,0.004,-1.0,VAL,2022,DDT (sum),"DDE, p,p-","DDE, p,p-",RF-0119-002-PPP,0.04,True
144767,F75ACED1513B80C9B620F1659E714948,CZ,CZ,A039C,-1,-1,K009A,RF-0237-001-PPP,0.001,-1.0,VAL,2022,Hexachlorobenzene,Hexachlorobenzene,Hexachlorobenzene,RF-0237-001-PPP,0.005,True
144769,F75ACED1513B80C9B620F1659E714948,CZ,CZ,A039C,-1,-1,K009A,RF-0119-002-PPP,0.005,-1.0,VAL,2022,DDT (sum),"DDE, p,p-","DDE, p,p-",RF-0119-002-PPP,0.04,True
144787,F75ACED1513B80C9B620F1659E714948,CZ,CZ,A039C,-1,-1,K009A,RF-0119-001-PPP,0.006,-1.0,VAL,2022,DDT (sum),DDT (sum),"DDT (sum of p,p'-DDT, o,p'-DDT, p-p'-DDE and p,p'-TDE (DDD) expressed as DDT)",RF-0119-001-PPP,0.04,True
144803,8E048C3041007BB6BCB7EB389B9CF913,CZ,CZ,A039C,-1,-1,K009A,RF-0119-002-PPP,0.004,-1.0,VAL,2022,DDT (sum),"DDE, p,p-","DDE, p,p-",RF-0119-002-PPP,0.04,True
144829,D01C10FEE0FDAC85044DE5983854A8B2,CZ,CZ,A039C,-1,-1,K009A,RF-0237-001-PPP,0.001,-1.0,VAL,2022,Hexachlorobenzene,Hexachlorobenzene,Hexachlorobenzene,RF-0237-001-PPP,0.005,True
144861,96D916A476CAD617A1B59FB12111BBA2,CZ,CZ,A039C,-1,-1,K009A,RF-0119-002-PPP,0.004,-1.0,VAL,2022,DDT (sum),"DDE, p,p-","DDE, p,p-",RF-0119-002-PPP,0.04,True
144897,11065C1AC71179D8DE2DAC855D71FE89,CZ,CZ,A039C,-1,-1,K009A,RF-0237-001-PPP,0.002,-1.0,VAL,2022,Hexachlorobenzene,Hexachlorobenzene,Hexachlorobenzene,RF-0237-001-PPP,0.005,True
144900,11065C1AC71179D8DE2DAC855D71FE89,CZ,CZ,A039C,-1,-1,K009A,RF-0119-002-PPP,0.003,-1.0,VAL,2022,DDT (sum),"DDE, p,p-","DDE, p,p-",RF-0119-002-PPP,0.04,True
144942,646CA22D974DB2C5CB25F9F4A5EBD4D4,CZ,CZ,A039C,-1,-1,K009A,RF-0119-002-PPP,0.003,-1.0,VAL,2022,DDT (sum),"DDE, p,p-","DDE, p,p-",RF-0119-002-PPP,0.04,True
144965,844FE677090DDDF9976869EA57CC1AE4,CZ,CZ,A039C,-1,-1,K009A,RF-0237-001-PPP,0.002,-1.0,VAL,2022,Hexachlorobenzene,Hexachlorobenzene,Hexachlorobenzene,RF-0237-001-PPP,0.005,True
144968,844FE677090DDDF9976869EA57CC1AE4,CZ,CZ,A039C,-1,-1,K009A,RF-0119-002-PPP,0.004,-1.0,VAL,2022,DDT (sum),"DDE, p,p-","DDE, p,p-",RF-0119-002-PPP,0.04,True
144995,98F44B040CD246F0E1F1EE1C8EA04825,CZ,CZ,A039C,-1,-1,K009A,RF-0237-001-PPP,0.002,-1.0,VAL,2022,Hexachlorobenzene,Hexachlorobenzene,Hexachlorobenzene,RF-0237-001-PPP,0.005,True
145006,98F44B040CD246F0E1F1EE1C8EA04825,CZ,CZ,A039C,-1,-1,K009A,RF-0119-002-PPP,0.004,-1.0,VAL,2022,DDT (sum),"DDE, p,p-","DDE, p,p-",RF-0119-002-PPP,0.04,True
145031,B778967D4B35F2BF9CC79B43D11FFFAE,CZ,CZ,A039C,-1,-1,K009A,RF-0237-001-PPP,0.001,-1.0,VAL,2022,Hexachlorobenzene,Hexachlorobenzene,Hexachlorobenzene,RF-0237-001-PPP,0.005,True
145039,B778967D4B35F2BF9CC79B43D11FFFAE,CZ,CZ,A039C,-1,-1,K009A,RF-0119-002-PPP,0.002,-1.0,VAL,2022,DDT (sum),"DDE, p,p-","DDE, p,p-",RF-0119-002-PPP,0.04,True
145063,16ABCA1260342C790B56B747209545E6,CZ,CZ,A039C,-1,-1,K009A,RF-0237-001-PPP,0.001,-1.0,VAL,2022,Hexachlorobenzene,Hexachlorobenzene,Hexachlorobenzene,RF-0237-001-PPP,0.005,True
145074,16ABCA1260342C790B56B747209545E6,CZ,CZ,A039C,-1,-1,K009A,RF-0119-002-PPP,0.006,-1.0,VAL,2022,DDT (sum),"DDE, p,p-","DDE, p,p-",RF-0119-002-PPP,0.04,True
145084,16ABCA1260342C790B56B747209545E6,CZ,CZ,A039C,-1,-1,K009A,RF-0119-001-PPP,0.007,-1.0,VAL,2022,DDT (sum),DDT (sum),"DDT (sum of p,p'-DDT, o,p'-DDT, p-p'-DDE and p,p'-TDE (DDD) expressed as DDT)",RF-0119-001-PPP,0.04,True
145171,B778967D4B35F2BF9CC79B43D11FFFAE,CZ,CZ,A039C,-1,-1,K009A,RF-0251-001-PPP,0.003,-1.0,VAL,2022,Indoxacarb (sum),Indoxacarb,Indoxacarb (sum of indoxacarb and its R enantiomer),RF-0251-001-PPP,0.01,True
145605,E8BFF2FEF528006CEC7811EC79BE7559,DE,DE,A039C,-1,-1,K005A,RF-0237-001-PPP,0.0011,-1.0,VAL,2022,Hexachlorobenzene,Hexachlorobenzene,Hexachlorobenzene,RF-0237-001-PPP,0.005,True
145638,F5C67A3BA21A16C18E4FBF03E03CBDDA,DE,DE,A039C,-1,-1,K005A,RF-0237-001-PPP,0.0023,-1.0,VAL,2022,Hexachlorobenzene,Hexachlorobenzene,Hexachlorobenzene,RF-0237-001-PPP,0.005,True
145693,922E5196DB6DD3039D3C75D6FBDCC50B,DE,DE,A039C,-1,-1,K005A,RF-0237-001-PPP,0.0018,-1.0,VAL,2022,Hexachlorobenzene,Hexachlorobenzene,Hexachlorobenzene,RF-0237-001-PPP,0.005,True
145704,F0E421514D56D63BB7A078A63464096B,DE,DE,A039C,-1,-1,K005A,RF-0239-002-PPP,0.0019,-1.0,VAL,2022,HCH-beta,HCH-beta,"Hexachlorocyclohexane (HCH), beta-isomer",RF-0239-002-PPP,0.01,True
145711,1F43AF59951B404B2966A066EB3204DA,DE,DE,A039C,-1,-1,K005A,RF-0239-002-PPP,0.003,-1.0,VAL,2022,HCH-beta,HCH-beta,"Hexachlorocyclohexane (HCH), beta-isomer",RF-0239-002-PPP,0.01,True
145712,1F43AF59951B404B2966A066EB3204DA,DE,DE,A039C,-1,-1,K005A,RF-0119-001-PPP,0.0078,-1.0,VAL,2022,DDT (sum),DDT (sum),"DDT (sum of p,p'-DDT, o,p'-DDT, p-p'-DDE and p,p'-TDE (DDD) expressed as DDT)",RF-0119-001-PPP,0.04,True
145726,F0E421514D56D63BB7A078A63464096B,DE,DE,A039C,-1,-1,K005A,RF-0119-002-PPP,0.0061,-1.0,VAL,2022,DDT (sum),"DDE, p,p-","DDE, p,p-",RF-0119-002-PPP,0.04,True
145831,9CCCA055B3036E8F1BF7EBA480D9ECD4,DE,BG,A039C,-1,-1,K005A,RF-0119-001-PPP,0.0033,-1.0,VAL,2022,DDT (sum),DDT (sum),"DDT (sum of p,p'-DDT, o,p'-DDT, p-p'-DDE and p,p'-TDE (DDD) expressed as DDT)",RF-0119-001-PPP,0.04,True
145903,990E9DBB1E5816A96BB31C901374C084,DE,DE,A039C,-1,-1,K005A,RF-0237-001-PPP,0.0019,-1.0,VAL,2022,Hexachlorobenzene,Hexachlorobenzene,Hexachlorobenzene,RF-0237-001-PPP,0.005,True
145904,54D8F9E7C68A76FDBBE3707B3A42BCBD,DE,DE,A039C,-1,-1,K005A,RF-0119-001-PPP,0.0035,-1.0,VAL,2022,DDT (sum),DDT (sum),"DDT (sum of p,p'-DDT, o,p'-DDT, p-p'-DDE and p,p'-TDE (DDD) expressed as DDT)",RF-0119-001-PPP,0.04,True
145913,F0E421514D56D63BB7A078A63464096B,DE,DE,A039C,-1,-1,K005A,RF-0119-001-PPP,0.0068,-1.0,VAL,2022,DDT (sum),DDT (sum),"DDT (sum of p,p'-DDT, o,p'-DDT, p-p'-DDE and p,p'-TDE (DDD) expressed as DDT)",RF-0119-001-PPP,0.04,True
145918,1F43AF59951B404B2966A066EB3204DA,DE,DE,A039C,-1,-1,K005A,RF-0237-001-PPP,0.0011,-1.0,VAL,2022,Hexachlorobenzene,Hexachlorobenzene,Hexachlorobenzene,RF-0237-001-PPP,0.005,True
145919,1F43AF59951B404B2966A066EB3204DA,DE,DE,A039C,-1,-1,K005A,RF-0119-002-PPP,0.007,-1.0,VAL,2022,DDT (sum),"DDE, p,p-","DDE, p,p-",RF-0119-002-PPP,0.04,True
145969,E8BFF2FEF528006CEC7811EC79BE7559,DE,DE,A039C,-1,-1,K005A,RF-0119-002-PPP,0.0048,-1.0,VAL,2022,DDT (sum),"DDE, p,p-","DDE, p,p-",RF-0119-002-PPP,0.04,True
145980,BF21BAB117190729A36ADD35C0839E9A,DE,DE,A039C,-1,-1,K005A,RF-0237-001-PPP,0.0012,-1.0,VAL,2022,Hexachlorobenzene,Hexachlorobenzene,Hexachlorobenzene,RF-0237-001-PPP,0.005,True
145992,5601F30BCC77CB7D17A028CE6A42B7CE,DE,DE,A039C,-1,-1,K005A,RF-0237-001-PPP,0.0024,-1.0,VAL,2022,Hexachlorobenzene,Hexachlorobenzene,Hexachlorobenzene,RF-0237-001-PPP,0.005,True
146066,990E9DBB1E5816A96BB31C901374C084,DE,DE,A039C,-1,-1,K005A,RF-0119-001-PPP,0.0031,-1.0,VAL,2022,DDT (sum),DDT (sum),"DDT (sum of p,p'-DDT, o,p'-DDT, p-p'-DDE and p,p'-TDE (DDD) expressed as DDT)",RF-0119-001-PPP,0.04,True
146085,E8BFF2FEF528006CEC7811EC79BE7559,DE,DE,A039C,-1,-1,K005A,RF-0119-001-PPP,0.0053,-1.0,VAL,2022,DDT (sum),DDT (sum),"DDT (sum of p,p'-DDT, o,p'-DDT, p-p'-DDE and p,p'-TDE (DDD) expressed as DDT)",RF-0119-001-PPP,0.04,True
146095,D89C4391805EC048B9BB23D74E8D8594,DE,IE,A039C,-1,-1,K005A,RF-0237-001-PPP,0.0014,-1.0,VAL,2022,Hexachlorobenzene,Hexachlorobenzene,Hexachlorobenzene,RF-0237-001-PPP,0.005,True
146098,9CCCA055B3036E8F1BF7EBA480D9ECD4,DE,BG,A039C,-1,-1,K005A,RF-0119-002-PPP,0.0029,-1.0,VAL,2022,DDT (sum),"DDE, p,p-","DDE, p,p-",RF-0119-002-PPP,0.04,True
146338,990E9DBB1E5816A96BB31C901374C084,DE,DE,A039C,-1,-1,K005A,RF-0119-002-PPP,0.0027,-1.0,VAL,2022,DDT (sum),"DDE, p,p-","DDE, p,p-",RF-0119-002-PPP,0.04,True
146339,54D8F9E7C68A76FDBBE3707B3A42BCBD,DE,DE,A039C,-1,-1,K005A,RF-0119-002-PPP,0.0031,-1.0,VAL,2022,DDT (sum),"DDE, p,p-","DDE, p,p-",RF-0119-002-PPP,0.04,True
147125,A751A1941FF56F0210C476CCAE73B9C1,IT,IT,A039C,-1,-1,K005A,RF-0823-001-PPP,0.02,-1.0,VAL,2022,2-phenylphenol (sum),2-phenylphenol (sum),"2-phenylphenol (sum of 2-phenylphenol and its conjugates, expressed as 2-phenylphenol)",RF-0823-001-PPP,0.01,True
148605,229DF0FE9399B7ED0CED104530B629EA,DE,DE,A039C,-1,-1,K005A,RF-1078-004-PPP,0.02,-1.0,VAL,2023,BAC 12,BAC 12,BAC 12,RF-1078-004-PPP,0.1,True
148686,229DF0FE9399B7ED0CED104530B629EA,DE,DE,A039C,-1,-1,K005A,RF-00002582-PAR,0.02,-1.0,VAL,2023,Benzalkonium chloride,Benzalkonium chloride,Benzalkonium chloride (BAC),RF-00002582-PAR,0.1,True
153687,AA8BE4B6F3025EA23F414546CAF01A38,DE,DE,A039C,-1,-1,K005A,RF-1078-002-PPP,0.021,-1.0,VAL,2023,DDAC (mix),DDAC (mix),"Didecyldimethylammonium chloride (mixture of alkyl-quaternary ammonium salts with alkyl chain lengths of C8, C10 and C12)",RF-1078-002-PPP,0.1,True
153688,AA8BE4B6F3025EA23F414546CAF01A38,DE,DE,A039C,-1,-1,K005A,RF-00007627-PAR,0.021,-1.0,VAL,2023,DDAC (mix),DDAC-C10,Didecyldimethylammonium chloride (DDAC) n=10,RF-00007627-PAR,0.1,True
156275,E5882EB3E525A5689A4E085FBCF93BF6,IT,IT,A039C,-1,-1,K005A,RF-0187-001-PPP,0.002,-1.0,VAL,2023,Fenthion (sum),Fenthion (sum),"Fenthion (fenthion and its oxigen analogue, their sulfoxides and sulfone expressed as parent)",RF-0187-001-PPP,0.01,True
156288,E5882EB3E525A5689A4E085FBCF93BF6,IT,IT,A039C,-1,-1,K005A,RF-0112-001-PPP,0.005,-1.0,VAL,2023,Cypermethrin (sum),Cypermethrin (sum),Cypermethrin (Cypermethrin including other mixtures of constituent isomers (sum of isomers)),RF-0112-001-PPP,0.05,True
156317,E5882EB3E525A5689A4E085FBCF93BF6,IT,IT,A039C,-1,-1,K005A,RF-0300-001-PPP,0.003,-1.0,VAL,2023,Metribuzin,Metribuzin,Metribuzin,RF-0300-001-PPP,0.1,True
156491,50B77632F59547B0F75C910427DBCEBA,IT,IT,A039C,-1,-1,K005A,RF-0102-001-PPP,0.21,-1.0,VAL,2023,Copper compounds,Copper compounds,Copper compounds (copper),RF-0102-001-PPP,2.0,True
156737,5402AE1E366503A8B0188253FDEF502F,CZ,CZ,A039C,-1,-1,K018A,RF-0119-001-PPP,0.0024,-1.0,VAL,2024,DDT (sum),DDT (sum),"DDT (sum of p,p'-DDT, o,p'-DDT, p-p'-DDE and p,p'-TDE (DDD) expressed as DDT)",RF-0119-001-PPP,0.04,True
156741,5402AE1E366503A8B0188253FDEF502F,CZ,CZ,A039C,-1,-1,K018A,RF-0119-002-PPP,0.0024,-1.0,VAL,2024,DDT (sum),"DDE, p,p-","DDE, p,p-",RF-0119-002-PPP,0.04,True
156763,A9D3D82B3C924E4B8E193950C315817F,CZ,CZ,A039C,-1,-1,K018A,RF-0119-002-PPP,0.0007,-1.0,VAL,2024,DDT (sum),"DDE, p,p-","DDE, p,p-",RF-0119-002-PPP,0.04,True
156897,BACA20C89F9372FB92166369046B94A7,CZ,CZ,A039C,-1,-1,K018A,RF-0237-001-PPP,0.002,-1.0,VAL,2024,Hexachlorobenzene,Hexachlorobenzene,Hexachlorobenzene,RF-0237-001-PPP,0.005,True
156915,BACA20C89F9372FB92166369046B94A7,CZ,CZ,A039C,-1,-1,K018A,RF-0119-002-PPP,0.003,-1.0,VAL,2024,DDT (sum),"DDE, p,p-","DDE, p,p-",RF-0119-002-PPP,0.04,True
156916,BACA20C89F9372FB92166369046B94A7,CZ,CZ,A039C,-1,-1,K018A,RF-0119-001-PPP,0.003,-1.0,VAL,2024,DDT (sum),DDT (sum),"DDT (sum of p,p'-DDT, o,p'-DDT, p-p'-DDE and p,p'-TDE (DDD) expressed as DDT)",RF-0119-001-PPP,0.04,True
159492,39249440E103759DEF034A9007B4F388,DE,DE,A039C,-1,-1,K005A,RF-0119-002-PPP,0.005,-1.0,VAL,2024,DDT (sum),"DDE, p,p-","DDE, p,p-",RF-0119-002-PPP,0.04,True
159497,39249440E103759DEF034A9007B4F388,DE,DE,A039C,-1,-1,K005A,RF-0119-001-PPP,0.005,-1.0,VAL,2024,DDT (sum),DDT (sum),"DDT (sum of p,p'-DDT, o,p'-DDT, p-p'-DDE and p,p'-TDE (DDD) expressed as DDT)",RF-0119-001-PPP,0.04,True
160687,C49E348C6BF2C336AF6AFD8084C21BC6,DE,DE,A039C,-1,-1,K005A,RF-0237-001-PPP,0.005,-1.0,VAL,2024,Hexachlorobenzene,Hexachlorobenzene,Hexachlorobenzene,RF-0237-001-PPP,0.005,True
161004,F01E6975D219E1BDB1E67A3634930B81,DE,DE,A039C,-1,-1,K005A,RF-0277-001-PPP,0.0054,-1.0,VAL,2024,Mercury compounds,Mercury compounds,Mercury compounds (sum of mercury compounds expressed as mercury),RF-0277-001-PPP,0.01,True
161877,8DA0CA0377AC7D24B945D93805797E47,DE,DE,A039C,-1,-1,K005A,RF-0237-001-PPP,0.001,-1.0,VAL,2024,Hexachlorobenzene,Hexachlorobenzene,Hexachlorobenzene,RF-0237-001-PPP,0.005,True
161888,8DA0CA0377AC7D24B945D93805797E47,DE,DE,A039C,-1,-1,K005A,RF-0263-001-PPP,0.001,-1.0,VAL,2024,Lindane,Lindane,Lindane (Gamma-isomer of hexachlorocyclohexane (HCH)),RF-0263-001-PPP,0.01,True
162078,E0B2996119E3A382796CCA29B71D256E,DE,DE,A039C,-1,-1,K005A,RF-0119-001-PPP,0.014,-1.0,VAL,2024,DDT (sum),DDT (sum),"DDT (sum of p,p'-DDT, o,p'-DDT, p-p'-DDE and p,p'-TDE (DDD) expressed as DDT)",RF-0119-001-PPP,0.04,True
162084,E0B2996119E3A382796CCA29B71D256E,DE,DE,A039C,-1,-1,K005A,RF-0119-002-PPP,0.013,-1.0,VAL,2024,DDT (sum),"DDE, p,p-","DDE, p,p-",RF-0119-002-PPP,0.04,True
162526,9996E4EBA646737ED97C669C3A90B492,DE,DK,A039C,-1,-1,K005A,RF-0237-001-PPP,0.001,-1.0,VAL,2024,Hexachlorobenzene,Hexachlorobenzene,Hexachlorobenzene,RF-0237-001-PPP,0.005,True
162541,9996E4EBA646737ED97C669C3A90B492,DE,DK,A039C,-1,-1,K005A,RF-0263-001-PPP,0.001,-1.0,VAL,2024,Lindane,Lindane,Lindane (Gamma-isomer of hexachlorocyclohexane (HCH)),RF-0263-001-PPP,0.01,True
163491,2EB97CEB64D3535A5505A92D3B7A6767,DE,DE,A039C,-1,-1,K005A,RF-0119-001-PPP,0.0065,-1.0,VAL,2024,DDT (sum),DDT (sum),"DDT (sum of p,p'-DDT, o,p'-DDT, p-p'-DDE and p,p'-TDE (DDD) expressed as DDT)",RF-0119-001-PPP,0.04,True
163553,2EB97CEB64D3535A5505A92D3B7A6767,DE,DE,A039C,-1,-1,K005A,RF-0119-002-PPP,0.0058,-1.0,VAL,2024,DDT (sum),"DDE, p,p-","DDE, p,p-",RF-0119-002-PPP,0.04,True
164494,91FD480F83C021CAC6D4F8B43DC584A6,DE,DE,A039C,-1,-1,K005A,RF-0237-001-PPP,0.001,-1.0,VAL,2024,Hexachlorobenzene,Hexachlorobenzene,Hexachlorobenzene,RF-0237-001-PPP,0.005,True
164496,91FD480F83C021CAC6D4F8B43DC584A6,DE,DE,A039C,-1,-1,K005A,RF-0263-001-PPP,0.001,-1.0,VAL,2024,Lindane,Lindane,Lindane (Gamma-isomer of hexachlorocyclohexane (HCH)),RF-0263-001-PPP,0.01,True
166551,D0BE135AB4143B9A5962B97869DD7846,DE,DE,A039C,-1,-1,K005A,RF-0119-002-PPP,0.001,-1.0,VAL,2024,DDT (sum),"DDE, p,p-","DDE, p,p-",RF-0119-002-PPP,0.04,True
