,sampleId,sampCountry,origCountry,productCode,efsaProductCode,productTreat,progType,pesticideCode,resVal,fatPerc,resType,year,tag,short_name,long_name,paramcode,limit,mandatory
1046,28DF3D139305C409C4AC8FD389245572,AT,AT,P1020010A,-1,T999A,K005A,RF-0237-001-PPP,0.00055,-1.0,VAL,2011,Hexachlorobenzene,Hexachlorobenzene,Hexachlorobenzene,RF-0237-001-PPP,0.005,True
1217,3510D7184E251B49397F9490117FDC2C,AT,AT,P1020010A,-1,T999A,K005A,RF-0237-001-PPP,0.00035,-1.0,VAL,2011,Hexachlorobenzene,Hexachlorobenzene,Hexachlorobenzene,RF-0237-001-PPP,0.005,True
2199,B2407DFC9549A7E4B537B24CC4E67EAD,CY,CY,P1020010A,A.01.000950,T999A,K005A,RF-0119-002-PPP,0.002,3.4,VAL,2011,DDT (sum),"DDE, p,p-","DDE, p,p-",RF-0119-002-PPP,0.04,True
2202,B2407DFC9549A7E4B537B24CC4E67EAD,CY,CY,P1020010A,A.01.000950,T999A,K005A,RF-0119-001-PPP,0.00223,3.4,VAL,2011,DDT (sum),DDT (sum),"DDT (sum of p,p'-DDT, o,p'-DDT, p-p'-DDE and p,p'-TDE (DDD) expressed as DDT)",RF-0119-001-PPP,0.04,True
3448,D488583CF001D11A85DF5DC4D2FF0E81,DE,DE,P1020010A,-1,T999A,K005A,RF-0237-001-PPP,0.002,4.0,VAL,2011,Hexachlorobenzene,Hexachlorobenzene,Hexachlorobenzene,RF-0237-001-PPP,0.005,True
3568,D488583CF001D11A85DF5DC4D2FF0E81,DE,DE,P1020010A,-1,T999A,K005A,RF-0119-001-PPP,0.0009,4.0,VAL,2011,DDT (sum),DDT (sum),"DDT (sum of p,p'-DDT, o,p'-DDT, p-p'-DDE and p,p'-TDE (DDD) expressed as DDT)",RF-0119-001-PPP,0.04,True
3680,77BFC6109B2B16C803678BABB6BC3CF5,DE,DE,P1020010A,-1,T999A,K005A,RF-0237-001-PPP,8e-05,-1.0,VAL,2011,Hexachlorobenzene,Hexachlorobenzene,Hexachlorobenzene,RF-0237-001-PPP,0.005,True
3686,77BFC6109B2B16C803678BABB6BC3CF5,DE,DE,P1020010A,-1,T999A,K005A,RF-0119-001-PPP,0.00021,-1.0,VAL,2011,DDT (sum),DDT (sum),"DDT (sum of p,p'-DDT, o,p'-DDT, p-p'-DDE and p,p'-TDE (DDD) expressed as DDT)",RF-0119-001-PPP,0.04,True
3764,45147AD27C4839247D501F211AD472DF,DE,DE,P1020010A,-1,T999A,K005A,RF-0237-001-PPP,0.002,-1.0,VAL,2011,Hexachlorobenzene,Hexachlorobenzene,Hexachlorobenzene,RF-0237-001-PPP,0.005,True
3815,49F41F5117B3E13DB880F9B090B8C142,DE,DE,P1020010A,-1,T999A,K005A,RF-0119-001-PPP,0.002,4.0,VAL,2011,DDT (sum),DDT (sum),"DDT (sum of p,p'-DDT, o,p'-DDT, p-p'-DDE and p,p'-TDE (DDD) expressed as DDT)",RF-0119-001-PPP,0.04,True
3816,CB960EC3852C9017E27E269931D583B3,DE,DE,P1020010A,-1,T999A,K005A,RF-0237-001-PPP,8e-05,-1.0,VAL,2011,Hexachlorobenzene,Hexachlorobenzene,Hexachlorobenzene,RF-0237-001-PPP,0.005,True
3828,4867FE3FE253E51D889640A7FEAE3A4D,DE,DE,P1020010A,-1,T999A,K005A,RF-0119-001-PPP,0.0018,-1.0,VAL,2011,DDT (sum),DDT (sum),"DDT (sum of p,p'-DDT, o,p'-DDT, p-p'-DDE and p,p'-TDE (DDD) expressed as DDT)",RF-0119-001-PPP,0.04,True
3843,59473294855851A60351A7A088619260,DE,DE,P1020010A,-1,T999A,K005A,RF-0119-001-PPP,0.002,4.0,VAL,2011,DDT (sum),DDT (sum),"DDT (sum of p,p'-DDT, o,p'-DDT, p-p'-DDE and p,p'-TDE (DDD) expressed as DDT)",RF-0119-001-PPP,0.04,True
3853,16FDB47ADAEA9215B33A5C545987973D,DE,DE,P1020010A,-1,T999A,K005A,RF-0119-001-PPP,0.001,4.0,VAL,2011,DDT (sum),DDT (sum),"DDT (sum of p,p'-DDT, o,p'-DDT, p-p'-DDE and p,p'-TDE (DDD) expressed as DDT)",RF-0119-001-PPP,0.04,True
3864,E019AD9C521C6C4036700E5EBF18BDA1,DE,DE,P1020010A,-1,T999A,K005A,RF-0237-001-PPP,0.002,4.0,VAL,2011,Hexachlorobenzene,Hexachlorobenzene,Hexachlorobenzene,RF-0237-001-PPP,0.005,True
3870,8700AD17113EC7137E02D23254C32D70,DE,DE,P1020010A,-1,T999A,K005A,RF-0237-001-PPP,0.003,4.0,VAL,2011,Hexachlorobenzene,Hexachlorobenzene,Hexachlorobenzene,RF-0237-001-PPP,0.005,True
3880,84F01FB61CF9E1AFF6469627983AB440,DE,DE,P1020010A,-1,T999A,K005A,RF-0237-001-PPP,0.002,4.0,VAL,2011,Hexachlorobenzene,Hexachlorobenzene,Hexachlorobenzene,RF-0237-001-PPP,0.005,True
3885,CF6D3E5F8EE39CF7053E256DA8480F8C,DE,DE,P1020010A,-1,T999A,K005A,RF-0119-001-PPP,0.0007,4.0,VAL,2011,DDT (sum),DDT (sum),"DDT (sum of p,p'-DDT, o,p'-DDT, p-p'-DDE and p,p'-TDE (DDD) expressed as DDT)",RF-0119-001-PPP,0.04,True
3918,98926E38ED7EDF33BA4667468F0D9927,DE,DE,P1020010A,-1,T999A,K005A,RF-0237-001-PPP,0.002,4.0,VAL,2011,Hexachlorobenzene,Hexachlorobenzene,Hexachlorobenzene,RF-0237-001-PPP,0.005,True
3927,CB471F5F2E573FA0AAAB330AA59089B7,DE,DE,P1020010A,-1,T999A,K005A,RF-0237-001-PPP,0.002,4.0,VAL,2011,Hexachlorobenzene,Hexachlorobenzene,Hexachlorobenzene,RF-0237-001-PPP,0.005,True
3950,5AD0D688DEC9DA583EBE6BCED75D5937,DE,DE,P1020010A,-1,T999A,K005A,RF-0119-001-PPP,0.002,4.0,VAL,2011,DDT (sum),DDT (sum),"DDT (sum of p,p'-DDT, o,p'-DDT, p-p'-DDE and p,p'-TDE (DDD) expressed as DDT)",RF-0119-001-PPP,0.04,True
3986,86415F0EF08ECEBF180E333741835DFE,DE,DE,P1020010A,-1,T999A,K005A,RF-0119-001-PPP,0.0009,4.0,VAL,2011,DDT (sum),DDT (sum),"DDT (sum of p,p'-DDT, o,p'-DDT, p-p'-DDE and p,p'-TDE (DDD) expressed as DDT)",RF-0119-001-PPP,0.04,True
3997,20F816EFEF4891273C388ED18C42FDDC,DE,DE,P1020010A,-1,T999A,K005A,RF-0237-001-PPP,0.002,4.0,VAL,2011,Hexachlorobenzene,Hexachlorobenzene,Hexachlorobenzene,RF-0237-001-PPP,0.005,True
4018,D2C54B2581902AA75CAA3D1962D5AFB1,DE,DE,P1020010A,-1,T999A,K005A,RF-0119-001-PPP,0.001,4.0,VAL,2011,DDT (sum),DDT (sum),"DDT (sum of p,p'-DDT, o,p'-DDT, p-p'-DDE and p,p'-TDE (DDD) expressed as DDT)",RF-0119-001-PPP,0.04,True
4020,5595F8C97C060D649A0010DA8E032887,DE,DE,P1020010A,-1,T999A,K005A,RF-0119-001-PPP,0.001,4.0,VAL,2011,DDT (sum),DDT (sum),"DDT (sum of p,p'-DDT, o,p'-DDT, p-p'-DDE and p,p'-TDE (DDD) expressed as DDT)",RF-0119-001-PPP,0.04,True
4024,54F5C0F6747C5F0186744F265BE5CCA0,DE,DE,P1020010A,-1,T999A,K005A,RF-0237-001-PPP,0.002,4.0,VAL,2011,Hexachlorobenzene,Hexachlorobenzene,Hexachlorobenzene,RF-0237-001-PPP,0.005,True
4027,838A8B2B808EB25F17245B381478F31E,DE,DE,P1020010A,-1,T999A,K005A,RF-0237-001-PPP,0.002,4.0,VAL,2011,Hexachlorobenzene,Hexachlorobenzene,Hexachlorobenzene,RF-0237-001-PPP,0.005,True
4031,7C8C4E07C15E8812D64EE10C3B55DF7E,DE,DE,P1020010A,-1,T999A,K005A,RF-0237-001-PPP,0.002,4.0,VAL,2011,Hexachlorobenzene,Hexachlorobenzene,Hexachlorobenzene,RF-0237-001-PPP,0.005,True
4036,30ACBD61D36303AD30DCF3F8A0DCE9B7,DE,DE,P1020010A,-1,T999A,K005A,RF-0237-001-PPP,0.002,4.0,VAL,2011,Hexachlorobenzene,Hexachlorobenzene,Hexachlorobenzene,RF-0237-001-PPP,0.005,True
4043,E28727D1F0731F0937D488B13E775873,DE,DE,P1020010A,-1,T999A,K005A,RF-0119-001-PPP,0.001,4.0,VAL,2011,DDT (sum),DDT (sum),"DDT (sum of p,p'-DDT, o,p'-DDT, p-p'-DDE and p,p'-TDE (DDD) expressed as DDT)",RF-0119-001-PPP,0.04,True
4051,B15D3AEF2D8ED1774C9FB3DAD68880E6,DE,DE,P1020010A,-1,T999A,K005A,RF-0119-001-PPP,0.00022,-1.0,VAL,2011,DDT (sum),DDT (sum),"DDT (sum of p,p'-DDT, o,p'-DDT, p-p'-DDE and p,p'-TDE (DDD) expressed as DDT)",RF-0119-001-PPP,0.04,True
4052,29B1A232D2BAECFB829C2D21A0FC394B,DE,DE,P1020010A,-1,T999A,K005A,RF-0237-001-PPP,0.00012,-1.0,VAL,2011,Hexachlorobenzene,Hexachlorobenzene,Hexachlorobenzene,RF-0237-001-PPP,0.005,True
4057,D476D58FC1E112B3539313CEF74C3CEC,DE,DE,P1020010A,-1,T999A,K005A,RF-0237-001-PPP,0.00012,-1.0,VAL,2011,Hexachlorobenzene,Hexachlorobenzene,Hexachlorobenzene,RF-0237-001-PPP,0.005,True
4068,1115EC9170D03ADA206779DDCD1DF10A,DE,DE,P1020010A,-1,T999A,K005A,RF-0237-001-PPP,0.002,4.0,VAL,2011,Hexachlorobenzene,Hexachlorobenzene,Hexachlorobenzene,RF-0237-001-PPP,0.005,True
4073,C6AD95AED301EAE97C94B5B392E048C8,DE,DE,P1020010A,-1,T999A,K005A,RF-0237-001-PPP,8e-05,-1.0,VAL,2011,Hexachlorobenzene,Hexachlorobenzene,Hexachlorobenzene,RF-0237-001-PPP,0.005,True
4077,59473294855851A60351A7A088619260,DE,DE,P1020010A,-1,T999A,K005A,RF-0237-001-PPP,0.002,4.0,VAL,2011,Hexachlorobenzene,Hexachlorobenzene,Hexachlorobenzene,RF-0237-001-PPP,0.005,True
4081,D0CF0C393B5A9DD2CAA6AB0F0C9ABF26,DE,DE,P1020010A,-1,T999A,K005A,RF-0119-001-PPP,0.001,4.0,VAL,2011,DDT (sum),DDT (sum),"DDT (sum of p,p'-DDT, o,p'-DDT, p-p'-DDE and p,p'-TDE (DDD) expressed as DDT)",RF-0119-001-PPP,0.04,True
4088,96B55A2BA43DD7B858AD1E86F95CA8E0,DE,DE,P1020010A,-1,T999A,K005A,RF-0119-001-PPP,0.0006,4.0,VAL,2011,DDT (sum),DDT (sum),"DDT (sum of p,p'-DDT, o,p'-DDT, p-p'-DDE and p,p'-TDE (DDD) expressed as DDT)",RF-0119-001-PPP,0.04,True
4113,E019AD9C521C6C4036700E5EBF18BDA1,DE,DE,P1020010A,-1,T999A,K005A,RF-0119-001-PPP,0.002,4.0,VAL,2011,DDT (sum),DDT (sum),"DDT (sum of p,p'-DDT, o,p'-DDT, p-p'-DDE and p,p'-TDE (DDD) expressed as DDT)",RF-0119-001-PPP,0.04,True
4114,04AD05635A24B1C2A6FD30B97DD6414E,DE,DE,P1020010A,-1,T999A,K005A,RF-0119-001-PPP,0.0007,4.0,VAL,2011,DDT (sum),DDT (sum),"DDT (sum of p,p'-DDT, o,p'-DDT, p-p'-DDE and p,p'-TDE (DDD) expressed as DDT)",RF-0119-001-PPP,0.04,True
4205,EB7A97021CE4F105FA83C609321589E4,DE,DE,P1020010A,-1,T999A,K005A,RF-0237-001-PPP,4e-05,-1.0,VAL,2011,Hexachlorobenzene,Hexachlorobenzene,Hexachlorobenzene,RF-0237-001-PPP,0.005,True
4212,FF2BD6FB57537A02763A499B0E51CA62,DE,DE,P1020010A,-1,T999A,K005A,RF-0237-001-PPP,0.002,4.0,VAL,2011,Hexachlorobenzene,Hexachlorobenzene,Hexachlorobenzene,RF-0237-001-PPP,0.005,True
4231,3D06329529F31D6EFE7C132A9C056755,DE,DE,P1020010A,-1,T999A,K005A,RF-0237-001-PPP,0.002,4.0,VAL,2011,Hexachlorobenzene,Hexachlorobenzene,Hexachlorobenzene,RF-0237-001-PPP,0.005,True
4245,BA327179AD3444489DBA3DAD3045D814,DE,DE,P1020010A,-1,T999A,K005A,RF-0119-001-PPP,0.00018,-1.0,VAL,2011,DDT (sum),DDT (sum),"DDT (sum of p,p'-DDT, o,p'-DDT, p-p'-DDE and p,p'-TDE (DDD) expressed as DDT)",RF-0119-001-PPP,0.04,True
4256,7BF4B729F3D0F07B65607DA879D152D5,DE,DE,P1020010A,-1,T999A,K005A,RF-0237-001-PPP,8e-05,-1.0,VAL,2011,Hexachlorobenzene,Hexachlorobenzene,Hexachlorobenzene,RF-0237-001-PPP,0.005,True
4323,250FD60001552A224F9E814676F57E31,DE,DE,P1020010A,-1,T999A,K005A,RF-0119-001-PPP,0.00036,-1.0,VAL,2011,DDT (sum),DDT (sum),"DDT (sum of p,p'-DDT, o,p'-DDT, p-p'-DDE and p,p'-TDE (DDD) expressed as DDT)",RF-0119-001-PPP,0.04,True
4342,A8FE4706A2CAF020368A0DEF991CB82D,DE,DE,P1020010A,-1,T999A,K005A,RF-0237-001-PPP,0.002,4.0,VAL,2011,Hexachlorobenzene,Hexachlorobenzene,Hexachlorobenzene,RF-0237-001-PPP,0.005,True
4347,3949100D3638A5D762A9A21BB718DADB,DE,DE,P1020010A,-1,T999A,K005A,RF-0119-001-PPP,0.0006,4.0,VAL,2011,DDT (sum),DDT (sum),"DDT (sum of p,p'-DDT, o,p'-DDT, p-p'-DDE and p,p'-TDE (DDD) expressed as DDT)",RF-0119-001-PPP,0.04,True
4354,A8FE4706A2CAF020368A0DEF991CB82D,DE,DE,P1020010A,-1,T999A,K005A,RF-0119-001-PPP,0.002,4.0,VAL,2011,DDT (sum),DDT (sum),"DDT (sum of p,p'-DDT, o,p'-DDT, p-p'-DDE and p,p'-TDE (DDD) expressed as DDT)",RF-0119-001-PPP,0.04,True
4379,042BC0D800F059F7E184525EA60B119F,DE,DE,P1020010A,-1,T999A,K005A,RF-0119-001-PPP,0.001,4.0,VAL,2011,DDT (sum),DDT (sum),"DDT (sum of p,p'-DDT, o,p'-DDT, p-p'-DDE and p,p'-TDE (DDD) expressed as DDT)",RF-0119-001-PPP,0.04,True
4382,37366D23C89EA32A73C967669AF8BE53,DE,DE,P1020010A,-1,T999A,K005A,RF-0237-001-PPP,8e-05,-1.0,VAL,2011,Hexachlorobenzene,Hexachlorobenzene,Hexachlorobenzene,RF-0237-001-PPP,0.005,True
4396,300B7C76881D5C917C3521BD3EB61006,DE,DE,P1020010A,-1,T999A,K005A,RF-0119-001-PPP,0.0009,4.0,VAL,2011,DDT (sum),DDT (sum),"DDT (sum of p,p'-DDT, o,p'-DDT, p-p'-DDE and p,p'-TDE (DDD) expressed as DDT)",RF-0119-001-PPP,0.04,True
4406,8CB0130AC8EB8009772CD3A3A783A136,DE,DE,P1020010A,-1,T999A,K005A,RF-0119-001-PPP,0.003,4.0,VAL,2011,DDT (sum),DDT (sum),"DDT (sum of p,p'-DDT, o,p'-DDT, p-p'-DDE and p,p'-TDE (DDD) expressed as DDT)",RF-0119-001-PPP,0.04,True
4418,FA20A4BA1E5C713215F88AF7E98ACE83,DE,DE,P1020010A,-1,T999A,K005A,RF-0237-001-PPP,0.003,4.0,VAL,2011,Hexachlorobenzene,Hexachlorobenzene,Hexachlorobenzene,RF-0237-001-PPP,0.005,True
4432,B39B5BF11AD860FCC5FE79676700E50A,DE,DE,P1020010A,-1,T999A,K005A,RF-0237-001-PPP,0.00012,-1.0,VAL,2011,Hexachlorobenzene,Hexachlorobenzene,Hexachlorobenzene,RF-0237-001-PPP,0.005,True
4452,7022670BEB98B1A2166CA4DD6951EE01,DE,DE,P1020010A,-1,T999A,K005A,RF-0119-001-PPP,9e-05,-1.0,VAL,2011,DDT (sum),DDT (sum),"DDT (sum of p,p'-DDT, o,p'-DDT, p-p'-DDE and p,p'-TDE (DDD) expressed as DDT)",RF-0119-001-PPP,0.04,True
4465,E73144C87985544E257CBEDDDC9D69A1,DE,DE,P1020010A,-1,T999A,K005A,RF-0119-001-PPP,0.001,4.0,VAL,2011,DDT (sum),DDT (sum),"DDT (sum of p,p'-DDT, o,p'-DDT, p-p'-DDE and p,p'-TDE (DDD) expressed as DDT)",RF-0119-001-PPP,0.04,True
4478,D2C54B2581902AA75CAA3D1962D5AFB1,DE,DE,P1020010A,-1,T999A,K005A,RF-0237-001-PPP,0.002,4.0,VAL,2011,Hexachlorobenzene,Hexachlorobenzene,Hexachlorobenzene,RF-0237-001-PPP,0.005,True
4488,3949100D3638A5D762A9A21BB718DADB,DE,DE,P1020010A,-1,T999A,K005A,RF-0237-001-PPP,0.004,4.0,VAL,2011,Hexachlorobenzene,Hexachlorobenzene,Hexachlorobenzene,RF-0237-001-PPP,0.005,True
4513,92064D11D09597A726D1C29599AACB63,DE,DE,P1020010A,-1,T999A,K005A,RF-0237-001-PPP,8e-05,-1.0,VAL,2011,Hexachlorobenzene,Hexachlorobenzene,Hexachlorobenzene,RF-0237-001-PPP,0.005,True
4522,92064D11D09597A726D1C29599AACB63,DE,DE,P1020010A,-1,T999A,K005A,RF-0119-001-PPP,0.00027,-1.0,VAL,2011,DDT (sum),DDT (sum),"DDT (sum of p,p'-DDT, o,p'-DDT, p-p'-DDE and p,p'-TDE (DDD) expressed as DDT)",RF-0119-001-PPP,0.04,True
4528,7BF4B729F3D0F07B65607DA879D152D5,DE,DE,P1020010A,-1,T999A,K005A,RF-0119-001-PPP,0.00036,-1.0,VAL,2011,DDT (sum),DDT (sum),"DDT (sum of p,p'-DDT, o,p'-DDT, p-p'-DDE and p,p'-TDE (DDD) expressed as DDT)",RF-0119-001-PPP,0.04,True
4530,EC93CEA59095FADEF6F2E5904C6717E2,DE,DE,P1020010A,-1,T999A,K005A,RF-0237-001-PPP,8e-05,-1.0,VAL,2011,Hexachlorobenzene,Hexachlorobenzene,Hexachlorobenzene,RF-0237-001-PPP,0.005,True
4551,162C635A1666EBFFD7C125FF634D8982,DE,DE,P1020010A,-1,T999A,K005A,RF-0237-001-PPP,8e-05,-1.0,VAL,2011,Hexachlorobenzene,Hexachlorobenzene,Hexachlorobenzene,RF-0237-001-PPP,0.005,True
4552,658761D37C15EE28721C59C2F19C7DC5,DE,DE,P1020010A,-1,T999A,K005A,RF-0237-001-PPP,0.002,4.0,VAL,2011,Hexachlorobenzene,Hexachlorobenzene,Hexachlorobenzene,RF-0237-001-PPP,0.005,True
4584,5438F2DC6EE074B22C2AF0DE3A8414E9,DE,DE,P1020010A,-1,T999A,K005A,RF-0237-001-PPP,0.002,4.0,VAL,2011,Hexachlorobenzene,Hexachlorobenzene,Hexachlorobenzene,RF-0237-001-PPP,0.005,True
4607,00F9679A9DA2CA8CBA4791ADCF5279DA,DE,DE,P1020010A,-1,T999A,K005A,RF-0237-001-PPP,0.00012,-1.0,VAL,2011,Hexachlorobenzene,Hexachlorobenzene,Hexachlorobenzene,RF-0237-001-PPP,0.005,True
4625,444490E6FA7309B9A14E8E93D6BC8F1B,DE,DE,P1020010A,-1,T999A,K005A,RF-0237-001-PPP,0.002,4.0,VAL,2011,Hexachlorobenzene,Hexachlorobenzene,Hexachlorobenzene,RF-0237-001-PPP,0.005,True
4642,98926E38ED7EDF33BA4667468F0D9927,DE,DE,P1020010A,-1,T999A,K005A,RF-0119-001-PPP,0.001,4.0,VAL,2011,DDT (sum),DDT (sum),"DDT (sum of p,p'-DDT, o,p'-DDT, p-p'-DDE and p,p'-TDE (DDD) expressed as DDT)",RF-0119-001-PPP,0.04,True
4643,EF47147246C6660039D825C6B05825F1,DE,DE,P1020010A,-1,T999A,K005A,RF-0119-001-PPP,0.001,4.0,VAL,2011,DDT (sum),DDT (sum),"DDT (sum of p,p'-DDT, o,p'-DDT, p-p'-DDE and p,p'-TDE (DDD) expressed as DDT)",RF-0119-001-PPP,0.04,True
4656,8700AD17113EC7137E02D23254C32D70,DE,DE,P1020010A,-1,T999A,K005A,RF-0119-001-PPP,0.001,4.0,VAL,2011,DDT (sum),DDT (sum),"DDT (sum of p,p'-DDT, o,p'-DDT, p-p'-DDE and p,p'-TDE (DDD) expressed as DDT)",RF-0119-001-PPP,0.04,True
4666,2B22D8BC736C4662A4D9A7B901E83793,DE,DE,P1020010A,-1,T999A,K005A,RF-0237-001-PPP,8e-05,-1.0,VAL,2011,Hexachlorobenzene,Hexachlorobenzene,Hexachlorobenzene,RF-0237-001-PPP,0.005,True
4667,CA456133727A9BA9585BEEC3ACA456C5,DE,DE,P1020010A,-1,T999A,K005A,RF-0119-001-PPP,9e-05,-1.0,VAL,2011,DDT (sum),DDT (sum),"DDT (sum of p,p'-DDT, o,p'-DDT, p-p'-DDE and p,p'-TDE (DDD) expressed as DDT)",RF-0119-001-PPP,0.04,True
4669,A24BAC69B97438BF180307DA102F21E0,DE,DE,P1020010A,-1,T999A,K005A,RF-0119-001-PPP,0.00031,-1.0,VAL,2011,DDT (sum),DDT (sum),"DDT (sum of p,p'-DDT, o,p'-DDT, p-p'-DDE and p,p'-TDE (DDD) expressed as DDT)",RF-0119-001-PPP,0.04,True
4672,E66327E497CC1B35B0FE00E71AD2D92E,DE,DE,P1020010A,-1,T999A,K005A,RF-0237-001-PPP,8e-05,-1.0,VAL,2011,Hexachlorobenzene,Hexachlorobenzene,Hexachlorobenzene,RF-0237-001-PPP,0.005,True
4679,CA456133727A9BA9585BEEC3ACA456C5,DE,DE,P1020010A,-1,T999A,K005A,RF-0237-001-PPP,8e-05,-1.0,VAL,2011,Hexachlorobenzene,Hexachlorobenzene,Hexachlorobenzene,RF-0237-001-PPP,0.005,True
4715,5F03034A1BBF0A4657F295DC45F144E7,DE,DE,P1020010A,-1,T999A,K005A,RF-0237-001-PPP,8e-05,-1.0,VAL,2011,Hexachlorobenzene,Hexachlorobenzene,Hexachlorobenzene,RF-0237-001-PPP,0.005,True
4753,EA5040B35E89FA12C1ACFF7B3462A6FC,DE,DE,P1020010A,-1,T999A,K005A,RF-0119-001-PPP,0.00017,-1.0,VAL,2011,DDT (sum),DDT (sum),"DDT (sum of p,p'-DDT, o,p'-DDT, p-p'-DDE and p,p'-TDE (DDD) expressed as DDT)",RF-0119-001-PPP,0.04,True
4778,8CB0130AC8EB8009772CD3A3A783A136,DE,DE,P1020010A,-1,T999A,K005A,RF-0237-001-PPP,0.003,4.0,VAL,2011,Hexachlorobenzene,Hexachlorobenzene,Hexachlorobenzene,RF-0237-001-PPP,0.005,True
4791,596F4BF120737140961B02D778AAC9C5,DE,DE,P1020010A,-1,T999A,K005A,RF-0237-001-PPP,8e-05,-1.0,VAL,2011,Hexachlorobenzene,Hexachlorobenzene,Hexachlorobenzene,RF-0237-001-PPP,0.005,True
4807,3E433F72973BB946EA0A419D77CB6D2A,DE,DE,P1020010A,-1,T999A,K005A,RF-0237-001-PPP,0.002,4.0,VAL,2011,Hexachlorobenzene,Hexachlorobenzene,Hexachlorobenzene,RF-0237-001-PPP,0.005,True
4823,125F56D888E7BE73A0C6016A1F215859,DE,DE,P1020010A,-1,T999A,K005A,RF-0119-001-PPP,0.0007,4.0,VAL,2011,DDT (sum),DDT (sum),"DDT (sum of p,p'-DDT, o,p'-DDT, p-p'-DDE and p,p'-TDE (DDD) expressed as DDT)",RF-0119-001-PPP,0.04,True
4834,5AD0D688DEC9DA583EBE6BCED75D5937,DE,DE,P1020010A,-1,T999A,K005A,RF-0237-001-PPP,0.001,4.0,VAL,2011,Hexachlorobenzene,Hexachlorobenzene,Hexachlorobenzene,RF-0237-001-PPP,0.005,True
4835,CB471F5F2E573FA0AAAB330AA59089B7,DE,DE,P1020010A,-1,T999A,K005A,RF-0119-001-PPP,0.001,4.0,VAL,2011,DDT (sum),DDT (sum),"DDT (sum of p,p'-DDT, o,p'-DDT, p-p'-DDE and p,p'-TDE (DDD) expressed as DDT)",RF-0119-001-PPP,0.04,True
4844,EE2DC7C8A34B1A6FD7C458E167D0D430,DE,DE,P1020010A,-1,T999A,K005A,RF-0263-001-PPP,0.0006,4.0,VAL,2011,Lindane,Lindane,Lindane (Gamma-isomer of hexachlorocyclohexane (HCH)),RF-0263-001-PPP,0.01,True
4853,0CEB13FACE9E1CE140F461AB6C2104CE,DE,DE,P1020010A,-1,T999A,K005A,RF-0119-001-PPP,0.00022,-1.0,VAL,2011,DDT (sum),DDT (sum),"DDT (sum of p,p'-DDT, o,p'-DDT, p-p'-DDE and p,p'-TDE (DDD) expressed as DDT)",RF-0119-001-PPP,0.04,True
4857,084397D040E00AB9DFFFAA0B3B85BC6D,DE,DE,P1020010A,-1,T999A,K005A,RF-0237-001-PPP,8e-05,-1.0,VAL,2011,Hexachlorobenzene,Hexachlorobenzene,Hexachlorobenzene,RF-0237-001-PPP,0.005,True
4863,D476D58FC1E112B3539313CEF74C3CEC,DE,DE,P1020010A,-1,T999A,K005A,RF-0119-001-PPP,0.00018,-1.0,VAL,2011,DDT (sum),DDT (sum),"DDT (sum of p,p'-DDT, o,p'-DDT, p-p'-DDE and p,p'-TDE (DDD) expressed as DDT)",RF-0119-001-PPP,0.04,True
4879,084397D040E00AB9DFFFAA0B3B85BC6D,DE,DE,P1020010A,-1,T999A,K005A,RF-0119-001-PPP,0.00031,-1.0,VAL,2011,DDT (sum),DDT (sum),"DDT (sum of p,p'-DDT, o,p'-DDT, p-p'-DDE and p,p'-TDE (DDD) expressed as DDT)",RF-0119-001-PPP,0.04,True
4889,11681AC37E66ACE55A6D544E307A12CB,DE,DE,P1020010A,-1,T999A,K005A,RF-0237-001-PPP,0.003,4.0,VAL,2011,Hexachlorobenzene,Hexachlorobenzene,Hexachlorobenzene,RF-0237-001-PPP,0.005,True
4896,B8A02800A6FB2956C0B7FBD4B255D789,DE,DE,P1020010A,-1,T999A,K005A,RF-0119-001-PPP,9e-05,-1.0,VAL,2011,DDT (sum),DDT (sum),"DDT (sum of p,p'-DDT, o,p'-DDT, p-p'-DDE and p,p'-TDE (DDD) expressed as DDT)",RF-0119-001-PPP,0.04,True
4899,B042C6A1D9D46BE5A85F0B2590D32137,DE,DE,P1020010A,-1,T999A,K005A,RF-0237-001-PPP,0.002,4.0,VAL,2011,Hexachlorobenzene,Hexachlorobenzene,Hexachlorobenzene,RF-0237-001-PPP,0.005,True
4916,32646C6E516E57C35B86A0BE8C0BDBD7,DE,DE,P1020010A,-1,T999A,K005A,RF-0119-001-PPP,0.00022,-1.0,VAL,2011,DDT (sum),DDT (sum),"DDT (sum of p,p'-DDT, o,p'-DDT, p-p'-DDE and p,p'-TDE (DDD) expressed as DDT)",RF-0119-001-PPP,0.04,True
4923,37366D23C89EA32A73C967669AF8BE53,DE,DE,P1020010A,-1,T999A,K005A,RF-0119-001-PPP,0.00016,-1.0,VAL,2011,DDT (sum),DDT (sum),"DDT (sum of p,p'-DDT, o,p'-DDT, p-p'-DDE and p,p'-TDE (DDD) expressed as DDT)",RF-0119-001-PPP,0.04,True
4933,FF2BD6FB57537A02763A499B0E51CA62,DE,DE,P1020010A,-1,T999A,K005A,RF-0119-001-PPP,0.0007,4.0,VAL,2011,DDT (sum),DDT (sum),"DDT (sum of p,p'-DDT, o,p'-DDT, p-p'-DDE and p,p'-TDE (DDD) expressed as DDT)",RF-0119-001-PPP,0.04,True
4943,1BC24968524F421581D7032B5EBCB4D3,DE,DE,P1020010A,-1,T999A,K005A,RF-0237-001-PPP,8e-05,-1.0,VAL,2011,Hexachlorobenzene,Hexachlorobenzene,Hexachlorobenzene,RF-0237-001-PPP,0.005,True
4945,32646C6E516E57C35B86A0BE8C0BDBD7,DE,DE,P1020010A,-1,T999A,K005A,RF-0237-001-PPP,8e-05,-1.0,VAL,2011,Hexachlorobenzene,Hexachlorobenzene,Hexachlorobenzene,RF-0237-001-PPP,0.005,True
4957,773F0ABC1128A848C5D0A1465C89BEF1,DE,DE,P1020010A,-1,T999A,K005A,RF-0119-001-PPP,9e-05,-1.0,VAL,2011,DDT (sum),DDT (sum),"DDT (sum of p,p'-DDT, o,p'-DDT, p-p'-DDE and p,p'-TDE (DDD) expressed as DDT)",RF-0119-001-PPP,0.04,True
4966,D4DB07689D24835BBB8A4BCA34C87559,DE,DE,P1020010A,-1,T999A,K005A,RF-0237-001-PPP,0.003,4.0,VAL,2011,Hexachlorobenzene,Hexachlorobenzene,Hexachlorobenzene,RF-0237-001-PPP,0.005,True
4978,0965BC1722F2FF3B32734A464E9F665C,DE,DE,P1020010A,-1,T999A,K005A,RF-0237-001-PPP,0.003,4.0,VAL,2011,Hexachlorobenzene,Hexachlorobenzene,Hexachlorobenzene,RF-0237-001-PPP,0.005,True
4993,5B4BDB9C91CCE4D48BA9790813FFF981,DE,DE,P1020010A,-1,T999A,K005A,RF-0237-001-PPP,0.002,4.0,VAL,2011,Hexachlorobenzene,Hexachlorobenzene,Hexachlorobenzene,RF-0237-001-PPP,0.005,True
5000,FCFBCDEC7A89C298D558922B2236033A,DE,DE,P1020010A,-1,T999A,K005A,RF-0237-001-PPP,0.002,4.0,VAL,2011,Hexachlorobenzene,Hexachlorobenzene,Hexachlorobenzene,RF-0237-001-PPP,0.005,True
5003,E2735A0C5EB00EC0E782C51DBE909EEC,DE,DE,P1020010A,-1,T999A,K005A,RF-0119-001-PPP,0.0009,4.0,VAL,2011,DDT (sum),DDT (sum),"DDT (sum of p,p'-DDT, o,p'-DDT, p-p'-DDE and p,p'-TDE (DDD) expressed as DDT)",RF-0119-001-PPP,0.04,True
5011,E73144C87985544E257CBEDDDC9D69A1,DE,DE,P1020010A,-1,T999A,K005A,RF-0237-001-PPP,0.003,4.0,VAL,2011,Hexachlorobenzene,Hexachlorobenzene,Hexachlorobenzene,RF-0237-001-PPP,0.005,True
5033,3D06329529F31D6EFE7C132A9C056755,DE,DE,P1020010A,-1,T999A,K005A,RF-0119-001-PPP,0.001,4.0,VAL,2011,DDT (sum),DDT (sum),"DDT (sum of p,p'-DDT, o,p'-DDT, p-p'-DDE and p,p'-TDE (DDD) expressed as DDT)",RF-0119-001-PPP,0.04,True
5064,BA327179AD3444489DBA3DAD3045D814,DE,DE,P1020010A,-1,T999A,K005A,RF-0237-001-PPP,4e-05,-1.0,VAL,2011,Hexachlorobenzene,Hexachlorobenzene,Hexachlorobenzene,RF-0237-001-PPP,0.005,True
5066,FD9046FB67F58CEB02329058F1A77F6A,DE,DE,P1020010A,-1,T999A,K005A,RF-0237-001-PPP,4e-05,-1.0,VAL,2011,Hexachlorobenzene,Hexachlorobenzene,Hexachlorobenzene,RF-0237-001-PPP,0.005,True
5070,A24BAC69B97438BF180307DA102F21E0,DE,DE,P1020010A,-1,T999A,K005A,RF-0237-001-PPP,0.00012,-1.0,VAL,2011,Hexachlorobenzene,Hexachlorobenzene,Hexachlorobenzene,RF-0237-001-PPP,0.005,True
5093,CB960EC3852C9017E27E269931D583B3,DE,DE,P1020010A,-1,T999A,K005A,RF-0119-001-PPP,0.0002,-1.0,VAL,2011,DDT (sum),DDT (sum),"DDT (sum of p,p'-DDT, o,p'-DDT, p-p'-DDE and p,p'-TDE (DDD) expressed as DDT)",RF-0119-001-PPP,0.04,True
5109,5438F2DC6EE074B22C2AF0DE3A8414E9,DE,DE,P1020010A,-1,T999A,K005A,RF-0119-001-PPP,0.0009,4.0,VAL,2011,DDT (sum),DDT (sum),"DDT (sum of p,p'-DDT, o,p'-DDT, p-p'-DDE and p,p'-TDE (DDD) expressed as DDT)",RF-0119-001-PPP,0.04,True
5112,D5467510CE1C22A108D573F6B77F7158,DE,DE,P1020010A,-1,T999A,K005A,RF-0119-001-PPP,0.00021,-1.0,VAL,2011,DDT (sum),DDT (sum),"DDT (sum of p,p'-DDT, o,p'-DDT, p-p'-DDE and p,p'-TDE (DDD) expressed as DDT)",RF-0119-001-PPP,0.04,True
5118,4B880471C7F3248EC1056A2AC213ECE7,DE,DE,P1020010A,-1,T999A,K005A,RF-0119-001-PPP,0.0009,4.0,VAL,2011,DDT (sum),DDT (sum),"DDT (sum of p,p'-DDT, o,p'-DDT, p-p'-DDE and p,p'-TDE (DDD) expressed as DDT)",RF-0119-001-PPP,0.04,True
5126,5B4BDB9C91CCE4D48BA9790813FFF981,DE,DE,P1020010A,-1,T999A,K005A,RF-0119-001-PPP,0.001,4.0,VAL,2011,DDT (sum),DDT (sum),"DDT (sum of p,p'-DDT, o,p'-DDT, p-p'-DDE and p,p'-TDE (DDD) expressed as DDT)",RF-0119-001-PPP,0.04,True
5136,8B7005CDB0F9B286353C79952122C3E7,DE,DE,P1020010A,-1,T999A,K005A,RF-0237-001-PPP,8e-05,-1.0,VAL,2011,Hexachlorobenzene,Hexachlorobenzene,Hexachlorobenzene,RF-0237-001-PPP,0.005,True
5147,0FD555829FBF185EEA57EC4915BA7A9D,DE,DE,P1020010A,-1,T999A,K005A,RF-0119-001-PPP,0.00029,-1.0,VAL,2011,DDT (sum),DDT (sum),"DDT (sum of p,p'-DDT, o,p'-DDT, p-p'-DDE and p,p'-TDE (DDD) expressed as DDT)",RF-0119-001-PPP,0.04,True
5152,07037C5A8C5BB77BA5A8221542F0AF1B,DE,DE,P1020010A,-1,T999A,K005A,RF-0237-001-PPP,8e-05,-1.0,VAL,2011,Hexachlorobenzene,Hexachlorobenzene,Hexachlorobenzene,RF-0237-001-PPP,0.005,True
5159,7A830744ED006FAF5139AFA70C740552,DE,DE,P1020010A,-1,T999A,K005A,RF-0237-001-PPP,0.002,4.0,VAL,2011,Hexachlorobenzene,Hexachlorobenzene,Hexachlorobenzene,RF-0237-001-PPP,0.005,True
5185,FB08980E674BAAF5FB8B2822995E9971,DE,DE,P1020010A,-1,T999A,K005A,RF-0237-001-PPP,8e-05,-1.0,VAL,2011,Hexachlorobenzene,Hexachlorobenzene,Hexachlorobenzene,RF-0237-001-PPP,0.005,True
5200,A3A4CE179C1FACD0369A37C43E711D0A,DE,DE,P1020010A,-1,T999A,K005A,RF-0119-001-PPP,0.002,-1.0,VAL,2011,DDT (sum),DDT (sum),"DDT (sum of p,p'-DDT, o,p'-DDT, p-p'-DDE and p,p'-TDE (DDD) expressed as DDT)",RF-0119-001-PPP,0.04,True
5208,190E7C64E619753ABD15280BFBC5CD62,DE,DE,P1020010A,-1,T999A,K005A,RF-0237-001-PPP,0.002,4.0,VAL,2011,Hexachlorobenzene,Hexachlorobenzene,Hexachlorobenzene,RF-0237-001-PPP,0.005,True
5226,EE2DC7C8A34B1A6FD7C458E167D0D430,DE,DE,P1020010A,-1,T999A,K005A,RF-0119-001-PPP,0.002,4.0,VAL,2011,DDT (sum),DDT (sum),"DDT (sum of p,p'-DDT, o,p'-DDT, p-p'-DDE and p,p'-TDE (DDD) expressed as DDT)",RF-0119-001-PPP,0.04,True
5227,0C83A16D1461F9F1B0340BC8448DD400,DE,DE,P1020010A,-1,T999A,K005A,RF-0237-001-PPP,0.002,4.0,VAL,2011,Hexachlorobenzene,Hexachlorobenzene,Hexachlorobenzene,RF-0237-001-PPP,0.005,True
5248,EAAF89C7A9EB39C3DF98CC4E8E4FA97D,DE,DE,P1020010A,-1,T999A,K005A,RF-0119-001-PPP,0.001,4.0,VAL,2011,DDT (sum),DDT (sum),"DDT (sum of p,p'-DDT, o,p'-DDT, p-p'-DDE and p,p'-TDE (DDD) expressed as DDT)",RF-0119-001-PPP,0.04,True
5251,748B8428B2B98DBC56D026F70E53C406,DE,DE,P1020010A,-1,T999A,K005A,RF-0119-001-PPP,0.001,4.0,VAL,2011,DDT (sum),DDT (sum),"DDT (sum of p,p'-DDT, o,p'-DDT, p-p'-DDE and p,p'-TDE (DDD) expressed as DDT)",RF-0119-001-PPP,0.04,True
5252,5595F8C97C060D649A0010DA8E032887,DE,DE,P1020010A,-1,T999A,K005A,RF-0237-001-PPP,0.002,4.0,VAL,2011,Hexachlorobenzene,Hexachlorobenzene,Hexachlorobenzene,RF-0237-001-PPP,0.005,True
5270,827277784F4FD2244A1EDD22138C769E,DE,DE,P1020010A,-1,T999A,K005A,RF-0119-001-PPP,0.00018,-1.0,VAL,2011,DDT (sum),DDT (sum),"DDT (sum of p,p'-DDT, o,p'-DDT, p-p'-DDE and p,p'-TDE (DDD) expressed as DDT)",RF-0119-001-PPP,0.04,True
5278,0CEB13FACE9E1CE140F461AB6C2104CE,DE,DE,P1020010A,-1,T999A,K005A,RF-0237-001-PPP,8e-05,-1.0,VAL,2011,Hexachlorobenzene,Hexachlorobenzene,Hexachlorobenzene,RF-0237-001-PPP,0.005,True
5281,827277784F4FD2244A1EDD22138C769E,DE,DE,P1020010A,-1,T999A,K005A,RF-0237-001-PPP,8e-05,-1.0,VAL,2011,Hexachlorobenzene,Hexachlorobenzene,Hexachlorobenzene,RF-0237-001-PPP,0.005,True
5301,FCFBCDEC7A89C298D558922B2236033A,DE,DE,P1020010A,-1,T999A,K005A,RF-0119-001-PPP,0.0007,4.0,VAL,2011,DDT (sum),DDT (sum),"DDT (sum of p,p'-DDT, o,p'-DDT, p-p'-DDE and p,p'-TDE (DDD) expressed as DDT)",RF-0119-001-PPP,0.04,True
5313,CAE8BDF9CF547272209590CA7F5D54F7,DE,DE,P1020010A,-1,T999A,K005A,RF-0237-001-PPP,8e-05,-1.0,VAL,2011,Hexachlorobenzene,Hexachlorobenzene,Hexachlorobenzene,RF-0237-001-PPP,0.005,True
5405,ADFD806F8BEEFCEF3012969B79589E63,DE,DE,P1020010A,-1,T999A,K005A,RF-0119-001-PPP,0.002,4.0,VAL,2011,DDT (sum),DDT (sum),"DDT (sum of p,p'-DDT, o,p'-DDT, p-p'-DDE and p,p'-TDE (DDD) expressed as DDT)",RF-0119-001-PPP,0.04,True
5428,86415F0EF08ECEBF180E333741835DFE,DE,DE,P1020010A,-1,T999A,K005A,RF-0237-001-PPP,0.002,4.0,VAL,2011,Hexachlorobenzene,Hexachlorobenzene,Hexachlorobenzene,RF-0237-001-PPP,0.005,True
5458,2E2E7062DB7049C86DA9632895592AC5,DE,DE,P1020010A,-1,T999A,K005A,RF-0119-001-PPP,0.0008,4.0,VAL,2011,DDT (sum),DDT (sum),"DDT (sum of p,p'-DDT, o,p'-DDT, p-p'-DDE and p,p'-TDE (DDD) expressed as DDT)",RF-0119-001-PPP,0.04,True
5461,EF47147246C6660039D825C6B05825F1,DE,DE,P1020010A,-1,T999A,K005A,RF-0237-001-PPP,0.002,4.0,VAL,2011,Hexachlorobenzene,Hexachlorobenzene,Hexachlorobenzene,RF-0237-001-PPP,0.005,True
5468,04AD05635A24B1C2A6FD30B97DD6414E,DE,DE,P1020010A,-1,T999A,K005A,RF-0237-001-PPP,0.002,4.0,VAL,2011,Hexachlorobenzene,Hexachlorobenzene,Hexachlorobenzene,RF-0237-001-PPP,0.005,True
5470,3761D5C9348C006C670219A295AB2675,DE,DE,P1020010A,-1,T999A,K005A,RF-0237-001-PPP,0.002,4.0,VAL,2011,Hexachlorobenzene,Hexachlorobenzene,Hexachlorobenzene,RF-0237-001-PPP,0.005,True
5471,54F5C0F6747C5F0186744F265BE5CCA0,DE,DE,P1020010A,-1,T999A,K005A,RF-0119-001-PPP,0.0007,4.0,VAL,2011,DDT (sum),DDT (sum),"DDT (sum of p,p'-DDT, o,p'-DDT, p-p'-DDE and p,p'-TDE (DDD) expressed as DDT)",RF-0119-001-PPP,0.04,True
5472,30ACBD61D36303AD30DCF3F8A0DCE9B7,DE,DE,P1020010A,-1,T999A,K005A,RF-0119-001-PPP,0.001,4.0,VAL,2011,DDT (sum),DDT (sum),"DDT (sum of p,p'-DDT, o,p'-DDT, p-p'-DDE and p,p'-TDE (DDD) expressed as DDT)",RF-0119-001-PPP,0.04,True
5480,838A8B2B808EB25F17245B381478F31E,DE,DE,P1020010A,-1,T999A,K005A,RF-0119-001-PPP,0.001,4.0,VAL,2011,DDT (sum),DDT (sum),"DDT (sum of p,p'-DDT, o,p'-DDT, p-p'-DDE and p,p'-TDE (DDD) expressed as DDT)",RF-0119-001-PPP,0.04,True
5491,748B8428B2B98DBC56D026F70E53C406,DE,DE,P1020010A,-1,T999A,K005A,RF-0237-001-PPP,0.002,4.0,VAL,2011,Hexachlorobenzene,Hexachlorobenzene,Hexachlorobenzene,RF-0237-001-PPP,0.005,True
5505,E66327E497CC1B35B0FE00E71AD2D92E,DE,DE,P1020010A,-1,T999A,K005A,RF-0119-001-PPP,0.00018,-1.0,VAL,2011,DDT (sum),DDT (sum),"DDT (sum of p,p'-DDT, o,p'-DDT, p-p'-DDE and p,p'-TDE (DDD) expressed as DDT)",RF-0119-001-PPP,0.04,True
5517,702120192DB06DBF11A28E19B0208D07,DE,DE,P1020010A,-1,T999A,K005A,RF-0237-001-PPP,0.002,4.0,VAL,2011,Hexachlorobenzene,Hexachlorobenzene,Hexachlorobenzene,RF-0237-001-PPP,0.005,True
5527,161CA52B849F61DEEF835032B5894F6E,DE,DE,P1020010A,-1,T999A,K005A,RF-0237-001-PPP,8e-05,-1.0,VAL,2011,Hexachlorobenzene,Hexachlorobenzene,Hexachlorobenzene,RF-0237-001-PPP,0.005,True
5536,6252D31240777DC6B0FF7F87604EFEDA,DE,DE,P1020010A,-1,T999A,K005A,RF-0119-001-PPP,0.002,4.0,VAL,2011,DDT (sum),DDT (sum),"DDT (sum of p,p'-DDT, o,p'-DDT, p-p'-DDE and p,p'-TDE (DDD) expressed as DDT)",RF-0119-001-PPP,0.04,True
5542,A82A89866972D6AA411535BF9AEA3562,DE,DE,P1020010A,-1,T999A,K005A,RF-0237-001-PPP,8e-05,-1.0,VAL,2011,Hexachlorobenzene,Hexachlorobenzene,Hexachlorobenzene,RF-0237-001-PPP,0.005,True
5543,042BC0D800F059F7E184525EA60B119F,DE,DE,P1020010A,-1,T999A,K005A,RF-0237-001-PPP,0.002,4.0,VAL,2011,Hexachlorobenzene,Hexachlorobenzene,Hexachlorobenzene,RF-0237-001-PPP,0.005,True
5555,D0CF0C393B5A9DD2CAA6AB0F0C9ABF26,DE,DE,P1020010A,-1,T999A,K005A,RF-0237-001-PPP,0.002,4.0,VAL,2011,Hexachlorobenzene,Hexachlorobenzene,Hexachlorobenzene,RF-0237-001-PPP,0.005,True
5583,4B880471C7F3248EC1056A2AC213ECE7,DE,DE,P1020010A,-1,T999A,K005A,RF-0237-001-PPP,0.003,4.0,VAL,2011,Hexachlorobenzene,Hexachlorobenzene,Hexachlorobenzene,RF-0237-001-PPP,0.005,True
5585,738F5805CB8B705D28E9F5842A41C110,DE,DE,P1020010A,-1,T999A,K005A,RF-0119-001-PPP,0.002,4.0,VAL,2011,DDT (sum),DDT (sum),"DDT (sum of p,p'-DDT, o,p'-DDT, p-p'-DDE and p,p'-TDE (DDD) expressed as DDT)",RF-0119-001-PPP,0.04,True
5592,098CAA4C14F0C956C7210687016E155A,DE,DE,P1020010A,-1,T999A,K005A,RF-0237-001-PPP,8e-05,-1.0,VAL,2011,Hexachlorobenzene,Hexachlorobenzene,Hexachlorobenzene,RF-0237-001-PPP,0.005,True
5603,190E7C64E619753ABD15280BFBC5CD62,DE,DE,P1020010A,-1,T999A,K005A,RF-0119-001-PPP,0.0009,4.0,VAL,2011,DDT (sum),DDT (sum),"DDT (sum of p,p'-DDT, o,p'-DDT, p-p'-DDE and p,p'-TDE (DDD) expressed as DDT)",RF-0119-001-PPP,0.04,True
5610,FA20A4BA1E5C713215F88AF7E98ACE83,DE,DE,P1020010A,-1,T999A,K005A,RF-0119-001-PPP,0.002,4.0,VAL,2011,DDT (sum),DDT (sum),"DDT (sum of p,p'-DDT, o,p'-DDT, p-p'-DDE and p,p'-TDE (DDD) expressed as DDT)",RF-0119-001-PPP,0.04,True
5629,1BC24968524F421581D7032B5EBCB4D3,DE,DE,P1020010A,-1,T999A,K005A,RF-0119-001-PPP,0.00018,-1.0,VAL,2011,DDT (sum),DDT (sum),"DDT (sum of p,p'-DDT, o,p'-DDT, p-p'-DDE and p,p'-TDE (DDD) expressed as DDT)",RF-0119-001-PPP,0.04,True
5637,300B7C76881D5C917C3521BD3EB61006,DE,DE,P1020010A,-1,T999A,K005A,RF-0237-001-PPP,0.002,4.0,VAL,2011,Hexachlorobenzene,Hexachlorobenzene,Hexachlorobenzene,RF-0237-001-PPP,0.005,True
5647,1873B51E60DC2E8603A479BE237C775A,DE,DE,P1020010A,-1,T999A,K005A,RF-0119-001-PPP,0.001115,-1.0,VAL,2011,DDT (sum),DDT (sum),"DDT (sum of p,p'-DDT, o,p'-DDT, p-p'-DDE and p,p'-TDE (DDD) expressed as DDT)",RF-0119-001-PPP,0.04,True
5649,ADFD806F8BEEFCEF3012969B79589E63,DE,DE,P1020010A,-1,T999A,K005A,RF-0237-001-PPP,0.002,4.0,VAL,2011,Hexachlorobenzene,Hexachlorobenzene,Hexachlorobenzene,RF-0237-001-PPP,0.005,True
5666,6252D31240777DC6B0FF7F87604EFEDA,DE,DE,P1020010A,-1,T999A,K005A,RF-0237-001-PPP,0.002,4.0,VAL,2011,Hexachlorobenzene,Hexachlorobenzene,Hexachlorobenzene,RF-0237-001-PPP,0.005,True
5668,773F0ABC1128A848C5D0A1465C89BEF1,DE,DE,P1020010A,-1,T999A,K005A,RF-0237-001-PPP,8e-05,-1.0,VAL,2011,Hexachlorobenzene,Hexachlorobenzene,Hexachlorobenzene,RF-0237-001-PPP,0.005,True
5676,20F816EFEF4891273C388ED18C42FDDC,DE,DE,P1020010A,-1,T999A,K005A,RF-0119-001-PPP,0.002,4.0,VAL,2011,DDT (sum),DDT (sum),"DDT (sum of p,p'-DDT, o,p'-DDT, p-p'-DDE and p,p'-TDE (DDD) expressed as DDT)",RF-0119-001-PPP,0.04,True
5682,7172527A62DF3623E453FDF5F0D4A7F8,DE,DE,P1020010A,-1,T999A,K005A,RF-0237-001-PPP,4e-05,-1.0,VAL,2011,Hexachlorobenzene,Hexachlorobenzene,Hexachlorobenzene,RF-0237-001-PPP,0.005,True
5705,7C8C4E07C15E8812D64EE10C3B55DF7E,DE,DE,P1020010A,-1,T999A,K005A,RF-0119-001-PPP,0.001,4.0,VAL,2011,DDT (sum),DDT (sum),"DDT (sum of p,p'-DDT, o,p'-DDT, p-p'-DDE and p,p'-TDE (DDD) expressed as DDT)",RF-0119-001-PPP,0.04,True
5707,84F01FB61CF9E1AFF6469627983AB440,DE,DE,P1020010A,-1,T999A,K005A,RF-0119-001-PPP,0.0008,4.0,VAL,2011,DDT (sum),DDT (sum),"DDT (sum of p,p'-DDT, o,p'-DDT, p-p'-DDE and p,p'-TDE (DDD) expressed as DDT)",RF-0119-001-PPP,0.04,True
5714,FB9C2D2D1C661D5195646A29C1A4A135,DE,DE,P1020010A,-1,T999A,K005A,RF-0119-001-PPP,0.0007,4.0,VAL,2011,DDT (sum),DDT (sum),"DDT (sum of p,p'-DDT, o,p'-DDT, p-p'-DDE and p,p'-TDE (DDD) expressed as DDT)",RF-0119-001-PPP,0.04,True
5727,4BBDCAF5501A1FDF727CDEE69241C144,DE,DE,P1020010A,-1,T999A,K005A,RF-0119-001-PPP,0.001,4.0,VAL,2011,DDT (sum),DDT (sum),"DDT (sum of p,p'-DDT, o,p'-DDT, p-p'-DDE and p,p'-TDE (DDD) expressed as DDT)",RF-0119-001-PPP,0.04,True
5773,A82A89866972D6AA411535BF9AEA3562,DE,DE,P1020010A,-1,T999A,K005A,RF-0119-001-PPP,0.00061,-1.0,VAL,2011,DDT (sum),DDT (sum),"DDT (sum of p,p'-DDT, o,p'-DDT, p-p'-DDE and p,p'-TDE (DDD) expressed as DDT)",RF-0119-001-PPP,0.04,True
5774,96B55A2BA43DD7B858AD1E86F95CA8E0,DE,DE,P1020010A,-1,T999A,K005A,RF-0237-001-PPP,0.002,4.0,VAL,2011,Hexachlorobenzene,Hexachlorobenzene,Hexachlorobenzene,RF-0237-001-PPP,0.005,True
5789,738F5805CB8B705D28E9F5842A41C110,DE,DE,P1020010A,-1,T999A,K005A,RF-0237-001-PPP,0.002,4.0,VAL,2011,Hexachlorobenzene,Hexachlorobenzene,Hexachlorobenzene,RF-0237-001-PPP,0.005,True
5792,F271E811D344749754933C3771435265,DE,DE,P1020010A,-1,T999A,K005A,RF-0119-001-PPP,0.0007,4.0,VAL,2011,DDT (sum),DDT (sum),"DDT (sum of p,p'-DDT, o,p'-DDT, p-p'-DDE and p,p'-TDE (DDD) expressed as DDT)",RF-0119-001-PPP,0.04,True
5833,559982F23B8DCF4CF04EAC68FBD2F903,DE,DE,P1020010A,-1,T999A,K005A,RF-0237-001-PPP,0.003,4.0,VAL,2011,Hexachlorobenzene,Hexachlorobenzene,Hexachlorobenzene,RF-0237-001-PPP,0.005,True
5838,EDA7586F768F8C1F4F2A007A91B33D26,DE,DE,P1020010A,-1,T999A,K005A,RF-0237-001-PPP,4e-05,-1.0,VAL,2011,Hexachlorobenzene,Hexachlorobenzene,Hexachlorobenzene,RF-0237-001-PPP,0.005,True
5858,1115EC9170D03ADA206779DDCD1DF10A,DE,DE,P1020010A,-1,T999A,K005A,RF-0119-001-PPP,0.0009,4.0,VAL,2011,DDT (sum),DDT (sum),"DDT (sum of p,p'-DDT, o,p'-DDT, p-p'-DDE and p,p'-TDE (DDD) expressed as DDT)",RF-0119-001-PPP,0.04,True
5864,702120192DB06DBF11A28E19B0208D07,DE,DE,P1020010A,-1,T999A,K005A,RF-0119-001-PPP,0.001,4.0,VAL,2011,DDT (sum),DDT (sum),"DDT (sum of p,p'-DDT, o,p'-DDT, p-p'-DDE and p,p'-TDE (DDD) expressed as DDT)",RF-0119-001-PPP,0.04,True
5892,658761D37C15EE28721C59C2F19C7DC5,DE,DE,P1020010A,-1,T999A,K005A,RF-0119-001-PPP,0.0009,4.0,VAL,2011,DDT (sum),DDT (sum),"DDT (sum of p,p'-DDT, o,p'-DDT, p-p'-DDE and p,p'-TDE (DDD) expressed as DDT)",RF-0119-001-PPP,0.04,True
5914,B8A02800A6FB2956C0B7FBD4B255D789,DE,DE,P1020010A,-1,T999A,K005A,RF-0237-001-PPP,0.00012,-1.0,VAL,2011,Hexachlorobenzene,Hexachlorobenzene,Hexachlorobenzene,RF-0237-001-PPP,0.005,True
5917,98FBD27431B8F3BD23F710031EE19318,DE,DE,P1020010A,-1,T999A,K005A,RF-0237-001-PPP,0.002,4.0,VAL,2011,Hexachlorobenzene,Hexachlorobenzene,Hexachlorobenzene,RF-0237-001-PPP,0.005,True
5920,444490E6FA7309B9A14E8E93D6BC8F1B,DE,DE,P1020010A,-1,T999A,K005A,RF-0119-001-PPP,0.001,4.0,VAL,2011,DDT (sum),DDT (sum),"DDT (sum of p,p'-DDT, o,p'-DDT, p-p'-DDE and p,p'-TDE (DDD) expressed as DDT)",RF-0119-001-PPP,0.04,True
5942,7A830744ED006FAF5139AFA70C740552,DE,DE,P1020010A,-1,T999A,K005A,RF-0119-001-PPP,0.0006,4.0,VAL,2011,DDT (sum),DDT (sum),"DDT (sum of p,p'-DDT, o,p'-DDT, p-p'-DDE and p,p'-TDE (DDD) expressed as DDT)",RF-0119-001-PPP,0.04,True
5949,FBC885127BC143B925D0818A1EC771D5,DE,DE,P1020010A,-1,T999A,K005A,RF-0119-001-PPP,8e-05,-1.0,VAL,2011,DDT (sum),DDT (sum),"DDT (sum of p,p'-DDT, o,p'-DDT, p-p'-DDE and p,p'-TDE (DDD) expressed as DDT)",RF-0119-001-PPP,0.04,True
5964,0C83A16D1461F9F1B0340BC8448DD400,DE,DE,P1020010A,-1,T999A,K005A,RF-0119-001-PPP,0.0006,4.0,VAL,2011,DDT (sum),DDT (sum),"DDT (sum of p,p'-DDT, o,p'-DDT, p-p'-DDE and p,p'-TDE (DDD) expressed as DDT)",RF-0119-001-PPP,0.04,True
5970,EAAF89C7A9EB39C3DF98CC4E8E4FA97D,DE,DE,P1020010A,-1,T999A,K005A,RF-0237-001-PPP,0.002,4.0,VAL,2011,Hexachlorobenzene,Hexachlorobenzene,Hexachlorobenzene,RF-0237-001-PPP,0.005,True
5975,FB9C2D2D1C661D5195646A29C1A4A135,DE,DE,P1020010A,-1,T999A,K005A,RF-0237-001-PPP,0.002,4.0,VAL,2011,Hexachlorobenzene,Hexachlorobenzene,Hexachlorobenzene,RF-0237-001-PPP,0.005,True
5982,2E2E7062DB7049C86DA9632895592AC5,DE,DE,P1020010A,-1,T999A,K005A,RF-0237-001-PPP,0.002,4.0,VAL,2011,Hexachlorobenzene,Hexachlorobenzene,Hexachlorobenzene,RF-0237-001-PPP,0.005,True
6000,29B1A232D2BAECFB829C2D21A0FC394B,DE,DE,P1020010A,-1,T999A,K005A,RF-0119-001-PPP,0.00031,-1.0,VAL,2011,DDT (sum),DDT (sum),"DDT (sum of p,p'-DDT, o,p'-DDT, p-p'-DDE and p,p'-TDE (DDD) expressed as DDT)",RF-0119-001-PPP,0.04,True
6001,B15D3AEF2D8ED1774C9FB3DAD68880E6,DE,DE,P1020010A,-1,T999A,K005A,RF-0237-001-PPP,8e-05,-1.0,VAL,2011,Hexachlorobenzene,Hexachlorobenzene,Hexachlorobenzene,RF-0237-001-PPP,0.005,True
6012,2B22D8BC736C4662A4D9A7B901E83793,DE,DE,P1020010A,-1,T999A,K005A,RF-0119-001-PPP,9e-05,-1.0,VAL,2011,DDT (sum),DDT (sum),"DDT (sum of p,p'-DDT, o,p'-DDT, p-p'-DDE and p,p'-TDE (DDD) expressed as DDT)",RF-0119-001-PPP,0.04,True
6029,12579F5134F83004DAEFA08D46F89FC4,DE,DE,P1020010A,-1,T999A,K005A,RF-0237-001-PPP,8e-05,-1.0,VAL,2011,Hexachlorobenzene,Hexachlorobenzene,Hexachlorobenzene,RF-0237-001-PPP,0.005,True
6042,3E433F72973BB946EA0A419D77CB6D2A,DE,DE,P1020010A,-1,T999A,K005A,RF-0119-001-PPP,0.0009,4.0,VAL,2011,DDT (sum),DDT (sum),"DDT (sum of p,p'-DDT, o,p'-DDT, p-p'-DDE and p,p'-TDE (DDD) expressed as DDT)",RF-0119-001-PPP,0.04,True
6046,0FD555829FBF185EEA57EC4915BA7A9D,DE,DE,P1020010A,-1,T999A,K005A,RF-0237-001-PPP,8e-05,-1.0,VAL,2011,Hexachlorobenzene,Hexachlorobenzene,Hexachlorobenzene,RF-0237-001-PPP,0.005,True
6053,125F56D888E7BE73A0C6016A1F215859,DE,DE,P1020010A,-1,T999A,K005A,RF-0237-001-PPP,0.002,4.0,VAL,2011,Hexachlorobenzene,Hexachlorobenzene,Hexachlorobenzene,RF-0237-001-PPP,0.005,True
6054,F271E811D344749754933C3771435265,DE,DE,P1020010A,-1,T999A,K005A,RF-0237-001-PPP,0.003,4.0,VAL,2011,Hexachlorobenzene,Hexachlorobenzene,Hexachlorobenzene,RF-0237-001-PPP,0.005,True
6081,559982F23B8DCF4CF04EAC68FBD2F903,DE,DE,P1020010A,-1,T999A,K005A,RF-0119-001-PPP,0.0006,4.0,VAL,2011,DDT (sum),DDT (sum),"DDT (sum of p,p'-DDT, o,p'-DDT, p-p'-DDE and p,p'-TDE (DDD) expressed as DDT)",RF-0119-001-PPP,0.04,True
6116,0965BC1722F2FF3B32734A464E9F665C,DE,DE,P1020010A,-1,T999A,K005A,RF-0119-001-PPP,0.001,4.0,VAL,2011,DDT (sum),DDT (sum),"DDT (sum of p,p'-DDT, o,p'-DDT, p-p'-DDE and p,p'-TDE (DDD) expressed as DDT)",RF-0119-001-PPP,0.04,True
6128,638FC938CA6D26908D6DCC152730952D,DE,DE,P1020010A,-1,T999A,K005A,RF-0237-001-PPP,0.00012,-1.0,VAL,2011,Hexachlorobenzene,Hexachlorobenzene,Hexachlorobenzene,RF-0237-001-PPP,0.005,True
6158,98FBD27431B8F3BD23F710031EE19318,DE,DE,P1020010A,-1,T999A,K005A,RF-0119-001-PPP,0.001,4.0,VAL,2011,DDT (sum),DDT (sum),"DDT (sum of p,p'-DDT, o,p'-DDT, p-p'-DDE and p,p'-TDE (DDD) expressed as DDT)",RF-0119-001-PPP,0.04,True
6165,5F03034A1BBF0A4657F295DC45F144E7,DE,DE,P1020010A,-1,T999A,K005A,RF-0119-001-PPP,0.00049,-1.0,VAL,2011,DDT (sum),DDT (sum),"DDT (sum of p,p'-DDT, o,p'-DDT, p-p'-DDE and p,p'-TDE (DDD) expressed as DDT)",RF-0119-001-PPP,0.04,True
6170,250FD60001552A224F9E814676F57E31,DE,DE,P1020010A,-1,T999A,K005A,RF-0237-001-PPP,8e-05,-1.0,VAL,2011,Hexachlorobenzene,Hexachlorobenzene,Hexachlorobenzene,RF-0237-001-PPP,0.005,True
6191,CF6D3E5F8EE39CF7053E256DA8480F8C,DE,DE,P1020010A,-1,T999A,K005A,RF-0237-001-PPP,0.002,4.0,VAL,2011,Hexachlorobenzene,Hexachlorobenzene,Hexachlorobenzene,RF-0237-001-PPP,0.005,True
6193,D12FC5FF7EF442C887775992C728F0DF,DE,DE,P1020010A,-1,T999A,K005A,RF-0237-001-PPP,0.002,4.0,VAL,2011,Hexachlorobenzene,Hexachlorobenzene,Hexachlorobenzene,RF-0237-001-PPP,0.005,True
6210,E2735A0C5EB00EC0E782C51DBE909EEC,DE,DE,P1020010A,-1,T999A,K005A,RF-0237-001-PPP,0.003,4.0,VAL,2011,Hexachlorobenzene,Hexachlorobenzene,Hexachlorobenzene,RF-0237-001-PPP,0.005,True
6215,07037C5A8C5BB77BA5A8221542F0AF1B,DE,DE,P1020010A,-1,T999A,K005A,RF-0119-001-PPP,0.00012,-1.0,VAL,2011,DDT (sum),DDT (sum),"DDT (sum of p,p'-DDT, o,p'-DDT, p-p'-DDE and p,p'-TDE (DDD) expressed as DDT)",RF-0119-001-PPP,0.04,True
6224,1115EC9170D03ADA206779DDCD1DF10A,DE,DE,P1020010A,-1,T999A,K005A,RF-0239-002-PPP,0.0006,4.0,VAL,2011,HCH-beta,HCH-beta,"Hexachlorocyclohexane (HCH), beta-isomer",RF-0239-002-PPP,0.01,True
6225,EA5040B35E89FA12C1ACFF7B3462A6FC,DE,DE,P1020010A,-1,T999A,K005A,RF-0237-001-PPP,8e-05,-1.0,VAL,2011,Hexachlorobenzene,Hexachlorobenzene,Hexachlorobenzene,RF-0237-001-PPP,0.005,True
6239,3761D5C9348C006C670219A295AB2675,DE,DE,P1020010A,-1,T999A,K005A,RF-0119-001-PPP,0.002,4.0,VAL,2011,DDT (sum),DDT (sum),"DDT (sum of p,p'-DDT, o,p'-DDT, p-p'-DDE and p,p'-TDE (DDD) expressed as DDT)",RF-0119-001-PPP,0.04,True
6263,4BBDCAF5501A1FDF727CDEE69241C144,DE,DE,P1020010A,-1,T999A,K005A,RF-0237-001-PPP,0.002,4.0,VAL,2011,Hexachlorobenzene,Hexachlorobenzene,Hexachlorobenzene,RF-0237-001-PPP,0.005,True
6294,D4DB07689D24835BBB8A4BCA34C87559,DE,DE,P1020010A,-1,T999A,K005A,RF-0119-001-PPP,0.0009,4.0,VAL,2011,DDT (sum),DDT (sum),"DDT (sum of p,p'-DDT, o,p'-DDT, p-p'-DDE and p,p'-TDE (DDD) expressed as DDT)",RF-0119-001-PPP,0.04,True
6295,D5467510CE1C22A108D573F6B77F7158,DE,DE,P1020010A,-1,T999A,K005A,RF-0237-001-PPP,0.00012,-1.0,VAL,2011,Hexachlorobenzene,Hexachlorobenzene,Hexachlorobenzene,RF-0237-001-PPP,0.005,True
6348,49F41F5117B3E13DB880F9B090B8C142,DE,DE,P1020010A,-1,T999A,K005A,RF-0237-001-PPP,0.002,4.0,VAL,2011,Hexachlorobenzene,Hexachlorobenzene,Hexachlorobenzene,RF-0237-001-PPP,0.005,True
6356,F8EC942F77FBE52053FF95BA3731EA8E,DE,DE,P1020010A,-1,T999A,K005A,RF-0237-001-PPP,0.00012,-1.0,VAL,2011,Hexachlorobenzene,Hexachlorobenzene,Hexachlorobenzene,RF-0237-001-PPP,0.005,True
6366,BBEDD3C9D822EF4B1D8023347A67CE7C,DE,DE,P1020010A,-1,T999A,K005A,RF-0237-001-PPP,0.003,4.0,VAL,2011,Hexachlorobenzene,Hexachlorobenzene,Hexachlorobenzene,RF-0237-001-PPP,0.005,True
6387,EE0AE1B38C1944182C395CE9761BB6B6,DE,DE,P1020010A,-1,T999A,K005A,RF-0237-001-PPP,8e-05,-1.0,VAL,2011,Hexachlorobenzene,Hexachlorobenzene,Hexachlorobenzene,RF-0237-001-PPP,0.005,True
6393,BBEDD3C9D822EF4B1D8023347A67CE7C,DE,DE,P1020010A,-1,T999A,K005A,RF-0119-001-PPP,0.002,4.0,VAL,2011,DDT (sum),DDT (sum),"DDT (sum of p,p'-DDT, o,p'-DDT, p-p'-DDE and p,p'-TDE (DDD) expressed as DDT)",RF-0119-001-PPP,0.04,True
6426,11681AC37E66ACE55A6D544E307A12CB,DE,DE,P1020010A,-1,T999A,K005A,RF-0119-001-PPP,0.001,4.0,VAL,2011,DDT (sum),DDT (sum),"DDT (sum of p,p'-DDT, o,p'-DDT, p-p'-DDE and p,p'-TDE (DDD) expressed as DDT)",RF-0119-001-PPP,0.04,True
6433,4D729454F8D2CD99C680BE56F538383A,DE,DE,P1020010A,-1,T999A,K005A,RF-0119-001-PPP,0.0021,-1.0,VAL,2011,DDT (sum),DDT (sum),"DDT (sum of p,p'-DDT, o,p'-DDT, p-p'-DDE and p,p'-TDE (DDD) expressed as DDT)",RF-0119-001-PPP,0.04,True
6461,7022670BEB98B1A2166CA4DD6951EE01,DE,DE,P1020010A,-1,T999A,K005A,RF-0237-001-PPP,8e-05,-1.0,VAL,2011,Hexachlorobenzene,Hexachlorobenzene,Hexachlorobenzene,RF-0237-001-PPP,0.005,True
6468,8B7005CDB0F9B286353C79952122C3E7,DE,DE,P1020010A,-1,T999A,K005A,RF-0119-001-PPP,0.00013,-1.0,VAL,2011,DDT (sum),DDT (sum),"DDT (sum of p,p'-DDT, o,p'-DDT, p-p'-DDE and p,p'-TDE (DDD) expressed as DDT)",RF-0119-001-PPP,0.04,True
6478,FBC885127BC143B925D0818A1EC771D5,DE,DE,P1020010A,-1,T999A,K005A,RF-0237-001-PPP,8e-05,-1.0,VAL,2011,Hexachlorobenzene,Hexachlorobenzene,Hexachlorobenzene,RF-0237-001-PPP,0.005,True
6489,8F6807E28E134FB1F7D5BDAEDEDFA3D9,DE,DE,P1020010A,-1,T999A,K005A,RF-0237-001-PPP,0.00012,-1.0,VAL,2011,Hexachlorobenzene,Hexachlorobenzene,Hexachlorobenzene,RF-0237-001-PPP,0.005,True
6522,EE2DC7C8A34B1A6FD7C458E167D0D430,DE,DE,P1020010A,-1,T999A,K005A,RF-0237-001-PPP,0.002,4.0,VAL,2011,Hexachlorobenzene,Hexachlorobenzene,Hexachlorobenzene,RF-0237-001-PPP,0.005,True
6533,16FDB47ADAEA9215B33A5C545987973D,DE,DE,P1020010A,-1,T999A,K005A,RF-0237-001-PPP,0.001,4.0,VAL,2011,Hexachlorobenzene,Hexachlorobenzene,Hexachlorobenzene,RF-0237-001-PPP,0.005,True
6567,2577BD15A95AB03DAE71577D87C3CAF7,DE,DE,P1020010A,-1,T999A,K005A,RF-0237-001-PPP,0.002,4.0,VAL,2011,Hexachlorobenzene,Hexachlorobenzene,Hexachlorobenzene,RF-0237-001-PPP,0.005,True
6571,320754485B69B889C427C8C55BB5B9FB,DE,DE,P1020010A,-1,T999A,K005A,RF-0119-001-PPP,0.0008,4.0,VAL,2011,DDT (sum),DDT (sum),"DDT (sum of p,p'-DDT, o,p'-DDT, p-p'-DDE and p,p'-TDE (DDD) expressed as DDT)",RF-0119-001-PPP,0.04,True
6574,26FE6ECAA2267732DAB79FC6A32BD678,DE,DE,P1020010A,-1,T999A,K005A,RF-0237-001-PPP,0.003,4.0,VAL,2011,Hexachlorobenzene,Hexachlorobenzene,Hexachlorobenzene,RF-0237-001-PPP,0.005,True
6580,65C8DD94355E2D2F0E891E6FAAF603CF,DE,DE,P1020010A,-1,T999A,K005A,RF-0237-001-PPP,0.002,4.0,VAL,2011,Hexachlorobenzene,Hexachlorobenzene,Hexachlorobenzene,RF-0237-001-PPP,0.005,True
6586,2577BD15A95AB03DAE71577D87C3CAF7,DE,DE,P1020010A,-1,T999A,K005A,RF-0119-001-PPP,0.003,4.0,VAL,2011,DDT (sum),DDT (sum),"DDT (sum of p,p'-DDT, o,p'-DDT, p-p'-DDE and p,p'-TDE (DDD) expressed as DDT)",RF-0119-001-PPP,0.04,True
6601,E28727D1F0731F0937D488B13E775873,DE,DE,P1020010A,-1,T999A,K005A,RF-0237-001-PPP,0.002,4.0,VAL,2011,Hexachlorobenzene,Hexachlorobenzene,Hexachlorobenzene,RF-0237-001-PPP,0.005,True
6603,E9F79A4B9537266251105E8F9AE29EC2,DE,DE,P1020010A,-1,T999A,K005A,RF-0237-001-PPP,0.002,4.0,VAL,2011,Hexachlorobenzene,Hexachlorobenzene,Hexachlorobenzene,RF-0237-001-PPP,0.005,True
6616,320754485B69B889C427C8C55BB5B9FB,DE,DE,P1020010A,-1,T999A,K005A,RF-0237-001-PPP,0.002,4.0,VAL,2011,Hexachlorobenzene,Hexachlorobenzene,Hexachlorobenzene,RF-0237-001-PPP,0.005,True
6636,82FB0B5A3DB26AB2A3FE2A5ECA841114,DE,DE,P1020010A,-1,T999A,K005A,RF-0119-001-PPP,0.0008,4.0,VAL,2011,DDT (sum),DDT (sum),"DDT (sum of p,p'-DDT, o,p'-DDT, p-p'-DDE and p,p'-TDE (DDD) expressed as DDT)",RF-0119-001-PPP,0.04,True
6660,82FB0B5A3DB26AB2A3FE2A5ECA841114,DE,DE,P1020010A,-1,T999A,K005A,RF-0237-001-PPP,0.002,4.0,VAL,2011,Hexachlorobenzene,Hexachlorobenzene,Hexachlorobenzene,RF-0237-001-PPP,0.005,True
6670,153D74FA4530AA303A189FF9D28CEEF4,DE,DE,P1020010A,-1,T999A,K005A,RF-0119-001-PPP,0.0048,3.4,VAL,2011,DDT (sum),DDT (sum),"DDT (sum of p,p'-DDT, o,p'-DDT, p-p'-DDE and p,p'-TDE (DDD) expressed as DDT)",RF-0119-001-PPP,0.04,True
6704,468787732953DA1FF3CB2BA98F569975,DE,DE,P1020010A,-1,T999A,K005A,RF-0119-001-PPP,0.0053,3.8,VAL,2011,DDT (sum),DDT (sum),"DDT (sum of p,p'-DDT, o,p'-DDT, p-p'-DDE and p,p'-TDE (DDD) expressed as DDT)",RF-0119-001-PPP,0.04,True
6834,6657EDAFB6A427BA7C6A729CB5B4839B,DE,DE,P1020010A,-1,T999A,K005A,RF-0119-001-PPP,0.00145,-1.0,VAL,2011,DDT (sum),DDT (sum),"DDT (sum of p,p'-DDT, o,p'-DDT, p-p'-DDE and p,p'-TDE (DDD) expressed as DDT)",RF-0119-001-PPP,0.04,True
6959,BE89C41BD00AC9182A754C1836880309,DE,DE,P1020010A,-1,T999A,K005A,RF-0119-001-PPP,0.0003,-1.0,VAL,2011,DDT (sum),DDT (sum),"DDT (sum of p,p'-DDT, o,p'-DDT, p-p'-DDE and p,p'-TDE (DDD) expressed as DDT)",RF-0119-001-PPP,0.04,True
6974,BF27FD261582ACD7C4294E5BA6BCF99A,DE,DE,P1020010A,-1,T999A,K005A,RF-0237-001-PPP,0.002,4.0,VAL,2011,Hexachlorobenzene,Hexachlorobenzene,Hexachlorobenzene,RF-0237-001-PPP,0.005,True
6984,E64761D6743EF7E63C3AFB2285B8E384,DE,DE,P1020010A,-1,T999A,K005A,RF-0237-001-PPP,0.002,4.0,VAL,2011,Hexachlorobenzene,Hexachlorobenzene,Hexachlorobenzene,RF-0237-001-PPP,0.005,True
6995,F8964C98DBA56B43B39A3722C80D0A66,DE,DE,P1020010A,-1,T999A,K005A,RF-0237-001-PPP,0.002,4.0,VAL,2011,Hexachlorobenzene,Hexachlorobenzene,Hexachlorobenzene,RF-0237-001-PPP,0.005,True
7059,998654753366EC5F8ECEFCD3C7A883E2,DE,DE,P1020010A,-1,T999A,K005A,RF-0237-001-PPP,0.002,4.0,VAL,2011,Hexachlorobenzene,Hexachlorobenzene,Hexachlorobenzene,RF-0237-001-PPP,0.005,True
7087,496F744B4F12E4671BF235C71974025E,DE,DE,P1020010A,-1,T999A,K005A,RF-0119-001-PPP,0.00012,-1.0,VAL,2011,DDT (sum),DDT (sum),"DDT (sum of p,p'-DDT, o,p'-DDT, p-p'-DDE and p,p'-TDE (DDD) expressed as DDT)",RF-0119-001-PPP,0.04,True
7092,998654753366EC5F8ECEFCD3C7A883E2,DE,DE,P1020010A,-1,T999A,K005A,RF-0263-001-PPP,0.0007,4.0,VAL,2011,Lindane,Lindane,Lindane (Gamma-isomer of hexachlorocyclohexane (HCH)),RF-0263-001-PPP,0.01,True
7095,378AE298FFF47C58703EC368357A501E,DE,DE,P1020010A,-1,T999A,K005A,RF-0119-001-PPP,9e-05,-1.0,VAL,2011,DDT (sum),DDT (sum),"DDT (sum of p,p'-DDT, o,p'-DDT, p-p'-DDE and p,p'-TDE (DDD) expressed as DDT)",RF-0119-001-PPP,0.04,True
7148,05E12A323752F9FF7DD1DE521162BCE0,DE,DE,P1020010A,-1,T999A,K005A,RF-0237-001-PPP,8e-05,-1.0,VAL,2011,Hexachlorobenzene,Hexachlorobenzene,Hexachlorobenzene,RF-0237-001-PPP,0.005,True
7173,8B44322E1E4A923C81DCDF2AD23BC430,DE,DE,P1020010A,-1,T999A,K005A,RF-0237-001-PPP,8e-05,-1.0,VAL,2011,Hexachlorobenzene,Hexachlorobenzene,Hexachlorobenzene,RF-0237-001-PPP,0.005,True
7185,E790879B22F92A2BFDDB58405631CC31,DE,DE,P1020010A,-1,T999A,K005A,RF-0119-001-PPP,9e-05,-1.0,VAL,2011,DDT (sum),DDT (sum),"DDT (sum of p,p'-DDT, o,p'-DDT, p-p'-DDE and p,p'-TDE (DDD) expressed as DDT)",RF-0119-001-PPP,0.04,True
7195,B5A0A555F6CCFAF666171619ECF80883,DE,DE,P1020010A,-1,T999A,K005A,RF-0237-001-PPP,0.003,4.0,VAL,2011,Hexachlorobenzene,Hexachlorobenzene,Hexachlorobenzene,RF-0237-001-PPP,0.005,True
7217,B19D3660AEF87CB0DD4A3B2EC748BD06,DE,DE,P1020010A,-1,T999A,K005A,RF-0237-001-PPP,0.002,4.0,VAL,2011,Hexachlorobenzene,Hexachlorobenzene,Hexachlorobenzene,RF-0237-001-PPP,0.005,True
7258,5A69F0FF89E31D8DC49F20CD501E2271,DE,DE,P1020010A,-1,T999A,K005A,RF-0238-001-PPP,4e-05,-1.0,VAL,2011,HCH-alpha,HCH-alpha,"Hexachlorocyclohexane (HCH), alpha-isomer",RF-0238-001-PPP,0.01,True
7332,409E85278A02F18164C4C3E02234FD83,DE,DE,P1020010A,-1,T999A,K005A,RF-0237-001-PPP,0.00012,-1.0,VAL,2011,Hexachlorobenzene,Hexachlorobenzene,Hexachlorobenzene,RF-0237-001-PPP,0.005,True
7348,56307F01C5DBA750CB531823F7E47D73,DE,DE,P1020010A,-1,T999A,K005A,RF-0237-001-PPP,0.00012,-1.0,VAL,2011,Hexachlorobenzene,Hexachlorobenzene,Hexachlorobenzene,RF-0237-001-PPP,0.005,True
7357,7A5D84CED6452C896BFA65CD5EAA33B6,DE,DE,P1020010A,-1,T999A,K005A,RF-0119-001-PPP,0.00024,-1.0,VAL,2011,DDT (sum),DDT (sum),"DDT (sum of p,p'-DDT, o,p'-DDT, p-p'-DDE and p,p'-TDE (DDD) expressed as DDT)",RF-0119-001-PPP,0.04,True
7380,5B1EA7944DF69F7D8CC298DCBE1FBEFE,DE,DE,P1020010A,-1,T999A,K005A,RF-0237-001-PPP,8e-05,-1.0,VAL,2011,Hexachlorobenzene,Hexachlorobenzene,Hexachlorobenzene,RF-0237-001-PPP,0.005,True
7425,5A69F0FF89E31D8DC49F20CD501E2271,DE,DE,P1020010A,-1,T999A,K005A,RF-0237-001-PPP,0.00012,-1.0,VAL,2011,Hexachlorobenzene,Hexachlorobenzene,Hexachlorobenzene,RF-0237-001-PPP,0.005,True
7433,AFFFC3E85E5692347D93A12529B0FFEE,DE,DE,P1020010A,-1,T999A,K005A,RF-0237-001-PPP,8e-05,-1.0,VAL,2011,Hexachlorobenzene,Hexachlorobenzene,Hexachlorobenzene,RF-0237-001-PPP,0.005,True
7441,4084A64998544360FD4C0C7B9CEEBAF7,DE,DE,P1020010A,-1,T999A,K005A,RF-0237-001-PPP,8e-05,-1.0,VAL,2011,Hexachlorobenzene,Hexachlorobenzene,Hexachlorobenzene,RF-0237-001-PPP,0.005,True
7457,D38BC51BAE312E4AAB4E1E1235B7EBC2,DE,DE,P1020010A,-1,T999A,K005A,RF-0237-001-PPP,8e-05,-1.0,VAL,2011,Hexachlorobenzene,Hexachlorobenzene,Hexachlorobenzene,RF-0237-001-PPP,0.005,True
7470,A93C78EF94F170A41091546473B9466D,DE,DE,P1020010A,-1,T999A,K005A,RF-0119-001-PPP,9e-05,-1.0,VAL,2011,DDT (sum),DDT (sum),"DDT (sum of p,p'-DDT, o,p'-DDT, p-p'-DDE and p,p'-TDE (DDD) expressed as DDT)",RF-0119-001-PPP,0.04,True
7472,EFED58C994788BA5D6E88FCEF32C03B0,DE,DE,P1020010A,-1,T999A,K005A,RF-0119-001-PPP,0.00012,-1.0,VAL,2011,DDT (sum),DDT (sum),"DDT (sum of p,p'-DDT, o,p'-DDT, p-p'-DDE and p,p'-TDE (DDD) expressed as DDT)",RF-0119-001-PPP,0.04,True
7481,FE605E452DB8877814AB21A6D93247CA,DE,DE,P1020010A,-1,T999A,K005A,RF-0119-001-PPP,0.001,4.0,VAL,2011,DDT (sum),DDT (sum),"DDT (sum of p,p'-DDT, o,p'-DDT, p-p'-DDE and p,p'-TDE (DDD) expressed as DDT)",RF-0119-001-PPP,0.04,True
7528,CFB06953E10F663EE85B528240986D2A,DE,DE,P1020010A,-1,T999A,K005A,RF-0237-001-PPP,8e-05,-1.0,VAL,2011,Hexachlorobenzene,Hexachlorobenzene,Hexachlorobenzene,RF-0237-001-PPP,0.005,True
7529,B624D1E1F9D5C592D0854A222B49BC9D,DE,DE,P1020010A,-1,T999A,K005A,RF-0237-001-PPP,0.00012,-1.0,VAL,2011,Hexachlorobenzene,Hexachlorobenzene,Hexachlorobenzene,RF-0237-001-PPP,0.005,True
7533,CCDE27C777AFA99D3FF23E8EB7CC38DD,DE,DE,P1020010A,-1,T999A,K005A,RF-0237-001-PPP,8e-05,-1.0,VAL,2011,Hexachlorobenzene,Hexachlorobenzene,Hexachlorobenzene,RF-0237-001-PPP,0.005,True
7551,378AE298FFF47C58703EC368357A501E,DE,DE,P1020010A,-1,T999A,K005A,RF-0237-001-PPP,0.00012,-1.0,VAL,2011,Hexachlorobenzene,Hexachlorobenzene,Hexachlorobenzene,RF-0237-001-PPP,0.005,True
7579,68802ED5BB0ECC44ABB9E8E946038ADB,DE,DE,P1020010A,-1,T999A,K005A,RF-0237-001-PPP,0.00012,-1.0,VAL,2011,Hexachlorobenzene,Hexachlorobenzene,Hexachlorobenzene,RF-0237-001-PPP,0.005,True
7640,50FBBCC59928D3A43DCA1C965ADF09A2,DE,DE,P1020010A,-1,T999A,K005A,RF-0119-001-PPP,9e-05,-1.0,VAL,2011,DDT (sum),DDT (sum),"DDT (sum of p,p'-DDT, o,p'-DDT, p-p'-DDE and p,p'-TDE (DDD) expressed as DDT)",RF-0119-001-PPP,0.04,True
7674,E790879B22F92A2BFDDB58405631CC31,DE,DE,P1020010A,-1,T999A,K005A,RF-0237-001-PPP,8e-05,-1.0,VAL,2011,Hexachlorobenzene,Hexachlorobenzene,Hexachlorobenzene,RF-0237-001-PPP,0.005,True
7691,6F6707FF704E10863C30F7738B113E66,DE,DE,P1020010A,-1,T999A,K005A,RF-0119-001-PPP,0.00013,-1.0,VAL,2011,DDT (sum),DDT (sum),"DDT (sum of p,p'-DDT, o,p'-DDT, p-p'-DDE and p,p'-TDE (DDD) expressed as DDT)",RF-0119-001-PPP,0.04,True
7724,EFED58C994788BA5D6E88FCEF32C03B0,DE,DE,P1020010A,-1,T999A,K005A,RF-0237-001-PPP,8e-05,-1.0,VAL,2011,Hexachlorobenzene,Hexachlorobenzene,Hexachlorobenzene,RF-0237-001-PPP,0.005,True
7727,268BDD25442E0796A8FBB5E5CE7ED63C,DE,DE,P1020010A,-1,T999A,K005A,RF-0237-001-PPP,0.002,4.0,VAL,2011,Hexachlorobenzene,Hexachlorobenzene,Hexachlorobenzene,RF-0237-001-PPP,0.005,True
7732,AF59513C6B9E42031487279BA9A52E5F,DE,DE,P1020010A,-1,T999A,K005A,RF-0237-001-PPP,0.00016,-1.0,VAL,2011,Hexachlorobenzene,Hexachlorobenzene,Hexachlorobenzene,RF-0237-001-PPP,0.005,True
7781,20D6C8BA3FD7029AE78CBCFB7E1DCA8A,DE,DE,P1020010A,-1,T999A,K005A,RF-0237-001-PPP,0.00012,-1.0,VAL,2011,Hexachlorobenzene,Hexachlorobenzene,Hexachlorobenzene,RF-0237-001-PPP,0.005,True
7804,9F4C48921FDC3FFC68D2477248EDCB0F,DE,DE,P1020010A,-1,T999A,K005A,RF-0237-001-PPP,8e-05,-1.0,VAL,2011,Hexachlorobenzene,Hexachlorobenzene,Hexachlorobenzene,RF-0237-001-PPP,0.005,True
7815,7C47B6D5599DD97E573B963C2770D75D,DE,DE,P1020010A,-1,T999A,K005A,RF-0119-001-PPP,0.00012,-1.0,VAL,2011,DDT (sum),DDT (sum),"DDT (sum of p,p'-DDT, o,p'-DDT, p-p'-DDE and p,p'-TDE (DDD) expressed as DDT)",RF-0119-001-PPP,0.04,True
7822,D3F1109052F62349948453E1BDBD325B,DE,DE,P1020010A,-1,T999A,K005A,RF-0237-001-PPP,0.002,4.0,VAL,2011,Hexachlorobenzene,Hexachlorobenzene,Hexachlorobenzene,RF-0237-001-PPP,0.005,True
7856,7C47B6D5599DD97E573B963C2770D75D,DE,DE,P1020010A,-1,T999A,K005A,RF-0237-001-PPP,8e-05,-1.0,VAL,2011,Hexachlorobenzene,Hexachlorobenzene,Hexachlorobenzene,RF-0237-001-PPP,0.005,True
7857,496F744B4F12E4671BF235C71974025E,DE,DE,P1020010A,-1,T999A,K005A,RF-0237-001-PPP,8e-05,-1.0,VAL,2011,Hexachlorobenzene,Hexachlorobenzene,Hexachlorobenzene,RF-0237-001-PPP,0.005,True
7913,6F6707FF704E10863C30F7738B113E66,DE,DE,P1020010A,-1,T999A,K005A,RF-0237-001-PPP,0.00012,-1.0,VAL,2011,Hexachlorobenzene,Hexachlorobenzene,Hexachlorobenzene,RF-0237-001-PPP,0.005,True
7918,BE89C41BD00AC9182A754C1836880309,DE,DE,P1020010A,-1,T999A,K005A,RF-0237-001-PPP,0.00012,-1.0,VAL,2011,Hexachlorobenzene,Hexachlorobenzene,Hexachlorobenzene,RF-0237-001-PPP,0.005,True
7924,A93C78EF94F170A41091546473B9466D,DE,DE,P1020010A,-1,T999A,K005A,RF-0237-001-PPP,0.00016,-1.0,VAL,2011,Hexachlorobenzene,Hexachlorobenzene,Hexachlorobenzene,RF-0237-001-PPP,0.005,True
7930,C0347141B711178ED86942862499C063,DE,DE,P1020010A,-1,T999A,K005A,RF-0119-001-PPP,9e-05,-1.0,VAL,2011,DDT (sum),DDT (sum),"DDT (sum of p,p'-DDT, o,p'-DDT, p-p'-DDE and p,p'-TDE (DDD) expressed as DDT)",RF-0119-001-PPP,0.04,True
7935,750316033B3DC77217D2C12C26C140D1,DE,DE,P1020010A,-1,T999A,K005A,RF-0237-001-PPP,8e-05,-1.0,VAL,2011,Hexachlorobenzene,Hexachlorobenzene,Hexachlorobenzene,RF-0237-001-PPP,0.005,True
7941,2D965CCA4BE1C958409222D485330D4D,DE,DE,P1020010A,-1,T999A,K005A,RF-0237-001-PPP,0.002,4.0,VAL,2011,Hexachlorobenzene,Hexachlorobenzene,Hexachlorobenzene,RF-0237-001-PPP,0.005,True
7947,855E1C890881983585EB369B713B0C69,DE,DE,P1020010A,-1,T999A,K005A,RF-0119-001-PPP,0.0017,-1.0,VAL,2011,DDT (sum),DDT (sum),"DDT (sum of p,p'-DDT, o,p'-DDT, p-p'-DDE and p,p'-TDE (DDD) expressed as DDT)",RF-0119-001-PPP,0.04,True
7958,AB8833E9251430169E9B7AE1EB1C2EBB,DE,DE,P1020010A,-1,T999A,K005A,RF-0237-001-PPP,0.00012,-1.0,VAL,2011,Hexachlorobenzene,Hexachlorobenzene,Hexachlorobenzene,RF-0237-001-PPP,0.005,True
7982,50FBBCC59928D3A43DCA1C965ADF09A2,DE,DE,P1020010A,-1,T999A,K005A,RF-0237-001-PPP,0.00016,-1.0,VAL,2011,Hexachlorobenzene,Hexachlorobenzene,Hexachlorobenzene,RF-0237-001-PPP,0.005,True
8004,244FF9C59E46D53384B31496A60EB6BA,DE,DE,P1020010A,-1,T999A,K005A,RF-0119-001-PPP,0.0115,4.1,VAL,2011,DDT (sum),DDT (sum),"DDT (sum of p,p'-DDT, o,p'-DDT, p-p'-DDE and p,p'-TDE (DDD) expressed as DDT)",RF-0119-001-PPP,0.04,True
8015,8AE8729C4BC3CEC5B5429EA2D4587C8E,DE,DE,P1020010A,-1,T999A,K005A,RF-0237-001-PPP,0.002,4.0,VAL,2011,Hexachlorobenzene,Hexachlorobenzene,Hexachlorobenzene,RF-0237-001-PPP,0.005,True
8016,7A5D84CED6452C896BFA65CD5EAA33B6,DE,DE,P1020010A,-1,T999A,K005A,RF-0237-001-PPP,0.00016,-1.0,VAL,2011,Hexachlorobenzene,Hexachlorobenzene,Hexachlorobenzene,RF-0237-001-PPP,0.005,True
8038,664B1806371CB80EACCDCA6A5B1F9D41,DE,DE,P1020010A,-1,T999A,K005A,RF-0119-001-PPP,0.00016,-1.0,VAL,2011,DDT (sum),DDT (sum),"DDT (sum of p,p'-DDT, o,p'-DDT, p-p'-DDE and p,p'-TDE (DDD) expressed as DDT)",RF-0119-001-PPP,0.04,True
8046,56307F01C5DBA750CB531823F7E47D73,DE,DE,P1020010A,-1,T999A,K005A,RF-0119-001-PPP,9e-05,-1.0,VAL,2011,DDT (sum),DDT (sum),"DDT (sum of p,p'-DDT, o,p'-DDT, p-p'-DDE and p,p'-TDE (DDD) expressed as DDT)",RF-0119-001-PPP,0.04,True
8066,E0D8C4B4CEAC85174B2A16ECA5ADCCA5,DE,DE,P1020010A,-1,T999A,K005A,RF-0237-001-PPP,8e-05,-1.0,VAL,2011,Hexachlorobenzene,Hexachlorobenzene,Hexachlorobenzene,RF-0237-001-PPP,0.005,True
8095,9F4C48921FDC3FFC68D2477248EDCB0F,DE,DE,P1020010A,-1,T999A,K005A,RF-0119-001-PPP,0.00012,-1.0,VAL,2011,DDT (sum),DDT (sum),"DDT (sum of p,p'-DDT, o,p'-DDT, p-p'-DDE and p,p'-TDE (DDD) expressed as DDT)",RF-0119-001-PPP,0.04,True
8195,5B1EA7944DF69F7D8CC298DCBE1FBEFE,DE,DE,P1020010A,-1,T999A,K005A,RF-0119-001-PPP,0.00018,-1.0,VAL,2011,DDT (sum),DDT (sum),"DDT (sum of p,p'-DDT, o,p'-DDT, p-p'-DDE and p,p'-TDE (DDD) expressed as DDT)",RF-0119-001-PPP,0.04,True
8220,FE605E452DB8877814AB21A6D93247CA,DE,DE,P1020010A,-1,T999A,K005A,RF-0237-001-PPP,0.002,4.0,VAL,2011,Hexachlorobenzene,Hexachlorobenzene,Hexachlorobenzene,RF-0237-001-PPP,0.005,True
8225,0B6118F85346D59BB46DAD96AE82888C,DE,DE,P1020010A,-1,T999A,K005A,RF-0237-001-PPP,4e-05,-1.0,VAL,2011,Hexachlorobenzene,Hexachlorobenzene,Hexachlorobenzene,RF-0237-001-PPP,0.005,True
8239,CCDE27C777AFA99D3FF23E8EB7CC38DD,DE,DE,P1020010A,-1,T999A,K005A,RF-0119-001-PPP,0.002,-1.0,VAL,2011,DDT (sum),DDT (sum),"DDT (sum of p,p'-DDT, o,p'-DDT, p-p'-DDE and p,p'-TDE (DDD) expressed as DDT)",RF-0119-001-PPP,0.04,True
8243,5FF61030F852997A9AB5471A9AA80481,DE,DE,P1020010A,-1,T999A,K005A,RF-0237-001-PPP,8e-05,-1.0,VAL,2011,Hexachlorobenzene,Hexachlorobenzene,Hexachlorobenzene,RF-0237-001-PPP,0.005,True
8258,855E1C890881983585EB369B713B0C69,DE,DE,P1020010A,-1,T999A,K005A,RF-0237-001-PPP,0.00012,-1.0,VAL,2011,Hexachlorobenzene,Hexachlorobenzene,Hexachlorobenzene,RF-0237-001-PPP,0.005,True
8308,664B1806371CB80EACCDCA6A5B1F9D41,DE,DE,P1020010A,-1,T999A,K005A,RF-0237-001-PPP,8e-05,-1.0,VAL,2011,Hexachlorobenzene,Hexachlorobenzene,Hexachlorobenzene,RF-0237-001-PPP,0.005,True
8313,A736EA2B20F13B8FAB35F2A577E32BBA,DE,DE,P1020010A,-1,T999A,K005A,RF-0237-001-PPP,8e-05,-1.0,VAL,2011,Hexachlorobenzene,Hexachlorobenzene,Hexachlorobenzene,RF-0237-001-PPP,0.005,True
8383,CFB06953E10F663EE85B528240986D2A,DE,DE,P1020010A,-1,T999A,K005A,RF-0119-001-PPP,0.00012,-1.0,VAL,2011,DDT (sum),DDT (sum),"DDT (sum of p,p'-DDT, o,p'-DDT, p-p'-DDE and p,p'-TDE (DDD) expressed as DDT)",RF-0119-001-PPP,0.04,True
8400,C0347141B711178ED86942862499C063,DE,DE,P1020010A,-1,T999A,K005A,RF-0237-001-PPP,0.00012,-1.0,VAL,2011,Hexachlorobenzene,Hexachlorobenzene,Hexachlorobenzene,RF-0237-001-PPP,0.005,True
8403,DD3AA8254E443D11220C4FB96B38C878,DE,DE,P1020010A,-1,T999A,K005A,RF-0237-001-PPP,0.002,4.0,VAL,2011,Hexachlorobenzene,Hexachlorobenzene,Hexachlorobenzene,RF-0237-001-PPP,0.005,True
8404,20D6C8BA3FD7029AE78CBCFB7E1DCA8A,DE,DE,P1020010A,-1,T999A,K005A,RF-0119-001-PPP,0.0039,-1.0,VAL,2011,DDT (sum),DDT (sum),"DDT (sum of p,p'-DDT, o,p'-DDT, p-p'-DDE and p,p'-TDE (DDD) expressed as DDT)",RF-0119-001-PPP,0.04,True
8532,6BFED68E6EA05C310985BD97F399616D,DE,DE,P1020010A,-1,T999A,K005A,RF-0119-001-PPP,0.00016,-1.0,VAL,2011,DDT (sum),DDT (sum),"DDT (sum of p,p'-DDT, o,p'-DDT, p-p'-DDE and p,p'-TDE (DDD) expressed as DDT)",RF-0119-001-PPP,0.04,True
8537,6BFED68E6EA05C310985BD97F399616D,DE,DE,P1020010A,-1,T999A,K005A,RF-0237-001-PPP,8e-05,-1.0,VAL,2011,Hexachlorobenzene,Hexachlorobenzene,Hexachlorobenzene,RF-0237-001-PPP,0.005,True
24984,F200D12CF63CFA972619FAF2F6FD7221,IE,IE,P1020000A,-1,T999A,K005A,RF-0261-001-PPP,0.018,-1.0,VAL,2011,Lambda-Cyhalothrin (sum),Lambda-Cyhalothrin,Lambda-Cyhalothrin,RF-0261-001-PPP,0.02,True
25699,F200D12CF63CFA972619FAF2F6FD7221,IE,IE,P1020000A,-1,T999A,K005A,RF-0256-001-PPP,0.024,-1.0,VAL,2011,Iprovalicarb,Iprovalicarb,Iprovalicarb,RF-0256-001-PPP,0.01,False
26077,F200D12CF63CFA972619FAF2F6FD7221,IE,IE,P1020000A,-1,T999A,K005A,RF-0046-001-PPP,0.005,-1.0,VAL,2011,Bifenthrin (sum),Bifenthrin (sum),Bifenthrin (sum of isomers),RF-0046-001-PPP,0.2,True
34290,9EBE91339B5D2BF84D90A1CEA232A8D9,RO,RO,P1020000A,-1,T999A,K018A,RF-0119-002-PPP,0.0007,3.8,VAL,2011,DDT (sum),"DDE, p,p-","DDE, p,p-",RF-0119-002-PPP,0.04,True
34316,385CD42D0201E43A03BC03A13F58BEE0,RO,RO,P1020000A,-1,T999A,K018A,RF-0119-002-PPP,0.0008,4.2,VAL,2011,DDT (sum),"DDE, p,p-","DDE, p,p-",RF-0119-002-PPP,0.04,True
34336,ABFD2C570E4614B6523AC2678F21A69C,RO,RO,P1020000A,-1,T999A,K018A,RF-0119-002-PPP,0.0006,3.8,VAL,2011,DDT (sum),"DDE, p,p-","DDE, p,p-",RF-0119-002-PPP,0.04,True
34358,C7A9D49F5D32FCF7C5B0FDD63488B2C8,RO,RO,P1020000A,-1,T999A,K018A,RF-0119-002-PPP,0.0016,16.0,VAL,2011,DDT (sum),"DDE, p,p-","DDE, p,p-",RF-0119-002-PPP,0.04,True
34365,562EDCA30811284D4B664A8C72FC3E20,RO,RO,P1020000A,-1,T999A,K018A,RF-0238-001-PPP,0.0006,4.9,VAL,2011,HCH-alpha,HCH-alpha,"Hexachlorocyclohexane (HCH), alpha-isomer",RF-0238-001-PPP,0.01,True
34366,562EDCA30811284D4B664A8C72FC3E20,RO,RO,P1020000A,-1,T999A,K018A,RF-0239-002-PPP,0.0013,4.9,VAL,2011,HCH-beta,HCH-beta,"Hexachlorocyclohexane (HCH), beta-isomer",RF-0239-002-PPP,0.01,True
34368,562EDCA30811284D4B664A8C72FC3E20,RO,RO,P1020000A,-1,T999A,K018A,RF-0237-001-PPP,0.0006,4.9,VAL,2011,Hexachlorobenzene,Hexachlorobenzene,Hexachlorobenzene,RF-0237-001-PPP,0.005,True
34381,562EDCA30811284D4B664A8C72FC3E20,RO,RO,P1020000A,-1,T999A,K018A,RF-0236-004-PPP,0.0017,4.9,VAL,2011,Heptachlor (sum),Heptachlor,Heptachlor,RF-0236-004-PPP,0.004,True
34389,562EDCA30811284D4B664A8C72FC3E20,RO,RO,P1020000A,-1,T999A,K018A,RF-0119-002-PPP,0.0016,4.9,VAL,2011,DDT (sum),"DDE, p,p-","DDE, p,p-",RF-0119-002-PPP,0.04,True
34392,562EDCA30811284D4B664A8C72FC3E20,RO,RO,P1020000A,-1,T999A,K018A,RF-0075-005-PPP,0.0018,4.9,VAL,2011,Chlordane (sum),Chlordane (sum),Chlordane (sum of cis- and trans-isomers and oxychlordane expressed as chlordane),RF-0075-005-PPP,0.002,True
34397,75BCC832AEA7DFA5EECBC0B0618E7432,RO,RO,P1020000A,-1,T999A,K018A,RF-0119-002-PPP,0.0005,4.1,VAL,2011,DDT (sum),"DDE, p,p-","DDE, p,p-",RF-0119-002-PPP,0.04,True
34416,814C9FA973EEB6BB4C3B9BD86208A87E,RO,RO,P1020000A,-1,T999A,K018A,RF-0119-002-PPP,0.0012,3.9,VAL,2011,DDT (sum),"DDE, p,p-","DDE, p,p-",RF-0119-002-PPP,0.04,True
34438,4F703981CFDCB32A7959455DA9097B8B,RO,RO,P1020000A,-1,T999A,K018A,RF-0238-001-PPP,0.0006,-1.0,VAL,2011,HCH-alpha,HCH-alpha,"Hexachlorocyclohexane (HCH), alpha-isomer",RF-0238-001-PPP,0.01,True
34440,4F703981CFDCB32A7959455DA9097B8B,RO,RO,P1020000A,-1,T999A,K018A,RF-0119-001-PPP,0.0013,-1.0,VAL,2011,DDT (sum),DDT (sum),"DDT (sum of p,p'-DDT, o,p'-DDT, p-p'-DDE and p,p'-TDE (DDD) expressed as DDT)",RF-0119-001-PPP,0.04,True
35046,E0732294AEEBFE50607C46965608F259,BE,BE,P1020010A,-1,T999A,K005A,RF-0119-002-PPP,0.01705,4.0,VAL,2011,DDT (sum),"DDE, p,p-","DDE, p,p-",RF-0119-002-PPP,0.04,True
35049,E0732294AEEBFE50607C46965608F259,BE,BE,P1020010A,-1,T999A,K005A,RF-0119-001-PPP,0.01705,4.0,VAL,2011,DDT (sum),DDT (sum),"DDT (sum of p,p'-DDT, o,p'-DDT, p-p'-DDE and p,p'-TDE (DDD) expressed as DDT)",RF-0119-001-PPP,0.04,True
35052,E0732294AEEBFE50607C46965608F259,BE,BE,P1020010A,-1,T999A,K005A,RF-0021-001-PPP,0.01642,4.0,VAL,2011,Dieldrin (sum),Dieldrin (sum),Aldrin and Dieldrin (Aldrin and dieldrin combined expressed as dieldrin),RF-0021-001-PPP,0.006,True
35054,E0732294AEEBFE50607C46965608F259,BE,BE,P1020010A,-1,T999A,K005A,RF-0021-003-PPP,0.01642,4.0,VAL,2011,Dieldrin (sum),Dieldrin (sum),Dieldrin,RF-0021-003-PPP,0.006,True
35055,E0732294AEEBFE50607C46965608F259,BE,BE,P1020010A,-1,T999A,K005A,RF-0237-001-PPP,0.01009,4.0,VAL,2011,Hexachlorobenzene,Hexachlorobenzene,Hexachlorobenzene,RF-0237-001-PPP,0.005,True
35079,3C7A8FB65F6412474825B1A0DD5BFEA3,BE,BE,P1020010A,-1,T999A,K005A,RF-0239-002-PPP,0.01304,4.0,VAL,2011,HCH-beta,HCH-beta,"Hexachlorocyclohexane (HCH), beta-isomer",RF-0239-002-PPP,0.01,True
35137,889765E2FB642A140E5B43D0E0CB5509,BE,BE,P1020010A,-1,T999A,K005A,RF-0239-002-PPP,0.03572,4.0,VAL,2011,HCH-beta,HCH-beta,"Hexachlorocyclohexane (HCH), beta-isomer",RF-0239-002-PPP,0.01,True
35302,522D6653EB5AEC83C307BBACA4D1AEAD,BE,BE,P1020010A,-1,T999A,K005A,RF-0239-002-PPP,0.01383,4.0,VAL,2011,HCH-beta,HCH-beta,"Hexachlorocyclohexane (HCH), beta-isomer",RF-0239-002-PPP,0.01,True
35316,FA43F13BC4FECCD445A180D290734D80,BE,BE,P1020010A,-1,T999A,K005A,RF-0021-001-PPP,0.01438,4.0,VAL,2011,Dieldrin (sum),Dieldrin (sum),Aldrin and Dieldrin (Aldrin and dieldrin combined expressed as dieldrin),RF-0021-001-PPP,0.006,True
35318,FA43F13BC4FECCD445A180D290734D80,BE,BE,P1020010A,-1,T999A,K005A,RF-0021-003-PPP,0.01438,4.0,VAL,2011,Dieldrin (sum),Dieldrin (sum),Dieldrin,RF-0021-003-PPP,0.006,True
35319,FA43F13BC4FECCD445A180D290734D80,BE,BE,P1020010A,-1,T999A,K005A,RF-0237-001-PPP,0.01168,4.0,VAL,2011,Hexachlorobenzene,Hexachlorobenzene,Hexachlorobenzene,RF-0237-001-PPP,0.005,True
35360,F6108C11B3734A9A145891CFFA9BEDD0,BE,BE,P1020010A,-1,T999A,K005A,RF-0119-002-PPP,0.01143,4.0,VAL,2011,DDT (sum),"DDE, p,p-","DDE, p,p-",RF-0119-002-PPP,0.04,True
35363,F6108C11B3734A9A145891CFFA9BEDD0,BE,BE,P1020010A,-1,T999A,K005A,RF-0119-001-PPP,0.01143,4.0,VAL,2011,DDT (sum),DDT (sum),"DDT (sum of p,p'-DDT, o,p'-DDT, p-p'-DDE and p,p'-TDE (DDD) expressed as DDT)",RF-0119-001-PPP,0.04,True
35368,F6108C11B3734A9A145891CFFA9BEDD0,BE,BE,P1020010A,-1,T999A,K005A,RF-0075-005-PPP,0.04149,4.0,VAL,2011,Chlordane (sum),Chlordane (sum),Chlordane (sum of cis- and trans-isomers and oxychlordane expressed as chlordane),RF-0075-005-PPP,0.002,True
35369,F6108C11B3734A9A145891CFFA9BEDD0,BE,BE,P1020010A,-1,T999A,K005A,RF-0075-003-PPP,0.04149,4.0,VAL,2011,Chlordane (sum),"Chlordane, trans-","Chlordane, trans-",RF-0075-003-PPP,0.002,True
35396,9D4424E1CC43068508EF92684C0608DD,BE,BE,P1020010A,-1,T999A,K005A,RF-0119-007-PPP,0.0446,4.0,VAL,2011,DDT (sum),"DDE, o,p-","DDE, o,p-",RF-0119-007-PPP,0.04,True
35397,9D4424E1CC43068508EF92684C0608DD,BE,BE,P1020010A,-1,T999A,K005A,RF-0239-002-PPP,0.0194,4.0,VAL,2011,HCH-beta,HCH-beta,"Hexachlorocyclohexane (HCH), beta-isomer",RF-0239-002-PPP,0.01,True
35485,25382C057104ECA97C3E1CE57D13C06B,BE,BE,P1020010A,-1,T999A,K005A,RF-0119-007-PPP,0.0186,4.0,VAL,2011,DDT (sum),"DDE, o,p-","DDE, o,p-",RF-0119-007-PPP,0.04,True
35499,51319E438CF192DC2C99E0434B8DA43A,BE,BE,P1020010A,-1,T999A,K005A,RF-0119-001-PPP,0.062,4.0,VAL,2011,DDT (sum),DDT (sum),"DDT (sum of p,p'-DDT, o,p'-DDT, p-p'-DDE and p,p'-TDE (DDD) expressed as DDT)",RF-0119-001-PPP,0.04,True
35500,51319E438CF192DC2C99E0434B8DA43A,BE,BE,P1020010A,-1,T999A,K005A,RF-0119-002-PPP,0.01668,4.0,VAL,2011,DDT (sum),"DDE, p,p-","DDE, p,p-",RF-0119-002-PPP,0.04,True
35503,51319E438CF192DC2C99E0434B8DA43A,BE,BE,P1020010A,-1,T999A,K005A,RF-0021-001-PPP,0.01095,4.0,VAL,2011,Dieldrin (sum),Dieldrin (sum),Aldrin and Dieldrin (Aldrin and dieldrin combined expressed as dieldrin),RF-0021-001-PPP,0.006,True
35505,51319E438CF192DC2C99E0434B8DA43A,BE,BE,P1020010A,-1,T999A,K005A,RF-0236-005-PPP,0.02964,4.0,VAL,2011,Heptachlor (sum),Heptachlor epoxide,Heptachlor epoxide,RF-0236-005-PPP,0.004,True
35506,51319E438CF192DC2C99E0434B8DA43A,BE,BE,P1020010A,-1,T999A,K005A,RF-0237-001-PPP,0.01177,4.0,VAL,2011,Hexachlorobenzene,Hexachlorobenzene,Hexachlorobenzene,RF-0237-001-PPP,0.005,True
35508,51319E438CF192DC2C99E0434B8DA43A,BE,BE,P1020010A,-1,T999A,K005A,RF-0236-001-PPP,0.02964,4.0,VAL,2011,Heptachlor (sum),Heptachlor (sum),Heptachlor (sum of heptachlor and heptachlor epoxide expressed as heptachlor),RF-0236-001-PPP,0.004,True
35522,B1F9092B53C7B935640B4187D918DDE3,BE,BE,P1020010A,-1,T999A,K005A,RF-0239-002-PPP,0.01,4.0,VAL,2011,HCH-beta,HCH-beta,"Hexachlorocyclohexane (HCH), beta-isomer",RF-0239-002-PPP,0.01,True
35532,25382C057104ECA97C3E1CE57D13C06B,BE,BE,P1020010A,-1,T999A,K005A,RF-0119-001-PPP,0.0186,4.0,VAL,2011,DDT (sum),DDT (sum),"DDT (sum of p,p'-DDT, o,p'-DDT, p-p'-DDE and p,p'-TDE (DDD) expressed as DDT)",RF-0119-001-PPP,0.04,True
35552,51319E438CF192DC2C99E0434B8DA43A,BE,BE,P1020010A,-1,T999A,K005A,RF-0021-003-PPP,0.01095,4.0,VAL,2011,Dieldrin (sum),Dieldrin (sum),Dieldrin,RF-0021-003-PPP,0.006,True
35570,750F30C1517FCEDA28C7E8EB66FF93F1,BE,BE,P1020010A,-1,T999A,K005A,RF-0239-002-PPP,0.017,4.0,VAL,2011,HCH-beta,HCH-beta,"Hexachlorocyclohexane (HCH), beta-isomer",RF-0239-002-PPP,0.01,True
45850,8C0A0375EF709EF9A2B74861AB6E50F3,AT,AT,P1020010A,-1,T999A,K005A,RF-0237-001-PPP,0.00026,-1.0,VAL,2012,Hexachlorobenzene,Hexachlorobenzene,Hexachlorobenzene,RF-0237-001-PPP,0.005,True
51014,C54077DA2708AEF8C9E63455AE318AEE,DE,DE,P1020010A,-1,T999A,K005A,RF-0102-001-PPP,0.5558,-1.0,VAL,2012,Copper compounds,Copper compounds,Copper compounds (copper),RF-0102-001-PPP,2.0,True
51015,C9C1FD0DD03BB660B9BA4C77A6BB888C,DE,DE,P1020010A,-1,T999A,K005A,RF-0102-001-PPP,0.5743,-1.0,VAL,2012,Copper compounds,Copper compounds,Copper compounds (copper),RF-0102-001-PPP,2.0,True
51021,3686D43D63682EEE4DA8BDFA24FDB7F7,DE,DE,P1020010A,-1,T999A,K005A,RF-0102-001-PPP,0.6,-1.0,VAL,2012,Copper compounds,Copper compounds,Copper compounds (copper),RF-0102-001-PPP,2.0,True
51022,FCD31771D47030B7222409E3B9DA1D30,DE,DE,P1020010A,-1,T999A,K005A,RF-0102-001-PPP,0.558,-1.0,VAL,2012,Copper compounds,Copper compounds,Copper compounds (copper),RF-0102-001-PPP,2.0,True
51023,952C352B1AB4126A635A8602E36ED223,DE,DE,P1020010A,-1,T999A,K005A,RF-0102-001-PPP,0.546,-1.0,VAL,2012,Copper compounds,Copper compounds,Copper compounds (copper),RF-0102-001-PPP,2.0,True
51024,39177C237D7A4B891F6AD08DA694DF6A,DE,DE,P1020010A,-1,T999A,K005A,RF-0102-001-PPP,0.8,-1.0,VAL,2012,Copper compounds,Copper compounds,Copper compounds (copper),RF-0102-001-PPP,2.0,True
51025,A061D7E9AF10BC4204E562297814956D,DE,DE,P1020010A,-1,T999A,K005A,RF-0102-001-PPP,0.559,-1.0,VAL,2012,Copper compounds,Copper compounds,Copper compounds (copper),RF-0102-001-PPP,2.0,True
51026,5FD48990E85D05072547F53DAAA451FD,DE,DE,P1020010A,-1,T999A,K005A,RF-0102-001-PPP,0.51,-1.0,VAL,2012,Copper compounds,Copper compounds,Copper compounds (copper),RF-0102-001-PPP,2.0,True
51031,A9E15A093357A3FBDACF00E4DEA12E83,DE,DE,P1020010A,-1,T999A,K005A,RF-0102-001-PPP,0.78,-1.0,VAL,2012,Copper compounds,Copper compounds,Copper compounds (copper),RF-0102-001-PPP,2.0,True
51034,A3FE0CC5ED328E913195A9808812ADAC,DE,DE,P1020010A,-1,T999A,K005A,RF-0102-001-PPP,0.11,-1.0,VAL,2012,Copper compounds,Copper compounds,Copper compounds (copper),RF-0102-001-PPP,2.0,True
51038,144B3B4842FA9AC9CA636E40D8D31308,DE,DE,P1020010A,-1,T999A,K005A,RF-0102-001-PPP,0.526,-1.0,VAL,2012,Copper compounds,Copper compounds,Copper compounds (copper),RF-0102-001-PPP,2.0,True
51039,089699B0A4CC73F52AC7517E46D9B99C,DE,DE,P1020010A,-1,T999A,K005A,RF-0102-001-PPP,0.529,-1.0,VAL,2012,Copper compounds,Copper compounds,Copper compounds (copper),RF-0102-001-PPP,2.0,True
51043,D89FA09270D9A527728F30331B8FBF57,DE,DE,P1020010A,-1,T999A,K005A,RF-0102-001-PPP,0.09,-1.0,VAL,2012,Copper compounds,Copper compounds,Copper compounds (copper),RF-0102-001-PPP,2.0,True
51044,266EAE206CDCB72FAB22447B787A5EB7,DE,DE,P1020010A,-1,T999A,K005A,RF-0102-001-PPP,0.09,-1.0,VAL,2012,Copper compounds,Copper compounds,Copper compounds (copper),RF-0102-001-PPP,2.0,True
51045,34AD49D89669F6CCB55ABB7073CD9923,DE,DE,P1020010A,-1,T999A,K005A,RF-0102-001-PPP,0.056,-1.0,VAL,2012,Copper compounds,Copper compounds,Copper compounds (copper),RF-0102-001-PPP,2.0,True
51046,29CF41EBF583F33EC310D5DF5C18C3F4,DE,DE,P1020010A,-1,T999A,K005A,RF-0102-001-PPP,0.515,-1.0,VAL,2012,Copper compounds,Copper compounds,Copper compounds (copper),RF-0102-001-PPP,2.0,True
51047,EC5645291C8016E9607BE9250D985A87,DE,DE,P1020010A,-1,T999A,K005A,RF-0102-001-PPP,0.566,-1.0,VAL,2012,Copper compounds,Copper compounds,Copper compounds (copper),RF-0102-001-PPP,2.0,True
51048,64D9F2DFF6F88952648F1E1B8D3D5843,DE,DE,P1020010A,-1,T999A,K005A,RF-0102-001-PPP,1.0,-1.0,VAL,2012,Copper compounds,Copper compounds,Copper compounds (copper),RF-0102-001-PPP,2.0,True
51049,F97A724C816DEDA8DC1ADC9CF165A711,DE,DE,P1020010A,-1,T999A,K005A,RF-0102-001-PPP,0.12,-1.0,VAL,2012,Copper compounds,Copper compounds,Copper compounds (copper),RF-0102-001-PPP,2.0,True
51054,0FABA027CA9CD19B4A763EF8C6D4C3E1,DE,DE,P1020010A,-1,T999A,K005A,RF-0102-001-PPP,1.02,-1.0,VAL,2012,Copper compounds,Copper compounds,Copper compounds (copper),RF-0102-001-PPP,2.0,True
51065,EF3459A7D31D95F4BAAEDD962DB6356E,DE,DE,P1020010A,-1,T999A,K005A,RF-0102-001-PPP,0.09,-1.0,VAL,2012,Copper compounds,Copper compounds,Copper compounds (copper),RF-0102-001-PPP,2.0,True
51067,BE5A3AFE1D49CD356A5B4CF96AD28ADF,DE,DE,P1020010A,-1,T999A,K005A,RF-0102-001-PPP,0.5316,-1.0,VAL,2012,Copper compounds,Copper compounds,Copper compounds (copper),RF-0102-001-PPP,2.0,True
51068,B5EF479C63B86D13E7ADD9B4254C0CDD,DE,DE,P1020010A,-1,T999A,K005A,RF-0102-001-PPP,0.1,-1.0,VAL,2012,Copper compounds,Copper compounds,Copper compounds (copper),RF-0102-001-PPP,2.0,True
51070,E6C2361169206B504A274E2A8CB26FEA,DE,DE,P1020010A,-1,T999A,K005A,RF-0102-001-PPP,1.1,-1.0,VAL,2012,Copper compounds,Copper compounds,Copper compounds (copper),RF-0102-001-PPP,2.0,True
51071,B875961001CBF306B6046CD23758CBBA,DE,DE,P1020010A,-1,T999A,K005A,RF-0102-001-PPP,1.1,-1.0,VAL,2012,Copper compounds,Copper compounds,Copper compounds (copper),RF-0102-001-PPP,2.0,True
51073,815C3992403AB98C34F70BD24F3BE569,DE,DE,P1020010A,-1,T999A,K005A,RF-0102-001-PPP,0.538,-1.0,VAL,2012,Copper compounds,Copper compounds,Copper compounds (copper),RF-0102-001-PPP,2.0,True
51075,C45C07F32E812B14E7E608FC1AE17DEE,DE,DE,P1020010A,-1,T999A,K005A,RF-0102-001-PPP,1.0,-1.0,VAL,2012,Copper compounds,Copper compounds,Copper compounds (copper),RF-0102-001-PPP,2.0,True
51076,3A739465F7E665F183A445250C6DEF9B,DE,DE,P1020010A,-1,T999A,K005A,RF-0102-001-PPP,0.68,-1.0,VAL,2012,Copper compounds,Copper compounds,Copper compounds (copper),RF-0102-001-PPP,2.0,True
51077,1629D2AA7FFB1D1434A6A13BD23B9AC5,DE,DE,P1020010A,-1,T999A,K005A,RF-0102-001-PPP,0.4939,-1.0,VAL,2012,Copper compounds,Copper compounds,Copper compounds (copper),RF-0102-001-PPP,2.0,True
51078,EA00C05238CA897B962E89CD22A5CF5C,DE,DE,P1020010A,-1,T999A,K005A,RF-0102-001-PPP,0.52,-1.0,VAL,2012,Copper compounds,Copper compounds,Copper compounds (copper),RF-0102-001-PPP,2.0,True
51079,140F8C6B6D0AE061820B0F65565E299B,DE,DE,P1020010A,-1,T999A,K005A,RF-0102-001-PPP,0.49,-1.0,VAL,2012,Copper compounds,Copper compounds,Copper compounds (copper),RF-0102-001-PPP,2.0,True
51081,3477FF6908AF8350BAD18CF8E84CE9B5,DE,DE,P1020010A,-1,T999A,K005A,RF-0102-001-PPP,0.131,-1.0,VAL,2012,Copper compounds,Copper compounds,Copper compounds (copper),RF-0102-001-PPP,2.0,True
51092,01C9A84C198140F6EABABD12DD085B3F,DE,DE,P1020010A,-1,T999A,K005A,RF-0102-001-PPP,0.6,-1.0,VAL,2012,Copper compounds,Copper compounds,Copper compounds (copper),RF-0102-001-PPP,2.0,True
51093,97B2C392C171A4905A779C82AF6E635C,DE,DE,P1020010A,-1,T999A,K005A,RF-0102-001-PPP,0.11,-1.0,VAL,2012,Copper compounds,Copper compounds,Copper compounds (copper),RF-0102-001-PPP,2.0,True
51094,8166B79F11FA6FF9D62A65A5793680BF,DE,DE,P1020010A,-1,T999A,K005A,RF-0102-001-PPP,0.6273,-1.0,VAL,2012,Copper compounds,Copper compounds,Copper compounds (copper),RF-0102-001-PPP,2.0,True
51095,0763D3B39A541B4713B6BEDD235073B8,DE,DE,P1020010A,-1,T999A,K005A,RF-0102-001-PPP,0.537,-1.0,VAL,2012,Copper compounds,Copper compounds,Copper compounds (copper),RF-0102-001-PPP,2.0,True
51096,B80FF1EF7DD30F6E660A202F2F508436,DE,DE,P1020010A,-1,T999A,K005A,RF-0102-001-PPP,0.421,-1.0,VAL,2012,Copper compounds,Copper compounds,Copper compounds (copper),RF-0102-001-PPP,2.0,True
51097,4C3EE2DE07EFA8CE9AAB8711E31F742A,DE,DE,P1020010A,-1,T999A,K005A,RF-0102-001-PPP,0.539,-1.0,VAL,2012,Copper compounds,Copper compounds,Copper compounds (copper),RF-0102-001-PPP,2.0,True
51102,DA75445880E0EE0E4C3552F543A750F3,DE,DE,P1020010A,-1,T999A,K005A,RF-0102-001-PPP,0.465,-1.0,VAL,2012,Copper compounds,Copper compounds,Copper compounds (copper),RF-0102-001-PPP,2.0,True
51103,7D02D8D08564B952AD404D56736E1A06,DE,DE,P1020010A,-1,T999A,K005A,RF-0102-001-PPP,0.6,-1.0,VAL,2012,Copper compounds,Copper compounds,Copper compounds (copper),RF-0102-001-PPP,2.0,True
51104,E958ABEFBF7FB8EE58636969CACD9793,DE,DE,P1020010A,-1,T999A,K005A,RF-0102-001-PPP,0.535,-1.0,VAL,2012,Copper compounds,Copper compounds,Copper compounds (copper),RF-0102-001-PPP,2.0,True
51105,98457F14BFA86AC3D84660F2798E56BB,DE,DE,P1020010A,-1,T999A,K005A,RF-0102-001-PPP,0.59,-1.0,VAL,2012,Copper compounds,Copper compounds,Copper compounds (copper),RF-0102-001-PPP,2.0,True
51106,5B7831036FEC804723210A08814AA112,DE,DE,P1020010A,-1,T999A,K005A,RF-0102-001-PPP,0.405,-1.0,VAL,2012,Copper compounds,Copper compounds,Copper compounds (copper),RF-0102-001-PPP,2.0,True
51107,D406A76AE9F6DEE61F5B54DC6F334E83,DE,DE,P1020010A,-1,T999A,K005A,RF-0102-001-PPP,0.5,-1.0,VAL,2012,Copper compounds,Copper compounds,Copper compounds (copper),RF-0102-001-PPP,2.0,True
51108,E5C04F02F62FEAF2AA1D8D5C6EC87195,DE,DE,P1020010A,-1,T999A,K005A,RF-0102-001-PPP,0.98,-1.0,VAL,2012,Copper compounds,Copper compounds,Copper compounds (copper),RF-0102-001-PPP,2.0,True
51109,6FF0D9378A4A0713724FF2D15FBFA02E,DE,DE,P1020010A,-1,T999A,K005A,RF-0102-001-PPP,0.432,-1.0,VAL,2012,Copper compounds,Copper compounds,Copper compounds (copper),RF-0102-001-PPP,2.0,True
51110,F0E0499CFEE4B6EFA52EA7D6FE6FC797,DE,DE,P1020010A,-1,T999A,K005A,RF-0102-001-PPP,0.435,-1.0,VAL,2012,Copper compounds,Copper compounds,Copper compounds (copper),RF-0102-001-PPP,2.0,True
51111,A434A1E40D5494E906696BCA47359173,DE,DE,P1020010A,-1,T999A,K005A,RF-0102-001-PPP,0.524,-1.0,VAL,2012,Copper compounds,Copper compounds,Copper compounds (copper),RF-0102-001-PPP,2.0,True
51112,511667483B412E615BB9D041962A2255,DE,DE,P1020010A,-1,T999A,K005A,RF-0102-001-PPP,0.578,-1.0,VAL,2012,Copper compounds,Copper compounds,Copper compounds (copper),RF-0102-001-PPP,2.0,True
51113,D2D3226388777A0E48A95191A5280394,DE,DE,P1020010A,-1,T999A,K005A,RF-0102-001-PPP,0.67,-1.0,VAL,2012,Copper compounds,Copper compounds,Copper compounds (copper),RF-0102-001-PPP,2.0,True
51114,1D57F67CEC908B290FCEB38E443166C8,DE,DE,P1020010A,-1,T999A,K005A,RF-0102-001-PPP,0.557,-1.0,VAL,2012,Copper compounds,Copper compounds,Copper compounds (copper),RF-0102-001-PPP,2.0,True
51115,0FBE63B4D2C41EDF70993C02C7AE3E1C,DE,DE,P1020010A,-1,T999A,K005A,RF-0102-001-PPP,0.4,-1.0,VAL,2012,Copper compounds,Copper compounds,Copper compounds (copper),RF-0102-001-PPP,2.0,True
51116,115BD3F3CEA02F4C5D2E712A0B545777,DE,DE,P1020010A,-1,T999A,K005A,RF-0102-001-PPP,0.48,-1.0,VAL,2012,Copper compounds,Copper compounds,Copper compounds (copper),RF-0102-001-PPP,2.0,True
51117,741B6121B4937F7D5C427743EE34E8B9,DE,DE,P1020010A,-1,T999A,K005A,RF-0102-001-PPP,0.49,-1.0,VAL,2012,Copper compounds,Copper compounds,Copper compounds (copper),RF-0102-001-PPP,2.0,True
51118,3B4AEBAC93228F65FF9A39BA16195CBC,DE,DE,P1020010A,-1,T999A,K005A,RF-0102-001-PPP,0.5867,-1.0,VAL,2012,Copper compounds,Copper compounds,Copper compounds (copper),RF-0102-001-PPP,2.0,True
51119,44C10986A1CD3215002298DA6AE8CB1D,DE,DE,P1020010A,-1,T999A,K005A,RF-0102-001-PPP,0.473,-1.0,VAL,2012,Copper compounds,Copper compounds,Copper compounds (copper),RF-0102-001-PPP,2.0,True
51120,0A4A399661A708A686E11B806FB2964D,DE,DE,P1020010A,-1,T999A,K005A,RF-0102-001-PPP,0.494,-1.0,VAL,2012,Copper compounds,Copper compounds,Copper compounds (copper),RF-0102-001-PPP,2.0,True
51121,E01966667F36B32A18F1B661796918F1,DE,DE,P1020010A,-1,T999A,K005A,RF-0102-001-PPP,0.498,-1.0,VAL,2012,Copper compounds,Copper compounds,Copper compounds (copper),RF-0102-001-PPP,2.0,True
51122,D2B7CE17DE4188A149F61E981F7CE3FF,DE,DE,P1020010A,-1,T999A,K005A,RF-0102-001-PPP,0.6019,-1.0,VAL,2012,Copper compounds,Copper compounds,Copper compounds (copper),RF-0102-001-PPP,2.0,True
51123,841E7F4A5A173D33B1031132D7B34C65,DE,DE,P1020010A,-1,T999A,K005A,RF-0102-001-PPP,0.5009,-1.0,VAL,2012,Copper compounds,Copper compounds,Copper compounds (copper),RF-0102-001-PPP,2.0,True
51124,20FE6E1DF79812DE4E532DD12D6C3BEA,DE,DE,P1020010A,-1,T999A,K005A,RF-0102-001-PPP,0.5649,-1.0,VAL,2012,Copper compounds,Copper compounds,Copper compounds (copper),RF-0102-001-PPP,2.0,True
51125,868C9843CFF751771050485D006C3E4C,DE,DE,P1020010A,-1,T999A,K005A,RF-0102-001-PPP,0.563,-1.0,VAL,2012,Copper compounds,Copper compounds,Copper compounds (copper),RF-0102-001-PPP,2.0,True
51126,155747ED944855BC1318BF5BF27DC1A0,DE,DE,P1020010A,-1,T999A,K005A,RF-0102-001-PPP,0.478,-1.0,VAL,2012,Copper compounds,Copper compounds,Copper compounds (copper),RF-0102-001-PPP,2.0,True
51127,04121235EFD72119777788FCFC9F04E6,DE,DE,P1020010A,-1,T999A,K005A,RF-0102-001-PPP,0.525,-1.0,VAL,2012,Copper compounds,Copper compounds,Copper compounds (copper),RF-0102-001-PPP,2.0,True
51128,73A03EAF1080E576A39B892870810F3F,DE,DE,P1020010A,-1,T999A,K005A,RF-0102-001-PPP,0.472,-1.0,VAL,2012,Copper compounds,Copper compounds,Copper compounds (copper),RF-0102-001-PPP,2.0,True
51129,095DC6F3517ED75895940672554054F3,DE,DE,P1020010A,-1,T999A,K005A,RF-0102-001-PPP,0.495,-1.0,VAL,2012,Copper compounds,Copper compounds,Copper compounds (copper),RF-0102-001-PPP,2.0,True
51130,93BFB6D7765271EEAF404B38CC00E537,DE,DE,P1020010A,-1,T999A,K005A,RF-0102-001-PPP,0.555,-1.0,VAL,2012,Copper compounds,Copper compounds,Copper compounds (copper),RF-0102-001-PPP,2.0,True
51636,C92D6F4E5C1C1AE4B36A3470175DC614,DE,DE,P1020010A,-1,T999A,K005A,RF-0119-001-PPP,0.017,3.4,VAL,2012,DDT (sum),DDT (sum),"DDT (sum of p,p'-DDT, o,p'-DDT, p-p'-DDE and p,p'-TDE (DDD) expressed as DDT)",RF-0119-001-PPP,0.04,True
51639,56C34C1A0A07DF20C3CE37FDA7725626,DE,DE,P1020010A,-1,T999A,K005A,RF-0119-001-PPP,0.00625,30.4,VAL,2012,DDT (sum),DDT (sum),"DDT (sum of p,p'-DDT, o,p'-DDT, p-p'-DDE and p,p'-TDE (DDD) expressed as DDT)",RF-0119-001-PPP,0.04,True
51649,99C385072901EB54CCB56D8F47A6481F,DE,DE,P1020010A,-1,T999A,K005A,RF-0119-001-PPP,0.011,3.3,VAL,2012,DDT (sum),DDT (sum),"DDT (sum of p,p'-DDT, o,p'-DDT, p-p'-DDE and p,p'-TDE (DDD) expressed as DDT)",RF-0119-001-PPP,0.04,True
51656,17F3AAB13631BCA4505F090788DF261D,DE,DE,P1020010A,-1,T999A,K005A,RF-0119-001-PPP,0.0076,-1.0,VAL,2012,DDT (sum),DDT (sum),"DDT (sum of p,p'-DDT, o,p'-DDT, p-p'-DDE and p,p'-TDE (DDD) expressed as DDT)",RF-0119-001-PPP,0.04,True
51657,1E9C69F08547D82999B1017B63043B97,DE,DE,P1020010A,-1,T999A,K005A,RF-0119-001-PPP,0.00013,-1.0,VAL,2012,DDT (sum),DDT (sum),"DDT (sum of p,p'-DDT, o,p'-DDT, p-p'-DDE and p,p'-TDE (DDD) expressed as DDT)",RF-0119-001-PPP,0.04,True
51658,009C1B8DCD2D1D7FF0612C7ABBFD8C63,DE,DE,P1020010A,-1,T999A,K005A,RF-0119-001-PPP,9e-05,-1.0,VAL,2012,DDT (sum),DDT (sum),"DDT (sum of p,p'-DDT, o,p'-DDT, p-p'-DDE and p,p'-TDE (DDD) expressed as DDT)",RF-0119-001-PPP,0.04,True
51660,97300DAE096D92C591E166D2D42551B2,DE,DE,P1020010A,-1,T999A,K005A,RF-0119-001-PPP,0.00022,-1.0,VAL,2012,DDT (sum),DDT (sum),"DDT (sum of p,p'-DDT, o,p'-DDT, p-p'-DDE and p,p'-TDE (DDD) expressed as DDT)",RF-0119-001-PPP,0.04,True
51661,953980D8CE44EDA8D7F9EC17376E105A,DE,DE,P1020010A,-1,T999A,K005A,RF-0119-001-PPP,0.00045,-1.0,VAL,2012,DDT (sum),DDT (sum),"DDT (sum of p,p'-DDT, o,p'-DDT, p-p'-DDE and p,p'-TDE (DDD) expressed as DDT)",RF-0119-001-PPP,0.04,True
51665,CC6B3F9E2901B8A5CA0EAB7D78878E3C,DE,DE,P1020010A,-1,T999A,K005A,RF-0119-001-PPP,0.00058,-1.0,VAL,2012,DDT (sum),DDT (sum),"DDT (sum of p,p'-DDT, o,p'-DDT, p-p'-DDE and p,p'-TDE (DDD) expressed as DDT)",RF-0119-001-PPP,0.04,True
51672,833863C0A3DC55EC8194D9F2A17ADF0C,DE,DE,P1020010A,-1,T999A,K005A,RF-0119-001-PPP,0.001,-1.0,VAL,2012,DDT (sum),DDT (sum),"DDT (sum of p,p'-DDT, o,p'-DDT, p-p'-DDE and p,p'-TDE (DDD) expressed as DDT)",RF-0119-001-PPP,0.04,True
51673,79A4344DC691A26D93F42A3E2470E54B,DE,DE,P1020010A,-1,T999A,K005A,RF-0119-001-PPP,0.00033,-1.0,VAL,2012,DDT (sum),DDT (sum),"DDT (sum of p,p'-DDT, o,p'-DDT, p-p'-DDE and p,p'-TDE (DDD) expressed as DDT)",RF-0119-001-PPP,0.04,True
51678,FF861D7FC1B96BB43962AEF9C2A85AA2,DE,DE,P1020010A,-1,T999A,K005A,RF-0119-001-PPP,0.00024,-1.0,VAL,2012,DDT (sum),DDT (sum),"DDT (sum of p,p'-DDT, o,p'-DDT, p-p'-DDE and p,p'-TDE (DDD) expressed as DDT)",RF-0119-001-PPP,0.04,True
51679,B04570AA9C4D3E043457FCCAF9A25959,DE,DE,P1020010A,-1,T999A,K005A,RF-0119-001-PPP,0.00046,-1.0,VAL,2012,DDT (sum),DDT (sum),"DDT (sum of p,p'-DDT, o,p'-DDT, p-p'-DDE and p,p'-TDE (DDD) expressed as DDT)",RF-0119-001-PPP,0.04,True
51682,E343B8D206D1C668F4F92E91C337C63E,DE,DE,P1020010A,-1,T999A,K005A,RF-0119-001-PPP,0.00018,-1.0,VAL,2012,DDT (sum),DDT (sum),"DDT (sum of p,p'-DDT, o,p'-DDT, p-p'-DDE and p,p'-TDE (DDD) expressed as DDT)",RF-0119-001-PPP,0.04,True
51683,372A2703EE0B1C1156E93932EF6559ED,DE,DE,P1020010A,-1,T999A,K005A,RF-0119-001-PPP,0.00013,-1.0,VAL,2012,DDT (sum),DDT (sum),"DDT (sum of p,p'-DDT, o,p'-DDT, p-p'-DDE and p,p'-TDE (DDD) expressed as DDT)",RF-0119-001-PPP,0.04,True
51684,FFBC3A52EC0696C5B74E31331F4072D9,DE,DE,P1020010A,-1,T999A,K005A,RF-0119-001-PPP,0.00027,-1.0,VAL,2012,DDT (sum),DDT (sum),"DDT (sum of p,p'-DDT, o,p'-DDT, p-p'-DDE and p,p'-TDE (DDD) expressed as DDT)",RF-0119-001-PPP,0.04,True
51685,690D9CC5239B8DD874A5F3C58720AE15,DE,DE,P1020010A,-1,T999A,K005A,RF-0119-001-PPP,0.00022,-1.0,VAL,2012,DDT (sum),DDT (sum),"DDT (sum of p,p'-DDT, o,p'-DDT, p-p'-DDE and p,p'-TDE (DDD) expressed as DDT)",RF-0119-001-PPP,0.04,True
51691,138C5E5BA8F9FE5FFFC66F5A3BDDABD1,DE,DE,P1020010A,-1,T999A,K005A,RF-0119-001-PPP,0.00027,-1.0,VAL,2012,DDT (sum),DDT (sum),"DDT (sum of p,p'-DDT, o,p'-DDT, p-p'-DDE and p,p'-TDE (DDD) expressed as DDT)",RF-0119-001-PPP,0.04,True
51693,AA0BDFE17B369A5DF204DB90D325ECC7,DE,DE,P1020010A,-1,T999A,K005A,RF-0119-001-PPP,0.00013,-1.0,VAL,2012,DDT (sum),DDT (sum),"DDT (sum of p,p'-DDT, o,p'-DDT, p-p'-DDE and p,p'-TDE (DDD) expressed as DDT)",RF-0119-001-PPP,0.04,True
51695,14B39776C1F46C62000A7B943AB50AEE,DE,DE,P1020010A,-1,T999A,K005A,RF-0119-001-PPP,0.00022,-1.0,VAL,2012,DDT (sum),DDT (sum),"DDT (sum of p,p'-DDT, o,p'-DDT, p-p'-DDE and p,p'-TDE (DDD) expressed as DDT)",RF-0119-001-PPP,0.04,True
51698,16C3DF5C4E0ABE7591BF363D206C43EA,DE,DE,P1020010A,-1,T999A,K005A,RF-0119-001-PPP,0.0016,-1.0,VAL,2012,DDT (sum),DDT (sum),"DDT (sum of p,p'-DDT, o,p'-DDT, p-p'-DDE and p,p'-TDE (DDD) expressed as DDT)",RF-0119-001-PPP,0.04,True
51699,0182AAC29D624354EB5943CB3B142BEB,DE,DE,P1020010A,-1,T999A,K005A,RF-0119-001-PPP,9e-05,-1.0,VAL,2012,DDT (sum),DDT (sum),"DDT (sum of p,p'-DDT, o,p'-DDT, p-p'-DDE and p,p'-TDE (DDD) expressed as DDT)",RF-0119-001-PPP,0.04,True
51702,4C67B2ACB7D657AC56D1699D4FB174C1,DE,DE,P1020010A,-1,T999A,K005A,RF-0119-001-PPP,9e-05,-1.0,VAL,2012,DDT (sum),DDT (sum),"DDT (sum of p,p'-DDT, o,p'-DDT, p-p'-DDE and p,p'-TDE (DDD) expressed as DDT)",RF-0119-001-PPP,0.04,True
51708,DBCEC056EEC0E0FFEA9B6C62CBAD5E60,DE,DE,P1020010A,-1,T999A,K005A,RF-0119-001-PPP,0.00031,-1.0,VAL,2012,DDT (sum),DDT (sum),"DDT (sum of p,p'-DDT, o,p'-DDT, p-p'-DDE and p,p'-TDE (DDD) expressed as DDT)",RF-0119-001-PPP,0.04,True
51709,AF4683ADC0364269C3F8E1A0168B0C16,DE,DE,P1020010A,-1,T999A,K005A,RF-0119-001-PPP,9e-05,-1.0,VAL,2012,DDT (sum),DDT (sum),"DDT (sum of p,p'-DDT, o,p'-DDT, p-p'-DDE and p,p'-TDE (DDD) expressed as DDT)",RF-0119-001-PPP,0.04,True
51712,3CC98C3930AF9B179347A1E4FBBADC70,DE,DE,P1020010A,-1,T999A,K005A,RF-0119-001-PPP,0.00058,-1.0,VAL,2012,DDT (sum),DDT (sum),"DDT (sum of p,p'-DDT, o,p'-DDT, p-p'-DDE and p,p'-TDE (DDD) expressed as DDT)",RF-0119-001-PPP,0.04,True
51716,DA7A6BEF301D0E0B62E7C96E3980615E,DE,DE,P1020010A,-1,T999A,K005A,RF-0119-001-PPP,0.00027,-1.0,VAL,2012,DDT (sum),DDT (sum),"DDT (sum of p,p'-DDT, o,p'-DDT, p-p'-DDE and p,p'-TDE (DDD) expressed as DDT)",RF-0119-001-PPP,0.04,True
51717,243CADD49E66A5330C38AF5E997FC3E7,DE,DE,P1020010A,-1,T999A,K005A,RF-0119-001-PPP,0.00013,-1.0,VAL,2012,DDT (sum),DDT (sum),"DDT (sum of p,p'-DDT, o,p'-DDT, p-p'-DDE and p,p'-TDE (DDD) expressed as DDT)",RF-0119-001-PPP,0.04,True
51722,3C983890F59EF9BFF4ABD357C1D4D1EF,DE,DE,P1020010A,-1,T999A,K005A,RF-0119-001-PPP,0.0005,-1.0,VAL,2012,DDT (sum),DDT (sum),"DDT (sum of p,p'-DDT, o,p'-DDT, p-p'-DDE and p,p'-TDE (DDD) expressed as DDT)",RF-0119-001-PPP,0.04,True
51724,B951077FA7DFB0905CEBBAE215130524,DE,DE,P1020010A,-1,T999A,K005A,RF-0119-001-PPP,9e-05,-1.0,VAL,2012,DDT (sum),DDT (sum),"DDT (sum of p,p'-DDT, o,p'-DDT, p-p'-DDE and p,p'-TDE (DDD) expressed as DDT)",RF-0119-001-PPP,0.04,True
51729,F93642B1B8F3D1557522E92A159993C4,DE,DE,P1020010A,-1,T999A,K005A,RF-0119-001-PPP,0.0004,-1.0,VAL,2012,DDT (sum),DDT (sum),"DDT (sum of p,p'-DDT, o,p'-DDT, p-p'-DDE and p,p'-TDE (DDD) expressed as DDT)",RF-0119-001-PPP,0.04,True
51732,D364EC0A52B763FA866301FD9C29AC32,DE,DE,P1020010A,-1,T999A,K005A,RF-0119-001-PPP,0.00018,-1.0,VAL,2012,DDT (sum),DDT (sum),"DDT (sum of p,p'-DDT, o,p'-DDT, p-p'-DDE and p,p'-TDE (DDD) expressed as DDT)",RF-0119-001-PPP,0.04,True
51736,FBD54ECA526091AC663BAD07B823D2B2,DE,DE,P1020010A,-1,T999A,K005A,RF-0119-001-PPP,0.00076,-1.0,VAL,2012,DDT (sum),DDT (sum),"DDT (sum of p,p'-DDT, o,p'-DDT, p-p'-DDE and p,p'-TDE (DDD) expressed as DDT)",RF-0119-001-PPP,0.04,True
51742,47911424130686F85E4986A715C664DD,DE,DE,P1020010A,-1,T999A,K005A,RF-0119-001-PPP,9e-05,-1.0,VAL,2012,DDT (sum),DDT (sum),"DDT (sum of p,p'-DDT, o,p'-DDT, p-p'-DDE and p,p'-TDE (DDD) expressed as DDT)",RF-0119-001-PPP,0.04,True
51743,B5658BD0E39B9116442777EF3D6057F6,DE,DE,P1020010A,-1,T999A,K005A,RF-0119-001-PPP,0.001,-1.0,VAL,2012,DDT (sum),DDT (sum),"DDT (sum of p,p'-DDT, o,p'-DDT, p-p'-DDE and p,p'-TDE (DDD) expressed as DDT)",RF-0119-001-PPP,0.04,True
51745,47049D0A84F79F0FD3523103B174CD41,DE,DE,P1020010A,-1,T999A,K005A,RF-0119-001-PPP,0.00041,-1.0,VAL,2012,DDT (sum),DDT (sum),"DDT (sum of p,p'-DDT, o,p'-DDT, p-p'-DDE and p,p'-TDE (DDD) expressed as DDT)",RF-0119-001-PPP,0.04,True
51747,455F15A8AB089480EA461AAB65CA2B76,DE,DE,P1020010A,-1,T999A,K005A,RF-0119-001-PPP,9e-05,-1.0,VAL,2012,DDT (sum),DDT (sum),"DDT (sum of p,p'-DDT, o,p'-DDT, p-p'-DDE and p,p'-TDE (DDD) expressed as DDT)",RF-0119-001-PPP,0.04,True
51748,CA502B3C7D6F30DCC55FEA6FA661C416,DE,DE,P1020010A,-1,T999A,K005A,RF-0119-001-PPP,0.00013,-1.0,VAL,2012,DDT (sum),DDT (sum),"DDT (sum of p,p'-DDT, o,p'-DDT, p-p'-DDE and p,p'-TDE (DDD) expressed as DDT)",RF-0119-001-PPP,0.04,True
51751,AE9F7C735FB96DE27E0E84F144F85AA3,DE,DE,P1020010A,-1,T999A,K005A,RF-0119-001-PPP,0.0002,-1.0,VAL,2012,DDT (sum),DDT (sum),"DDT (sum of p,p'-DDT, o,p'-DDT, p-p'-DDE and p,p'-TDE (DDD) expressed as DDT)",RF-0119-001-PPP,0.04,True
51755,271DB5255523A046FDBA3817F76F5947,DE,DE,P1020010A,-1,T999A,K005A,RF-0119-001-PPP,9e-05,-1.0,VAL,2012,DDT (sum),DDT (sum),"DDT (sum of p,p'-DDT, o,p'-DDT, p-p'-DDE and p,p'-TDE (DDD) expressed as DDT)",RF-0119-001-PPP,0.04,True
51757,4A5D62D1A93B5FFC307DD264302415CA,DE,DE,P1020010A,-1,T999A,K005A,RF-0119-001-PPP,9e-05,-1.0,VAL,2012,DDT (sum),DDT (sum),"DDT (sum of p,p'-DDT, o,p'-DDT, p-p'-DDE and p,p'-TDE (DDD) expressed as DDT)",RF-0119-001-PPP,0.04,True
51759,C3569574063367C496073BBBC73AFC0C,DE,DE,P1020010A,-1,T999A,K005A,RF-0119-001-PPP,0.00029,-1.0,VAL,2012,DDT (sum),DDT (sum),"DDT (sum of p,p'-DDT, o,p'-DDT, p-p'-DDE and p,p'-TDE (DDD) expressed as DDT)",RF-0119-001-PPP,0.04,True
51761,0267B54170943E2ABA002B4B85EDD9D7,DE,DE,P1020010A,-1,T999A,K005A,RF-0119-001-PPP,0.0013,-1.0,VAL,2012,DDT (sum),DDT (sum),"DDT (sum of p,p'-DDT, o,p'-DDT, p-p'-DDE and p,p'-TDE (DDD) expressed as DDT)",RF-0119-001-PPP,0.04,True
51762,8E556F9FC4DE94A0EF456414E838545B,DE,DE,P1020010A,-1,T999A,K005A,RF-0119-001-PPP,0.00013,-1.0,VAL,2012,DDT (sum),DDT (sum),"DDT (sum of p,p'-DDT, o,p'-DDT, p-p'-DDE and p,p'-TDE (DDD) expressed as DDT)",RF-0119-001-PPP,0.04,True
51763,D4EF5F66F06E9E936872636FD73F80E4,DE,DE,P1020010A,-1,T999A,K005A,RF-0119-001-PPP,0.00049,-1.0,VAL,2012,DDT (sum),DDT (sum),"DDT (sum of p,p'-DDT, o,p'-DDT, p-p'-DDE and p,p'-TDE (DDD) expressed as DDT)",RF-0119-001-PPP,0.04,True
51767,9E7A913143C23C2616BFCCD1CD3E2620,DE,DE,P1020010A,-1,T999A,K005A,RF-0119-001-PPP,0.00046,-1.0,VAL,2012,DDT (sum),DDT (sum),"DDT (sum of p,p'-DDT, o,p'-DDT, p-p'-DDE and p,p'-TDE (DDD) expressed as DDT)",RF-0119-001-PPP,0.04,True
51770,485E961B5FDB40616D4BB6487670730A,DE,DE,P1020010A,-1,T999A,K005A,RF-0119-001-PPP,0.00021,-1.0,VAL,2012,DDT (sum),DDT (sum),"DDT (sum of p,p'-DDT, o,p'-DDT, p-p'-DDE and p,p'-TDE (DDD) expressed as DDT)",RF-0119-001-PPP,0.04,True
51771,5C3807F4069E20DF20F87432FDDDE325,DE,DE,P1020010A,-1,T999A,K005A,RF-0119-001-PPP,0.0136,26.4,VAL,2012,DDT (sum),DDT (sum),"DDT (sum of p,p'-DDT, o,p'-DDT, p-p'-DDE and p,p'-TDE (DDD) expressed as DDT)",RF-0119-001-PPP,0.04,True
51774,EF733C09AA3498FC5CDDAEED6996D4EE,DE,DE,P1020010A,-1,T999A,K005A,RF-0119-001-PPP,0.00013,-1.0,VAL,2012,DDT (sum),DDT (sum),"DDT (sum of p,p'-DDT, o,p'-DDT, p-p'-DDE and p,p'-TDE (DDD) expressed as DDT)",RF-0119-001-PPP,0.04,True
51779,E6AB34042A59D55C7A7AC490A753F681,DE,DE,P1020010A,-1,T999A,K005A,RF-0119-001-PPP,0.0011,-1.0,VAL,2012,DDT (sum),DDT (sum),"DDT (sum of p,p'-DDT, o,p'-DDT, p-p'-DDE and p,p'-TDE (DDD) expressed as DDT)",RF-0119-001-PPP,0.04,True
51784,A84CD222FD8995EED77D08F6C81E4A90,DE,DE,P1020010A,-1,T999A,K005A,RF-0119-001-PPP,0.0007,4.0,VAL,2012,DDT (sum),DDT (sum),"DDT (sum of p,p'-DDT, o,p'-DDT, p-p'-DDE and p,p'-TDE (DDD) expressed as DDT)",RF-0119-001-PPP,0.04,True
51788,02910A625627AA7E7EAE8D1669FB0BC6,DE,DE,P1020010A,-1,T999A,K005A,RF-0119-001-PPP,0.0013,-1.0,VAL,2012,DDT (sum),DDT (sum),"DDT (sum of p,p'-DDT, o,p'-DDT, p-p'-DDE and p,p'-TDE (DDD) expressed as DDT)",RF-0119-001-PPP,0.04,True
51790,28D2CC14FF3EA8AEC07F466F3E7B5C3A,DE,DE,P1020010A,-1,T999A,K005A,RF-0119-001-PPP,0.00022,-1.0,VAL,2012,DDT (sum),DDT (sum),"DDT (sum of p,p'-DDT, o,p'-DDT, p-p'-DDE and p,p'-TDE (DDD) expressed as DDT)",RF-0119-001-PPP,0.04,True
51793,8A6051C69AB1EF209B140FC11A843D3B,DE,DE,P1020010A,-1,T999A,K005A,RF-0119-001-PPP,9e-05,-1.0,VAL,2012,DDT (sum),DDT (sum),"DDT (sum of p,p'-DDT, o,p'-DDT, p-p'-DDE and p,p'-TDE (DDD) expressed as DDT)",RF-0119-001-PPP,0.04,True
51795,3BE3ABC99CF67CEC3D0491701C57380B,DE,DE,P1020010A,-1,T999A,K005A,RF-0119-001-PPP,0.0046,-1.0,VAL,2012,DDT (sum),DDT (sum),"DDT (sum of p,p'-DDT, o,p'-DDT, p-p'-DDE and p,p'-TDE (DDD) expressed as DDT)",RF-0119-001-PPP,0.04,True
51796,55FC59BB6DE51572CCBD294CD0818AE0,DE,DE,P1020010A,-1,T999A,K005A,RF-0119-001-PPP,0.0017,-1.0,VAL,2012,DDT (sum),DDT (sum),"DDT (sum of p,p'-DDT, o,p'-DDT, p-p'-DDE and p,p'-TDE (DDD) expressed as DDT)",RF-0119-001-PPP,0.04,True
51798,DC430DABD999711931FAAF86F3629C99,DE,DE,P1020010A,-1,T999A,K005A,RF-0119-001-PPP,0.001,4.0,VAL,2012,DDT (sum),DDT (sum),"DDT (sum of p,p'-DDT, o,p'-DDT, p-p'-DDE and p,p'-TDE (DDD) expressed as DDT)",RF-0119-001-PPP,0.04,True
51799,375780E4F004C18220857AA2D4D93907,DE,DE,P1020010A,-1,T999A,K005A,RF-0119-001-PPP,0.00013,-1.0,VAL,2012,DDT (sum),DDT (sum),"DDT (sum of p,p'-DDT, o,p'-DDT, p-p'-DDE and p,p'-TDE (DDD) expressed as DDT)",RF-0119-001-PPP,0.04,True
51800,89CDC368D56C73E0D42CFFA8362C245B,DE,DE,P1020010A,-1,T999A,K005A,RF-0119-001-PPP,0.00051,-1.0,VAL,2012,DDT (sum),DDT (sum),"DDT (sum of p,p'-DDT, o,p'-DDT, p-p'-DDE and p,p'-TDE (DDD) expressed as DDT)",RF-0119-001-PPP,0.04,True
51806,FAD20B6191F64555D4EC288F983DF6C8,DE,DE,P1020010A,-1,T999A,K005A,RF-0119-001-PPP,9e-05,-1.0,VAL,2012,DDT (sum),DDT (sum),"DDT (sum of p,p'-DDT, o,p'-DDT, p-p'-DDE and p,p'-TDE (DDD) expressed as DDT)",RF-0119-001-PPP,0.04,True
51809,CD5A5EBE9F79CE258B803531772E86F5,DE,DE,P1020010A,-1,T999A,K005A,RF-0119-001-PPP,0.001,4.0,VAL,2012,DDT (sum),DDT (sum),"DDT (sum of p,p'-DDT, o,p'-DDT, p-p'-DDE and p,p'-TDE (DDD) expressed as DDT)",RF-0119-001-PPP,0.04,True
51813,903BF1A82A66E36513D326D2B8EAA48A,DE,DE,P1020010A,-1,T999A,K005A,RF-0119-001-PPP,9e-05,-1.0,VAL,2012,DDT (sum),DDT (sum),"DDT (sum of p,p'-DDT, o,p'-DDT, p-p'-DDE and p,p'-TDE (DDD) expressed as DDT)",RF-0119-001-PPP,0.04,True
51815,159F8A7B330E035D9B29A4334CCE5D53,DE,DE,P1020010A,-1,T999A,K005A,RF-0119-001-PPP,0.00018,-1.0,VAL,2012,DDT (sum),DDT (sum),"DDT (sum of p,p'-DDT, o,p'-DDT, p-p'-DDE and p,p'-TDE (DDD) expressed as DDT)",RF-0119-001-PPP,0.04,True
51816,5C537B37C3CF4F9E110B38683F2E175F,DE,DE,P1020010A,-1,T999A,K005A,RF-0119-001-PPP,0.00027,-1.0,VAL,2012,DDT (sum),DDT (sum),"DDT (sum of p,p'-DDT, o,p'-DDT, p-p'-DDE and p,p'-TDE (DDD) expressed as DDT)",RF-0119-001-PPP,0.04,True
51817,6A61FB9CF4809A92E82F1E0958C064BE,DE,DE,P1020010A,-1,T999A,K005A,RF-0119-001-PPP,0.00018,-1.0,VAL,2012,DDT (sum),DDT (sum),"DDT (sum of p,p'-DDT, o,p'-DDT, p-p'-DDE and p,p'-TDE (DDD) expressed as DDT)",RF-0119-001-PPP,0.04,True
51818,411CA94A30A50A71A7439B1951B6A5FC,DE,DE,P1020010A,-1,T999A,K005A,RF-0119-001-PPP,0.00027,-1.0,VAL,2012,DDT (sum),DDT (sum),"DDT (sum of p,p'-DDT, o,p'-DDT, p-p'-DDE and p,p'-TDE (DDD) expressed as DDT)",RF-0119-001-PPP,0.04,True
51820,7E37E6F74AECA3A0EAD698B5B6BF7094,DE,DE,P1020010A,-1,T999A,K005A,RF-0119-001-PPP,0.00013,-1.0,VAL,2012,DDT (sum),DDT (sum),"DDT (sum of p,p'-DDT, o,p'-DDT, p-p'-DDE and p,p'-TDE (DDD) expressed as DDT)",RF-0119-001-PPP,0.04,True
51822,733595B44D25CEE5DF465E4499F47F56,DE,DE,P1020010A,-1,T999A,K005A,RF-0119-001-PPP,9e-05,-1.0,VAL,2012,DDT (sum),DDT (sum),"DDT (sum of p,p'-DDT, o,p'-DDT, p-p'-DDE and p,p'-TDE (DDD) expressed as DDT)",RF-0119-001-PPP,0.04,True
51823,EB6ACCA3F62DC52108F310EA3D508324,DE,DE,P1020010A,-1,T999A,K005A,RF-0119-001-PPP,0.00022,-1.0,VAL,2012,DDT (sum),DDT (sum),"DDT (sum of p,p'-DDT, o,p'-DDT, p-p'-DDE and p,p'-TDE (DDD) expressed as DDT)",RF-0119-001-PPP,0.04,True
51825,2D5211E6CFD5C4F397126E98DB1DA6D9,DE,DE,P1020010A,-1,T999A,K005A,RF-0119-001-PPP,0.00013,-1.0,VAL,2012,DDT (sum),DDT (sum),"DDT (sum of p,p'-DDT, o,p'-DDT, p-p'-DDE and p,p'-TDE (DDD) expressed as DDT)",RF-0119-001-PPP,0.04,True
51827,D9851101B324C6A6A1E6A305E23674E9,DE,DE,P1020010A,-1,T999A,K005A,RF-0119-001-PPP,0.00632,-1.0,VAL,2012,DDT (sum),DDT (sum),"DDT (sum of p,p'-DDT, o,p'-DDT, p-p'-DDE and p,p'-TDE (DDD) expressed as DDT)",RF-0119-001-PPP,0.04,True
51828,778C6040B094444558617B024810D198,DE,DE,P1020010A,-1,T999A,K005A,RF-0119-001-PPP,0.00013,-1.0,VAL,2012,DDT (sum),DDT (sum),"DDT (sum of p,p'-DDT, o,p'-DDT, p-p'-DDE and p,p'-TDE (DDD) expressed as DDT)",RF-0119-001-PPP,0.04,True
51830,A435D4BDC238A8FCBB490C7835BD748C,DE,DE,P1020010A,-1,T999A,K005A,RF-0119-001-PPP,0.0036,-1.0,VAL,2012,DDT (sum),DDT (sum),"DDT (sum of p,p'-DDT, o,p'-DDT, p-p'-DDE and p,p'-TDE (DDD) expressed as DDT)",RF-0119-001-PPP,0.04,True
51831,FCAB152EBDC28FD99AA35A344129327B,DE,DE,P1020010A,-1,T999A,K005A,RF-0119-001-PPP,0.00018,-1.0,VAL,2012,DDT (sum),DDT (sum),"DDT (sum of p,p'-DDT, o,p'-DDT, p-p'-DDE and p,p'-TDE (DDD) expressed as DDT)",RF-0119-001-PPP,0.04,True
51834,2BA385B6555304086A17D37FB26DD51E,DE,DE,P1020010A,-1,T999A,K005A,RF-0119-001-PPP,0.001,4.0,VAL,2012,DDT (sum),DDT (sum),"DDT (sum of p,p'-DDT, o,p'-DDT, p-p'-DDE and p,p'-TDE (DDD) expressed as DDT)",RF-0119-001-PPP,0.04,True
51835,BED37855DD065D6BFF51E349CF65DEA9,DE,DE,P1020010A,-1,T999A,K005A,RF-0119-001-PPP,0.0008,-1.0,VAL,2012,DDT (sum),DDT (sum),"DDT (sum of p,p'-DDT, o,p'-DDT, p-p'-DDE and p,p'-TDE (DDD) expressed as DDT)",RF-0119-001-PPP,0.04,True
51838,154B435EF9D43E6898B67C2EA553CA1F,DE,DE,P1020010A,-1,T999A,K005A,RF-0119-001-PPP,0.00035,-1.0,VAL,2012,DDT (sum),DDT (sum),"DDT (sum of p,p'-DDT, o,p'-DDT, p-p'-DDE and p,p'-TDE (DDD) expressed as DDT)",RF-0119-001-PPP,0.04,True
51847,150A3DBF4A5349419316F4FC6D7CFE98,DE,DE,P1020010A,-1,T999A,K005A,RF-0119-001-PPP,0.00028,-1.0,VAL,2012,DDT (sum),DDT (sum),"DDT (sum of p,p'-DDT, o,p'-DDT, p-p'-DDE and p,p'-TDE (DDD) expressed as DDT)",RF-0119-001-PPP,0.04,True
51848,E2B67CEAF88977FD41B05FC562AB8F7D,DE,DE,P1020010A,-1,T999A,K005A,RF-0119-001-PPP,0.00038,-1.0,VAL,2012,DDT (sum),DDT (sum),"DDT (sum of p,p'-DDT, o,p'-DDT, p-p'-DDE and p,p'-TDE (DDD) expressed as DDT)",RF-0119-001-PPP,0.04,True
51849,30D745DE7F0B13B9641A9A61C7CD0987,DE,DE,P1020010A,-1,T999A,K005A,RF-0119-001-PPP,0.00039,-1.0,VAL,2012,DDT (sum),DDT (sum),"DDT (sum of p,p'-DDT, o,p'-DDT, p-p'-DDE and p,p'-TDE (DDD) expressed as DDT)",RF-0119-001-PPP,0.04,True
51852,873A430635E250436B46F2A3ED5D5A89,DE,DE,P1020010A,-1,T999A,K005A,RF-0119-001-PPP,0.00042,-1.0,VAL,2012,DDT (sum),DDT (sum),"DDT (sum of p,p'-DDT, o,p'-DDT, p-p'-DDE and p,p'-TDE (DDD) expressed as DDT)",RF-0119-001-PPP,0.04,True
51855,35C08D3CDBCED4DE3449B0366087B77E,DE,DE,P1020010A,-1,T999A,K005A,RF-0119-001-PPP,0.00046,-1.0,VAL,2012,DDT (sum),DDT (sum),"DDT (sum of p,p'-DDT, o,p'-DDT, p-p'-DDE and p,p'-TDE (DDD) expressed as DDT)",RF-0119-001-PPP,0.04,True
51857,6E10AB2109E5971B8BF32E5C0DAEAFA1,DE,DE,P1020010A,-1,T999A,K005A,RF-0119-001-PPP,0.0003,-1.0,VAL,2012,DDT (sum),DDT (sum),"DDT (sum of p,p'-DDT, o,p'-DDT, p-p'-DDE and p,p'-TDE (DDD) expressed as DDT)",RF-0119-001-PPP,0.04,True
51858,DF983C4CA70CC8BBBD6EC359BB4155A5,DE,DE,P1020010A,-1,T999A,K005A,RF-0119-001-PPP,0.00046,-1.0,VAL,2012,DDT (sum),DDT (sum),"DDT (sum of p,p'-DDT, o,p'-DDT, p-p'-DDE and p,p'-TDE (DDD) expressed as DDT)",RF-0119-001-PPP,0.04,True
51869,B1FB557F3CB3344335E96186909F1F16,DE,AT,P1020010A,-1,T999A,K005A,RF-0119-001-PPP,0.0001,-1.0,VAL,2012,DDT (sum),DDT (sum),"DDT (sum of p,p'-DDT, o,p'-DDT, p-p'-DDE and p,p'-TDE (DDD) expressed as DDT)",RF-0119-001-PPP,0.04,True
51870,D5304BF4279046E0FF7962D8B72DBA8E,DE,DE,P1020010A,-1,T999A,K005A,RF-0119-001-PPP,0.0001,-1.0,VAL,2012,DDT (sum),DDT (sum),"DDT (sum of p,p'-DDT, o,p'-DDT, p-p'-DDE and p,p'-TDE (DDD) expressed as DDT)",RF-0119-001-PPP,0.04,True
51881,B9D0073413A28E73C0A09F6BCCFAB02D,DE,XX,P1020010A,-1,T999A,K005A,RF-0119-001-PPP,0.002,3.4,VAL,2012,DDT (sum),DDT (sum),"DDT (sum of p,p'-DDT, o,p'-DDT, p-p'-DDE and p,p'-TDE (DDD) expressed as DDT)",RF-0119-001-PPP,0.04,True
51884,5E76B615BD78AB508DF6A8A5B732BBD7,DE,DE,P1020010A,-1,T999A,K005A,RF-0119-001-PPP,0.0001,-1.0,VAL,2012,DDT (sum),DDT (sum),"DDT (sum of p,p'-DDT, o,p'-DDT, p-p'-DDE and p,p'-TDE (DDD) expressed as DDT)",RF-0119-001-PPP,0.04,True
51888,113E171A391F4E52137AE0075DFDAA44,DE,DE,P1020010A,-1,T999A,K005A,RF-0119-001-PPP,0.0012,-1.0,VAL,2012,DDT (sum),DDT (sum),"DDT (sum of p,p'-DDT, o,p'-DDT, p-p'-DDE and p,p'-TDE (DDD) expressed as DDT)",RF-0119-001-PPP,0.04,True
51889,8787FE7019626AC2D100BDBEE5160ECB,DE,DE,P1020010A,-1,T999A,K005A,RF-0119-001-PPP,0.001,-1.0,VAL,2012,DDT (sum),DDT (sum),"DDT (sum of p,p'-DDT, o,p'-DDT, p-p'-DDE and p,p'-TDE (DDD) expressed as DDT)",RF-0119-001-PPP,0.04,True
51890,DA399439DBE0CED983BAFEFB00AFB80B,DE,DE,P1020010A,-1,T999A,K005A,RF-0119-001-PPP,0.00065,-1.0,VAL,2012,DDT (sum),DDT (sum),"DDT (sum of p,p'-DDT, o,p'-DDT, p-p'-DDE and p,p'-TDE (DDD) expressed as DDT)",RF-0119-001-PPP,0.04,True
51891,7C9CEA81443D2C1D700617CA80BBDDD2,DE,DE,P1020010A,-1,T999A,K005A,RF-0119-001-PPP,9e-05,-1.0,VAL,2012,DDT (sum),DDT (sum),"DDT (sum of p,p'-DDT, o,p'-DDT, p-p'-DDE and p,p'-TDE (DDD) expressed as DDT)",RF-0119-001-PPP,0.04,True
51892,695065C60F9EC17747EF469EE946E678,DE,DE,P1020010A,-1,T999A,K005A,RF-0119-001-PPP,0.00049,-1.0,VAL,2012,DDT (sum),DDT (sum),"DDT (sum of p,p'-DDT, o,p'-DDT, p-p'-DDE and p,p'-TDE (DDD) expressed as DDT)",RF-0119-001-PPP,0.04,True
51893,779CA1874223025D5AD8A156C2497158,DE,DE,P1020010A,-1,T999A,K005A,RF-0119-001-PPP,0.0005,-1.0,VAL,2012,DDT (sum),DDT (sum),"DDT (sum of p,p'-DDT, o,p'-DDT, p-p'-DDE and p,p'-TDE (DDD) expressed as DDT)",RF-0119-001-PPP,0.04,True
51904,719986DFEB956D3DC8932E3FEEB88121,DE,DE,P1020010A,-1,T999A,K005A,RF-0119-001-PPP,0.0001,-1.0,VAL,2012,DDT (sum),DDT (sum),"DDT (sum of p,p'-DDT, o,p'-DDT, p-p'-DDE and p,p'-TDE (DDD) expressed as DDT)",RF-0119-001-PPP,0.04,True
51906,301B10880E08DDB9EEA48D40EB808CB0,DE,DE,P1020010A,-1,T999A,K005A,RF-0119-001-PPP,0.0001,-1.0,VAL,2012,DDT (sum),DDT (sum),"DDT (sum of p,p'-DDT, o,p'-DDT, p-p'-DDE and p,p'-TDE (DDD) expressed as DDT)",RF-0119-001-PPP,0.04,True
51925,3B1B69CEF4415CD96216A9E42790446F,DE,DE,P1020010A,-1,T999A,K005A,RF-0119-001-PPP,0.004,3.5,VAL,2012,DDT (sum),DDT (sum),"DDT (sum of p,p'-DDT, o,p'-DDT, p-p'-DDE and p,p'-TDE (DDD) expressed as DDT)",RF-0119-001-PPP,0.04,True
51946,E6167DFBCF88BD4BA62EB15AE0BAFC18,DE,DE,P1020010A,-1,T999A,K005A,RF-0119-001-PPP,0.021,-1.0,VAL,2012,DDT (sum),DDT (sum),"DDT (sum of p,p'-DDT, o,p'-DDT, p-p'-DDE and p,p'-TDE (DDD) expressed as DDT)",RF-0119-001-PPP,0.04,True
51947,7955E3F4AF9641EAEB76FD4A434B8DBF,DE,DE,P1020010A,-1,T999A,K005A,RF-0119-001-PPP,0.007,4.1,VAL,2012,DDT (sum),DDT (sum),"DDT (sum of p,p'-DDT, o,p'-DDT, p-p'-DDE and p,p'-TDE (DDD) expressed as DDT)",RF-0119-001-PPP,0.04,True
51949,2034D3E3DAB94627222F10339FA6DB9C,DE,DE,P1020010A,-1,T999A,K005A,RF-0119-001-PPP,0.006,3.8,VAL,2012,DDT (sum),DDT (sum),"DDT (sum of p,p'-DDT, o,p'-DDT, p-p'-DDE and p,p'-TDE (DDD) expressed as DDT)",RF-0119-001-PPP,0.04,True
51958,F3B8858B5D24F30379A1BD68527BFB1C,DE,DE,P1020010A,-1,T999A,K005A,RF-0119-001-PPP,0.0111,29.8,VAL,2012,DDT (sum),DDT (sum),"DDT (sum of p,p'-DDT, o,p'-DDT, p-p'-DDE and p,p'-TDE (DDD) expressed as DDT)",RF-0119-001-PPP,0.04,True
53198,97300DAE096D92C591E166D2D42551B2,DE,DE,P1020010A,-1,T999A,K005A,RF-0156-001-PPP,8e-05,-1.0,VAL,2012,Endrin (sum),Endrin,Endrin,RF-0156-001-PPP,0.0008,True
53213,DBCEC056EEC0E0FFEA9B6C62CBAD5E60,DE,DE,P1020010A,-1,T999A,K005A,RF-0156-001-PPP,4e-05,-1.0,VAL,2012,Endrin (sum),Endrin,Endrin,RF-0156-001-PPP,0.0008,True
53240,725791C08C52301C10EDF09F31C09342,DE,DE,P1020010A,-1,T999A,K005A,RF-0156-001-PPP,4e-05,-1.0,VAL,2012,Endrin (sum),Endrin,Endrin,RF-0156-001-PPP,0.0008,True
54848,8DA6580328D2780CA7179714BA6E9207,DE,DE,P1020010A,-1,T999A,K005A,RF-0237-001-PPP,0.0001,-1.0,VAL,2012,Hexachlorobenzene,Hexachlorobenzene,Hexachlorobenzene,RF-0237-001-PPP,0.005,True
54860,CF06D8A6F91454A50EA5EC1DAE93444E,DE,AT,P1020010A,-1,T999A,K005A,RF-0237-001-PPP,0.0001,-1.0,VAL,2012,Hexachlorobenzene,Hexachlorobenzene,Hexachlorobenzene,RF-0237-001-PPP,0.005,True
54861,D977C8B4A6BEFC6167D678D9458819D0,DE,DE,P1020010A,-1,T999A,K005A,RF-0237-001-PPP,0.0003,-1.0,VAL,2012,Hexachlorobenzene,Hexachlorobenzene,Hexachlorobenzene,RF-0237-001-PPP,0.005,True
54867,1E9C69F08547D82999B1017B63043B97,DE,DE,P1020010A,-1,T999A,K005A,RF-0237-001-PPP,0.00012,-1.0,VAL,2012,Hexachlorobenzene,Hexachlorobenzene,Hexachlorobenzene,RF-0237-001-PPP,0.005,True
54868,009C1B8DCD2D1D7FF0612C7ABBFD8C63,DE,DE,P1020010A,-1,T999A,K005A,RF-0237-001-PPP,0.00016,-1.0,VAL,2012,Hexachlorobenzene,Hexachlorobenzene,Hexachlorobenzene,RF-0237-001-PPP,0.005,True
54873,97300DAE096D92C591E166D2D42551B2,DE,DE,P1020010A,-1,T999A,K005A,RF-0237-001-PPP,0.00016,-1.0,VAL,2012,Hexachlorobenzene,Hexachlorobenzene,Hexachlorobenzene,RF-0237-001-PPP,0.005,True
54875,E343B8D206D1C668F4F92E91C337C63E,DE,DE,P1020010A,-1,T999A,K005A,RF-0237-001-PPP,0.0002,-1.0,VAL,2012,Hexachlorobenzene,Hexachlorobenzene,Hexachlorobenzene,RF-0237-001-PPP,0.005,True
54876,1372201CB5A684FE2C0652D599370A9C,DE,DE,P1020010A,-1,T999A,K005A,RF-0237-001-PPP,8e-05,-1.0,VAL,2012,Hexachlorobenzene,Hexachlorobenzene,Hexachlorobenzene,RF-0237-001-PPP,0.005,True
54879,A46FE74C60A049A1F8BAEDDE7BA77AD3,DE,DE,P1020010A,-1,T999A,K005A,RF-0237-001-PPP,0.00012,-1.0,VAL,2012,Hexachlorobenzene,Hexachlorobenzene,Hexachlorobenzene,RF-0237-001-PPP,0.005,True
54880,4C67B2ACB7D657AC56D1699D4FB174C1,DE,DE,P1020010A,-1,T999A,K005A,RF-0237-001-PPP,0.0002,-1.0,VAL,2012,Hexachlorobenzene,Hexachlorobenzene,Hexachlorobenzene,RF-0237-001-PPP,0.005,True
54881,7509D12BC36F5AE246145F028C09820C,DE,DE,P1020010A,-1,T999A,K005A,RF-0237-001-PPP,8e-05,-1.0,VAL,2012,Hexachlorobenzene,Hexachlorobenzene,Hexachlorobenzene,RF-0237-001-PPP,0.005,True
54882,FC2E75413BF915371E1C3386A27D60AE,DE,DE,P1020010A,-1,T999A,K005A,RF-0237-001-PPP,0.00012,-1.0,VAL,2012,Hexachlorobenzene,Hexachlorobenzene,Hexachlorobenzene,RF-0237-001-PPP,0.005,True
54883,03214CCDED18D9111B29947F4B9F97A7,DE,DE,P1020010A,-1,T999A,K005A,RF-0237-001-PPP,0.00016,-1.0,VAL,2012,Hexachlorobenzene,Hexachlorobenzene,Hexachlorobenzene,RF-0237-001-PPP,0.005,True
54886,271DB5255523A046FDBA3817F76F5947,DE,DE,P1020010A,-1,T999A,K005A,RF-0237-001-PPP,0.00012,-1.0,VAL,2012,Hexachlorobenzene,Hexachlorobenzene,Hexachlorobenzene,RF-0237-001-PPP,0.005,True
54887,833863C0A3DC55EC8194D9F2A17ADF0C,DE,DE,P1020010A,-1,T999A,K005A,RF-0237-001-PPP,0.00012,-1.0,VAL,2012,Hexachlorobenzene,Hexachlorobenzene,Hexachlorobenzene,RF-0237-001-PPP,0.005,True
54892,B951077FA7DFB0905CEBBAE215130524,DE,DE,P1020010A,-1,T999A,K005A,RF-0237-001-PPP,8e-05,-1.0,VAL,2012,Hexachlorobenzene,Hexachlorobenzene,Hexachlorobenzene,RF-0237-001-PPP,0.005,True
54893,254ABCF60E52494896DFB4CE5F30946C,DE,DE,P1020010A,-1,T999A,K005A,RF-0237-001-PPP,0.00012,-1.0,VAL,2012,Hexachlorobenzene,Hexachlorobenzene,Hexachlorobenzene,RF-0237-001-PPP,0.005,True
54895,1C6FD1CE7FEE255578999557A5C87457,DE,DE,P1020010A,-1,T999A,K005A,RF-0237-001-PPP,4e-05,-1.0,VAL,2012,Hexachlorobenzene,Hexachlorobenzene,Hexachlorobenzene,RF-0237-001-PPP,0.005,True
54896,B5591289189E9197D18C18D4E3D3A3C2,DE,DE,P1020010A,-1,T999A,K005A,RF-0237-001-PPP,0.00012,-1.0,VAL,2012,Hexachlorobenzene,Hexachlorobenzene,Hexachlorobenzene,RF-0237-001-PPP,0.005,True
54898,BE02704A6A1D28F0793304BC30956347,DE,DE,P1020010A,-1,T999A,K005A,RF-0237-001-PPP,0.00012,-1.0,VAL,2012,Hexachlorobenzene,Hexachlorobenzene,Hexachlorobenzene,RF-0237-001-PPP,0.005,True
54899,E2A3AD56B55F46BFDBFC54D3FD7FDF84,DE,DE,P1020010A,-1,T999A,K005A,RF-0237-001-PPP,0.00012,-1.0,VAL,2012,Hexachlorobenzene,Hexachlorobenzene,Hexachlorobenzene,RF-0237-001-PPP,0.005,True
54900,7C161282D4FBBD287C69720D631B2301,DE,DE,P1020010A,-1,T999A,K005A,RF-0237-001-PPP,8e-05,-1.0,VAL,2012,Hexachlorobenzene,Hexachlorobenzene,Hexachlorobenzene,RF-0237-001-PPP,0.005,True
54902,CAC5AC433CDB297459180C163330D503,DE,DE,P1020010A,-1,T999A,K005A,RF-0237-001-PPP,0.00012,-1.0,VAL,2012,Hexachlorobenzene,Hexachlorobenzene,Hexachlorobenzene,RF-0237-001-PPP,0.005,True
54903,D364EC0A52B763FA866301FD9C29AC32,DE,DE,P1020010A,-1,T999A,K005A,RF-0237-001-PPP,8e-05,-1.0,VAL,2012,Hexachlorobenzene,Hexachlorobenzene,Hexachlorobenzene,RF-0237-001-PPP,0.005,True
54904,372A2703EE0B1C1156E93932EF6559ED,DE,DE,P1020010A,-1,T999A,K005A,RF-0237-001-PPP,8e-05,-1.0,VAL,2012,Hexachlorobenzene,Hexachlorobenzene,Hexachlorobenzene,RF-0237-001-PPP,0.005,True
54905,0182AAC29D624354EB5943CB3B142BEB,DE,DE,P1020010A,-1,T999A,K005A,RF-0237-001-PPP,0.00012,-1.0,VAL,2012,Hexachlorobenzene,Hexachlorobenzene,Hexachlorobenzene,RF-0237-001-PPP,0.005,True
54908,690D9CC5239B8DD874A5F3C58720AE15,DE,DE,P1020010A,-1,T999A,K005A,RF-0237-001-PPP,0.00016,-1.0,VAL,2012,Hexachlorobenzene,Hexachlorobenzene,Hexachlorobenzene,RF-0237-001-PPP,0.005,True
54909,E2F93171ABE187AAE7C23AA818479C0D,DE,DE,P1020010A,-1,T999A,K005A,RF-0237-001-PPP,0.00012,-1.0,VAL,2012,Hexachlorobenzene,Hexachlorobenzene,Hexachlorobenzene,RF-0237-001-PPP,0.005,True
54910,6550494278748E3EAAE13F3869C6013F,DE,DE,P1020010A,-1,T999A,K005A,RF-0237-001-PPP,0.00016,-1.0,VAL,2012,Hexachlorobenzene,Hexachlorobenzene,Hexachlorobenzene,RF-0237-001-PPP,0.005,True
54912,15F9F96BCB3F7589F6BC77EE7AD00859,DE,DE,P1020010A,-1,T999A,K005A,RF-0237-001-PPP,0.00012,-1.0,VAL,2012,Hexachlorobenzene,Hexachlorobenzene,Hexachlorobenzene,RF-0237-001-PPP,0.005,True
54914,34399813ECCCE5CC9F6822B55A05D6C6,DE,DE,P1020010A,-1,T999A,K005A,RF-0237-001-PPP,8e-05,-1.0,VAL,2012,Hexachlorobenzene,Hexachlorobenzene,Hexachlorobenzene,RF-0237-001-PPP,0.005,True
54915,94C6F4FC52B8FCAA7C3CFB08483AB5E1,DE,DE,P1020010A,-1,T999A,K005A,RF-0237-001-PPP,8e-05,-1.0,VAL,2012,Hexachlorobenzene,Hexachlorobenzene,Hexachlorobenzene,RF-0237-001-PPP,0.005,True
54916,6CC6EF7634FFB47E4992AB23C55D8028,DE,DE,P1020010A,-1,T999A,K005A,RF-0237-001-PPP,0.00016,-1.0,VAL,2012,Hexachlorobenzene,Hexachlorobenzene,Hexachlorobenzene,RF-0237-001-PPP,0.005,True
54917,243CADD49E66A5330C38AF5E997FC3E7,DE,DE,P1020010A,-1,T999A,K005A,RF-0237-001-PPP,0.00012,-1.0,VAL,2012,Hexachlorobenzene,Hexachlorobenzene,Hexachlorobenzene,RF-0237-001-PPP,0.005,True
54918,725791C08C52301C10EDF09F31C09342,DE,DE,P1020010A,-1,T999A,K005A,RF-0237-001-PPP,0.00012,-1.0,VAL,2012,Hexachlorobenzene,Hexachlorobenzene,Hexachlorobenzene,RF-0237-001-PPP,0.005,True
54920,3AB25F1CFD8929E975F43A3F952D4C9F,DE,DE,P1020010A,-1,T999A,K005A,RF-0237-001-PPP,8e-05,-1.0,VAL,2012,Hexachlorobenzene,Hexachlorobenzene,Hexachlorobenzene,RF-0237-001-PPP,0.005,True
54921,54C777EDC772B3063EF9B473C88CD04A,DE,DE,P1020010A,-1,T999A,K005A,RF-0237-001-PPP,0.00016,-1.0,VAL,2012,Hexachlorobenzene,Hexachlorobenzene,Hexachlorobenzene,RF-0237-001-PPP,0.005,True
54922,E83473FA9E05BB15042A22E41D343184,DE,DE,P1020010A,-1,T999A,K005A,RF-0237-001-PPP,0.00012,-1.0,VAL,2012,Hexachlorobenzene,Hexachlorobenzene,Hexachlorobenzene,RF-0237-001-PPP,0.005,True
54923,F57B4C11C0923F9E4DBEDDA0893028AE,DE,DE,P1020010A,-1,T999A,K005A,RF-0237-001-PPP,0.00012,-1.0,VAL,2012,Hexachlorobenzene,Hexachlorobenzene,Hexachlorobenzene,RF-0237-001-PPP,0.005,True
54924,AB5BBD1E6A9512B6E4CBB3DFA15D4614,DE,DE,P1020010A,-1,T999A,K005A,RF-0237-001-PPP,8e-05,-1.0,VAL,2012,Hexachlorobenzene,Hexachlorobenzene,Hexachlorobenzene,RF-0237-001-PPP,0.005,True
54925,9F08EC5D87784623FFB32E5B4C252CAF,DE,DE,P1020010A,-1,T999A,K005A,RF-0237-001-PPP,0.00012,-1.0,VAL,2012,Hexachlorobenzene,Hexachlorobenzene,Hexachlorobenzene,RF-0237-001-PPP,0.005,True
54926,79921D9E91D65A98EF50BFD8DEFAA1F2,DE,DE,P1020010A,-1,T999A,K005A,RF-0237-001-PPP,4e-05,-1.0,VAL,2012,Hexachlorobenzene,Hexachlorobenzene,Hexachlorobenzene,RF-0237-001-PPP,0.005,True
54927,A9B11A0479201C91465C818AFB5669EA,DE,DE,P1020010A,-1,T999A,K005A,RF-0237-001-PPP,0.00012,-1.0,VAL,2012,Hexachlorobenzene,Hexachlorobenzene,Hexachlorobenzene,RF-0237-001-PPP,0.005,True
54928,DC5DB69A008EA2DCE59E2F5FFC891827,DE,DE,P1020010A,-1,T999A,K005A,RF-0237-001-PPP,0.00012,-1.0,VAL,2012,Hexachlorobenzene,Hexachlorobenzene,Hexachlorobenzene,RF-0237-001-PPP,0.005,True
54929,47911424130686F85E4986A715C664DD,DE,DE,P1020010A,-1,T999A,K005A,RF-0237-001-PPP,4e-05,-1.0,VAL,2012,Hexachlorobenzene,Hexachlorobenzene,Hexachlorobenzene,RF-0237-001-PPP,0.005,True
54930,AA0BDFE17B369A5DF204DB90D325ECC7,DE,DE,P1020010A,-1,T999A,K005A,RF-0237-001-PPP,0.0002,-1.0,VAL,2012,Hexachlorobenzene,Hexachlorobenzene,Hexachlorobenzene,RF-0237-001-PPP,0.005,True
54933,DBCEC056EEC0E0FFEA9B6C62CBAD5E60,DE,DE,P1020010A,-1,T999A,K005A,RF-0237-001-PPP,8e-05,-1.0,VAL,2012,Hexachlorobenzene,Hexachlorobenzene,Hexachlorobenzene,RF-0237-001-PPP,0.005,True
54934,A192F0A8A1E77989B0253BFAA586F75B,DE,DE,P1020010A,-1,T999A,K005A,RF-0237-001-PPP,0.00012,-1.0,VAL,2012,Hexachlorobenzene,Hexachlorobenzene,Hexachlorobenzene,RF-0237-001-PPP,0.005,True
54935,6F5724C4FA1F8D3C9F9402711A57C727,DE,DE,P1020010A,-1,T999A,K005A,RF-0237-001-PPP,0.00012,-1.0,VAL,2012,Hexachlorobenzene,Hexachlorobenzene,Hexachlorobenzene,RF-0237-001-PPP,0.005,True
54937,455F15A8AB089480EA461AAB65CA2B76,DE,DE,P1020010A,-1,T999A,K005A,RF-0237-001-PPP,8e-05,-1.0,VAL,2012,Hexachlorobenzene,Hexachlorobenzene,Hexachlorobenzene,RF-0237-001-PPP,0.005,True
54938,3B38F30D3CADA827944D167BE38BF265,DE,DE,P1020010A,-1,T999A,K005A,RF-0237-001-PPP,8e-05,-1.0,VAL,2012,Hexachlorobenzene,Hexachlorobenzene,Hexachlorobenzene,RF-0237-001-PPP,0.005,True
54939,FFBC3A52EC0696C5B74E31331F4072D9,DE,DE,P1020010A,-1,T999A,K005A,RF-0237-001-PPP,8e-05,-1.0,VAL,2012,Hexachlorobenzene,Hexachlorobenzene,Hexachlorobenzene,RF-0237-001-PPP,0.005,True
54940,CA430D04F0D6A59138B2057536075DA7,DE,DE,P1020010A,-1,T999A,K005A,RF-0237-001-PPP,0.00012,-1.0,VAL,2012,Hexachlorobenzene,Hexachlorobenzene,Hexachlorobenzene,RF-0237-001-PPP,0.005,True
54941,F3957057D9DA3A99989CC687652229EF,DE,DE,P1020010A,-1,T999A,K005A,RF-0237-001-PPP,8e-05,-1.0,VAL,2012,Hexachlorobenzene,Hexachlorobenzene,Hexachlorobenzene,RF-0237-001-PPP,0.005,True
54942,3CC98C3930AF9B179347A1E4FBBADC70,DE,DE,P1020010A,-1,T999A,K005A,RF-0237-001-PPP,0.00012,-1.0,VAL,2012,Hexachlorobenzene,Hexachlorobenzene,Hexachlorobenzene,RF-0237-001-PPP,0.005,True
54943,F93642B1B8F3D1557522E92A159993C4,DE,DE,P1020010A,-1,T999A,K005A,RF-0237-001-PPP,0.0006,-1.0,VAL,2012,Hexachlorobenzene,Hexachlorobenzene,Hexachlorobenzene,RF-0237-001-PPP,0.005,True
54944,CC6B3F9E2901B8A5CA0EAB7D78878E3C,DE,DE,P1020010A,-1,T999A,K005A,RF-0237-001-PPP,0.00012,-1.0,VAL,2012,Hexachlorobenzene,Hexachlorobenzene,Hexachlorobenzene,RF-0237-001-PPP,0.005,True
54946,22D6F5FC288E7C9B3B8D6F2BDC0D75DD,DE,DE,P1020010A,-1,T999A,K005A,RF-0237-001-PPP,8e-05,-1.0,VAL,2012,Hexachlorobenzene,Hexachlorobenzene,Hexachlorobenzene,RF-0237-001-PPP,0.005,True
54947,CA502B3C7D6F30DCC55FEA6FA661C416,DE,DE,P1020010A,-1,T999A,K005A,RF-0237-001-PPP,0.00012,-1.0,VAL,2012,Hexachlorobenzene,Hexachlorobenzene,Hexachlorobenzene,RF-0237-001-PPP,0.005,True
54948,12C692D98A131C937B5E10B27E6C6C16,DE,DE,P1020010A,-1,T999A,K005A,RF-0237-001-PPP,0.00012,-1.0,VAL,2012,Hexachlorobenzene,Hexachlorobenzene,Hexachlorobenzene,RF-0237-001-PPP,0.005,True
54951,C6677788857D323F7B30EC89B06F5EEC,DE,DE,P1020010A,-1,T999A,K005A,RF-0237-001-PPP,0.00012,-1.0,VAL,2012,Hexachlorobenzene,Hexachlorobenzene,Hexachlorobenzene,RF-0237-001-PPP,0.005,True
54952,987463DAC08CF6F0C7EEC7FF88A780AE,DE,DE,P1020010A,-1,T999A,K005A,RF-0237-001-PPP,0.00012,-1.0,VAL,2012,Hexachlorobenzene,Hexachlorobenzene,Hexachlorobenzene,RF-0237-001-PPP,0.005,True
54953,F032DC07F80B097DF4563F8BED36311D,DE,DE,P1020010A,-1,T999A,K005A,RF-0237-001-PPP,0.00012,-1.0,VAL,2012,Hexachlorobenzene,Hexachlorobenzene,Hexachlorobenzene,RF-0237-001-PPP,0.005,True
54954,A90630E7CCACAC9198AB5450656AA265,DE,DE,P1020010A,-1,T999A,K005A,RF-0237-001-PPP,8e-05,-1.0,VAL,2012,Hexachlorobenzene,Hexachlorobenzene,Hexachlorobenzene,RF-0237-001-PPP,0.005,True
54955,8C1138F737828BC2C9FE06460F153C01,DE,DE,P1020010A,-1,T999A,K005A,RF-0237-001-PPP,8e-05,-1.0,VAL,2012,Hexachlorobenzene,Hexachlorobenzene,Hexachlorobenzene,RF-0237-001-PPP,0.005,True
54959,210F6141BA13F68D3A6995B13E2B171B,DE,DE,P1020010A,-1,T999A,K005A,RF-0237-001-PPP,8e-05,-1.0,VAL,2012,Hexachlorobenzene,Hexachlorobenzene,Hexachlorobenzene,RF-0237-001-PPP,0.005,True
54960,4A5D62D1A93B5FFC307DD264302415CA,DE,DE,P1020010A,-1,T999A,K005A,RF-0237-001-PPP,0.00016,-1.0,VAL,2012,Hexachlorobenzene,Hexachlorobenzene,Hexachlorobenzene,RF-0237-001-PPP,0.005,True
54961,87DEDF2C688433887625D54965F7A8BC,DE,DE,P1020010A,-1,T999A,K005A,RF-0237-001-PPP,8e-05,-1.0,VAL,2012,Hexachlorobenzene,Hexachlorobenzene,Hexachlorobenzene,RF-0237-001-PPP,0.005,True
54962,25ED9FB12555C9B7B5202B5A028D520B,DE,DE,P1020010A,-1,T999A,K005A,RF-0237-001-PPP,8e-05,-1.0,VAL,2012,Hexachlorobenzene,Hexachlorobenzene,Hexachlorobenzene,RF-0237-001-PPP,0.005,True
54964,D5B648F04A9C7B914A91E709A4A639CE,DE,DE,P1020010A,-1,T999A,K005A,RF-0237-001-PPP,8e-05,-1.0,VAL,2012,Hexachlorobenzene,Hexachlorobenzene,Hexachlorobenzene,RF-0237-001-PPP,0.005,True
54967,BAB107546CCF601147E874885B4C1E4D,DE,DE,P1020010A,-1,T999A,K005A,RF-0237-001-PPP,8e-05,-1.0,VAL,2012,Hexachlorobenzene,Hexachlorobenzene,Hexachlorobenzene,RF-0237-001-PPP,0.005,True
54968,AE9F7C735FB96DE27E0E84F144F85AA3,DE,DE,P1020010A,-1,T999A,K005A,RF-0237-001-PPP,0.0012,-1.0,VAL,2012,Hexachlorobenzene,Hexachlorobenzene,Hexachlorobenzene,RF-0237-001-PPP,0.005,True
54969,AF4683ADC0364269C3F8E1A0168B0C16,DE,DE,P1020010A,-1,T999A,K005A,RF-0237-001-PPP,0.00012,-1.0,VAL,2012,Hexachlorobenzene,Hexachlorobenzene,Hexachlorobenzene,RF-0237-001-PPP,0.005,True
54970,64C8308E993643E675BD3DD72E00C6DF,DE,DE,P1020010A,-1,T999A,K005A,RF-0237-001-PPP,8e-05,-1.0,VAL,2012,Hexachlorobenzene,Hexachlorobenzene,Hexachlorobenzene,RF-0237-001-PPP,0.005,True
54971,138C5E5BA8F9FE5FFFC66F5A3BDDABD1,DE,DE,P1020010A,-1,T999A,K005A,RF-0237-001-PPP,8e-05,-1.0,VAL,2012,Hexachlorobenzene,Hexachlorobenzene,Hexachlorobenzene,RF-0237-001-PPP,0.005,True
54972,E477C78C2D004375BD3AAE2F371D8D6C,DE,DE,P1020010A,-1,T999A,K005A,RF-0237-001-PPP,0.0002,-1.0,VAL,2012,Hexachlorobenzene,Hexachlorobenzene,Hexachlorobenzene,RF-0237-001-PPP,0.005,True
54973,51E93BA651E133CCA8BF0F11BF089A4F,DE,DE,P1020010A,-1,T999A,K005A,RF-0237-001-PPP,4e-05,-1.0,VAL,2012,Hexachlorobenzene,Hexachlorobenzene,Hexachlorobenzene,RF-0237-001-PPP,0.005,True
54974,14B39776C1F46C62000A7B943AB50AEE,DE,DE,P1020010A,-1,T999A,K005A,RF-0237-001-PPP,0.00012,-1.0,VAL,2012,Hexachlorobenzene,Hexachlorobenzene,Hexachlorobenzene,RF-0237-001-PPP,0.005,True
54983,8E556F9FC4DE94A0EF456414E838545B,DE,DE,P1020010A,-1,T999A,K005A,RF-0237-001-PPP,0.00012,-1.0,VAL,2012,Hexachlorobenzene,Hexachlorobenzene,Hexachlorobenzene,RF-0237-001-PPP,0.005,True
54984,A6153DF452E967AA55A2D1D27DC77DB7,DE,DE,P1020010A,-1,T999A,K005A,RF-0237-001-PPP,8e-05,-1.0,VAL,2012,Hexachlorobenzene,Hexachlorobenzene,Hexachlorobenzene,RF-0237-001-PPP,0.005,True
54986,375780E4F004C18220857AA2D4D93907,DE,DE,P1020010A,-1,T999A,K005A,RF-0237-001-PPP,8e-05,-1.0,VAL,2012,Hexachlorobenzene,Hexachlorobenzene,Hexachlorobenzene,RF-0237-001-PPP,0.005,True
54987,6B10950F695B934D38DA4E66E4A12EA9,DE,DE,P1020010A,-1,T999A,K005A,RF-0237-001-PPP,0.00012,-1.0,VAL,2012,Hexachlorobenzene,Hexachlorobenzene,Hexachlorobenzene,RF-0237-001-PPP,0.005,True
54988,7E37E6F74AECA3A0EAD698B5B6BF7094,DE,DE,P1020010A,-1,T999A,K005A,RF-0237-001-PPP,8e-05,-1.0,VAL,2012,Hexachlorobenzene,Hexachlorobenzene,Hexachlorobenzene,RF-0237-001-PPP,0.005,True
54989,48DE348DC7AF5D1EFCEC1DA7B89B946B,DE,DE,P1020010A,-1,T999A,K005A,RF-0237-001-PPP,0.00016,-1.0,VAL,2012,Hexachlorobenzene,Hexachlorobenzene,Hexachlorobenzene,RF-0237-001-PPP,0.005,True
54990,C9B1D3E63B1663998FB78DE96DB4E2C6,DE,DE,P1020010A,-1,T999A,K005A,RF-0237-001-PPP,4e-05,-1.0,VAL,2012,Hexachlorobenzene,Hexachlorobenzene,Hexachlorobenzene,RF-0237-001-PPP,0.005,True
54991,D9851101B324C6A6A1E6A305E23674E9,DE,DE,P1020010A,-1,T999A,K005A,RF-0237-001-PPP,0.0016,-1.0,VAL,2012,Hexachlorobenzene,Hexachlorobenzene,Hexachlorobenzene,RF-0237-001-PPP,0.005,True
54992,903BF1A82A66E36513D326D2B8EAA48A,DE,DE,P1020010A,-1,T999A,K005A,RF-0237-001-PPP,8e-05,-1.0,VAL,2012,Hexachlorobenzene,Hexachlorobenzene,Hexachlorobenzene,RF-0237-001-PPP,0.005,True
54994,55D1D30C828D556571B78C718F43141B,DE,DE,P1020010A,-1,T999A,K005A,RF-0237-001-PPP,0.00016,-1.0,VAL,2012,Hexachlorobenzene,Hexachlorobenzene,Hexachlorobenzene,RF-0237-001-PPP,0.005,True
54995,CD5A5EBE9F79CE258B803531772E86F5,DE,DE,P1020010A,-1,T999A,K005A,RF-0237-001-PPP,0.003,4.0,VAL,2012,Hexachlorobenzene,Hexachlorobenzene,Hexachlorobenzene,RF-0237-001-PPP,0.005,True
54996,159F8A7B330E035D9B29A4334CCE5D53,DE,DE,P1020010A,-1,T999A,K005A,RF-0237-001-PPP,0.00012,-1.0,VAL,2012,Hexachlorobenzene,Hexachlorobenzene,Hexachlorobenzene,RF-0237-001-PPP,0.005,True
54997,5C537B37C3CF4F9E110B38683F2E175F,DE,DE,P1020010A,-1,T999A,K005A,RF-0237-001-PPP,0.00012,-1.0,VAL,2012,Hexachlorobenzene,Hexachlorobenzene,Hexachlorobenzene,RF-0237-001-PPP,0.005,True
54998,EF733C09AA3498FC5CDDAEED6996D4EE,DE,DE,P1020010A,-1,T999A,K005A,RF-0237-001-PPP,8e-05,-1.0,VAL,2012,Hexachlorobenzene,Hexachlorobenzene,Hexachlorobenzene,RF-0237-001-PPP,0.005,True
55001,5B3E8EB8E594854E4AFF33683F78F6E1,DE,DE,P1020010A,-1,T999A,K005A,RF-0237-001-PPP,0.00012,-1.0,VAL,2012,Hexachlorobenzene,Hexachlorobenzene,Hexachlorobenzene,RF-0237-001-PPP,0.005,True
55003,8A6051C69AB1EF209B140FC11A843D3B,DE,DE,P1020010A,-1,T999A,K005A,RF-0237-001-PPP,8e-05,-1.0,VAL,2012,Hexachlorobenzene,Hexachlorobenzene,Hexachlorobenzene,RF-0237-001-PPP,0.005,True
55004,3F2852FF72DEDC609626E8E3E9092B88,DE,DE,P1020010A,-1,T999A,K005A,RF-0237-001-PPP,0.00012,-1.0,VAL,2012,Hexachlorobenzene,Hexachlorobenzene,Hexachlorobenzene,RF-0237-001-PPP,0.005,True
55005,A3027795782129052C0795DE7046354B,DE,DE,P1020010A,-1,T999A,K005A,RF-0237-001-PPP,8e-05,-1.0,VAL,2012,Hexachlorobenzene,Hexachlorobenzene,Hexachlorobenzene,RF-0237-001-PPP,0.005,True
55009,2D5211E6CFD5C4F397126E98DB1DA6D9,DE,DE,P1020010A,-1,T999A,K005A,RF-0237-001-PPP,8e-05,-1.0,VAL,2012,Hexachlorobenzene,Hexachlorobenzene,Hexachlorobenzene,RF-0237-001-PPP,0.005,True
55010,DC430DABD999711931FAAF86F3629C99,DE,DE,P1020010A,-1,T999A,K005A,RF-0237-001-PPP,0.002,4.0,VAL,2012,Hexachlorobenzene,Hexachlorobenzene,Hexachlorobenzene,RF-0237-001-PPP,0.005,True
55013,C2DABA4E863D975482B4C83C9ED6B089,DE,DE,P1020010A,-1,T999A,K005A,RF-0237-001-PPP,0.00012,-1.0,VAL,2012,Hexachlorobenzene,Hexachlorobenzene,Hexachlorobenzene,RF-0237-001-PPP,0.005,True
55014,E741E9FF8E19675E39BB72E5E6CBBDEA,DE,DE,P1020010A,-1,T999A,K005A,RF-0237-001-PPP,8e-05,-1.0,VAL,2012,Hexachlorobenzene,Hexachlorobenzene,Hexachlorobenzene,RF-0237-001-PPP,0.005,True
55015,F5715E60365F0903C6DBDE5F84003259,DE,DE,P1020010A,-1,T999A,K005A,RF-0237-001-PPP,0.00012,-1.0,VAL,2012,Hexachlorobenzene,Hexachlorobenzene,Hexachlorobenzene,RF-0237-001-PPP,0.005,True
55017,8B57FBBEE40929D613CC3AA9BC4A049F,DE,DE,P1020010A,-1,T999A,K005A,RF-0237-001-PPP,0.00012,-1.0,VAL,2012,Hexachlorobenzene,Hexachlorobenzene,Hexachlorobenzene,RF-0237-001-PPP,0.005,True
55018,58EE5BE7280D34D7D2E1A2704880EC99,DE,DE,P1020010A,-1,T999A,K005A,RF-0237-001-PPP,0.00012,-1.0,VAL,2012,Hexachlorobenzene,Hexachlorobenzene,Hexachlorobenzene,RF-0237-001-PPP,0.005,True
55019,2E466AF23CE339198B0A63959A5622DC,DE,DE,P1020010A,-1,T999A,K005A,RF-0237-001-PPP,0.00012,-1.0,VAL,2012,Hexachlorobenzene,Hexachlorobenzene,Hexachlorobenzene,RF-0237-001-PPP,0.005,True
55020,5B32D645BBF174668DB83B62EA9A937C,DE,DE,P1020010A,-1,T999A,K005A,RF-0237-001-PPP,8e-05,-1.0,VAL,2012,Hexachlorobenzene,Hexachlorobenzene,Hexachlorobenzene,RF-0237-001-PPP,0.005,True
55021,07E73208F6DF8EFD236D61EFFA22CC16,DE,DE,P1020010A,-1,T999A,K005A,RF-0237-001-PPP,0.00016,-1.0,VAL,2012,Hexachlorobenzene,Hexachlorobenzene,Hexachlorobenzene,RF-0237-001-PPP,0.005,True
55022,A435D4BDC238A8FCBB490C7835BD748C,DE,DE,P1020010A,-1,T999A,K005A,RF-0237-001-PPP,0.006,-1.0,VAL,2012,Hexachlorobenzene,Hexachlorobenzene,Hexachlorobenzene,RF-0237-001-PPP,0.005,True
55025,87DF402415AAE68631FD1E032916F6E1,DE,DE,P1020010A,-1,T999A,K005A,RF-0237-001-PPP,8e-05,-1.0,VAL,2012,Hexachlorobenzene,Hexachlorobenzene,Hexachlorobenzene,RF-0237-001-PPP,0.005,True
55027,411CA94A30A50A71A7439B1951B6A5FC,DE,DE,P1020010A,-1,T999A,K005A,RF-0237-001-PPP,0.00012,-1.0,VAL,2012,Hexachlorobenzene,Hexachlorobenzene,Hexachlorobenzene,RF-0237-001-PPP,0.005,True
55028,FAD20B6191F64555D4EC288F983DF6C8,DE,DE,P1020010A,-1,T999A,K005A,RF-0237-001-PPP,8e-05,-1.0,VAL,2012,Hexachlorobenzene,Hexachlorobenzene,Hexachlorobenzene,RF-0237-001-PPP,0.005,True
55030,28D2CC14FF3EA8AEC07F466F3E7B5C3A,DE,DE,P1020010A,-1,T999A,K005A,RF-0237-001-PPP,8e-05,-1.0,VAL,2012,Hexachlorobenzene,Hexachlorobenzene,Hexachlorobenzene,RF-0237-001-PPP,0.005,True
55031,FCAB152EBDC28FD99AA35A344129327B,DE,DE,P1020010A,-1,T999A,K005A,RF-0237-001-PPP,8e-05,-1.0,VAL,2012,Hexachlorobenzene,Hexachlorobenzene,Hexachlorobenzene,RF-0237-001-PPP,0.005,True
55033,CC0653E00244B5F618D6E6E725599512,DE,DE,P1020010A,-1,T999A,K005A,RF-0237-001-PPP,8e-05,-1.0,VAL,2012,Hexachlorobenzene,Hexachlorobenzene,Hexachlorobenzene,RF-0237-001-PPP,0.005,True
55034,39D2D29C8ACADF751BD67CBFE394F9EA,DE,DE,P1020010A,-1,T999A,K005A,RF-0237-001-PPP,0.00012,-1.0,VAL,2012,Hexachlorobenzene,Hexachlorobenzene,Hexachlorobenzene,RF-0237-001-PPP,0.005,True
55036,17AE3D6DE41AF342B8DD57B1A6E45B62,DE,DE,P1020010A,-1,T999A,K005A,RF-0237-001-PPP,0.00012,-1.0,VAL,2012,Hexachlorobenzene,Hexachlorobenzene,Hexachlorobenzene,RF-0237-001-PPP,0.005,True
55038,D0B22F274B5891FB4DE2AAB414CCD79D,DE,DE,P1020010A,-1,T999A,K005A,RF-0237-001-PPP,8e-05,-1.0,VAL,2012,Hexachlorobenzene,Hexachlorobenzene,Hexachlorobenzene,RF-0237-001-PPP,0.005,True
55040,A84CD222FD8995EED77D08F6C81E4A90,DE,DE,P1020010A,-1,T999A,K005A,RF-0237-001-PPP,0.002,4.0,VAL,2012,Hexachlorobenzene,Hexachlorobenzene,Hexachlorobenzene,RF-0237-001-PPP,0.005,True
55041,86DEFF40E850AA72C3FC471E143969F9,DE,DE,P1020010A,-1,T999A,K005A,RF-0237-001-PPP,0.00016,-1.0,VAL,2012,Hexachlorobenzene,Hexachlorobenzene,Hexachlorobenzene,RF-0237-001-PPP,0.005,True
55042,6A61FB9CF4809A92E82F1E0958C064BE,DE,DE,P1020010A,-1,T999A,K005A,RF-0237-001-PPP,0.00012,-1.0,VAL,2012,Hexachlorobenzene,Hexachlorobenzene,Hexachlorobenzene,RF-0237-001-PPP,0.005,True
55043,778C6040B094444558617B024810D198,DE,DE,P1020010A,-1,T999A,K005A,RF-0237-001-PPP,0.00012,-1.0,VAL,2012,Hexachlorobenzene,Hexachlorobenzene,Hexachlorobenzene,RF-0237-001-PPP,0.005,True
55045,EB6ACCA3F62DC52108F310EA3D508324,DE,DE,P1020010A,-1,T999A,K005A,RF-0237-001-PPP,8e-05,-1.0,VAL,2012,Hexachlorobenzene,Hexachlorobenzene,Hexachlorobenzene,RF-0237-001-PPP,0.005,True
55046,2BA385B6555304086A17D37FB26DD51E,DE,DE,P1020010A,-1,T999A,K005A,RF-0237-001-PPP,0.002,4.0,VAL,2012,Hexachlorobenzene,Hexachlorobenzene,Hexachlorobenzene,RF-0237-001-PPP,0.005,True
55047,C35800D07C57219ED77BDD0C76DEC166,DE,DE,P1020010A,-1,T999A,K005A,RF-0237-001-PPP,8e-05,-1.0,VAL,2012,Hexachlorobenzene,Hexachlorobenzene,Hexachlorobenzene,RF-0237-001-PPP,0.005,True
55048,733595B44D25CEE5DF465E4499F47F56,DE,DE,P1020010A,-1,T999A,K005A,RF-0237-001-PPP,0.00012,-1.0,VAL,2012,Hexachlorobenzene,Hexachlorobenzene,Hexachlorobenzene,RF-0237-001-PPP,0.005,True
55075,9F5D1834EB01FB2DD21241EFF77B711D,DE,DE,P1020010A,-1,T999A,K005A,RF-0237-001-PPP,0.0001,-1.0,VAL,2012,Hexachlorobenzene,Hexachlorobenzene,Hexachlorobenzene,RF-0237-001-PPP,0.005,True
55076,6F594FA1C07337A85AD95F127263190B,DE,DE,P1020010A,-1,T999A,K005A,RF-0237-001-PPP,0.0001,-1.0,VAL,2012,Hexachlorobenzene,Hexachlorobenzene,Hexachlorobenzene,RF-0237-001-PPP,0.005,True
55077,C0B8634EBCB25181E086C761386BEEB6,DE,DE,P1020010A,-1,T999A,K005A,RF-0237-001-PPP,0.0001,-1.0,VAL,2012,Hexachlorobenzene,Hexachlorobenzene,Hexachlorobenzene,RF-0237-001-PPP,0.005,True
55078,B1FB557F3CB3344335E96186909F1F16,DE,AT,P1020010A,-1,T999A,K005A,RF-0237-001-PPP,0.0001,-1.0,VAL,2012,Hexachlorobenzene,Hexachlorobenzene,Hexachlorobenzene,RF-0237-001-PPP,0.005,True
55080,499673CDFCB77269DC79AACE165139F9,DE,DE,P1020010A,-1,T999A,K005A,RF-0237-001-PPP,0.0002,-1.0,VAL,2012,Hexachlorobenzene,Hexachlorobenzene,Hexachlorobenzene,RF-0237-001-PPP,0.005,True
55081,D828CE9714EA57813E5EF2D66139C542,DE,DE,P1020010A,-1,T999A,K005A,RF-0237-001-PPP,0.0002,-1.0,VAL,2012,Hexachlorobenzene,Hexachlorobenzene,Hexachlorobenzene,RF-0237-001-PPP,0.005,True
55084,ABFE4D8874F92BA7DD732619F0253807,DE,DE,P1020010A,-1,T999A,K005A,RF-0237-001-PPP,6e-05,-1.0,VAL,2012,Hexachlorobenzene,Hexachlorobenzene,Hexachlorobenzene,RF-0237-001-PPP,0.005,True
55091,99C385072901EB54CCB56D8F47A6481F,DE,DE,P1020010A,-1,T999A,K005A,RF-0237-001-PPP,0.003,3.3,VAL,2012,Hexachlorobenzene,Hexachlorobenzene,Hexachlorobenzene,RF-0237-001-PPP,0.005,True
55092,B9D0073413A28E73C0A09F6BCCFAB02D,DE,XX,P1020010A,-1,T999A,K005A,RF-0237-001-PPP,0.003,3.4,VAL,2012,Hexachlorobenzene,Hexachlorobenzene,Hexachlorobenzene,RF-0237-001-PPP,0.005,True
55093,D5304BF4279046E0FF7962D8B72DBA8E,DE,DE,P1020010A,-1,T999A,K005A,RF-0237-001-PPP,0.0002,-1.0,VAL,2012,Hexachlorobenzene,Hexachlorobenzene,Hexachlorobenzene,RF-0237-001-PPP,0.005,True
55095,95701741DCBA58ECE748C2298DD8FF52,DE,DE,P1020010A,-1,T999A,K005A,RF-0237-001-PPP,0.0001,-1.0,VAL,2012,Hexachlorobenzene,Hexachlorobenzene,Hexachlorobenzene,RF-0237-001-PPP,0.005,True
55096,719986DFEB956D3DC8932E3FEEB88121,DE,DE,P1020010A,-1,T999A,K005A,RF-0237-001-PPP,0.0001,-1.0,VAL,2012,Hexachlorobenzene,Hexachlorobenzene,Hexachlorobenzene,RF-0237-001-PPP,0.005,True
55098,3B1B69CEF4415CD96216A9E42790446F,DE,DE,P1020010A,-1,T999A,K005A,RF-0237-001-PPP,0.003,3.5,VAL,2012,Hexachlorobenzene,Hexachlorobenzene,Hexachlorobenzene,RF-0237-001-PPP,0.005,True
55104,7C9CEA81443D2C1D700617CA80BBDDD2,DE,DE,P1020010A,-1,T999A,K005A,RF-0237-001-PPP,0.00012,-1.0,VAL,2012,Hexachlorobenzene,Hexachlorobenzene,Hexachlorobenzene,RF-0237-001-PPP,0.005,True
55105,695065C60F9EC17747EF469EE946E678,DE,DE,P1020010A,-1,T999A,K005A,RF-0237-001-PPP,0.00016,-1.0,VAL,2012,Hexachlorobenzene,Hexachlorobenzene,Hexachlorobenzene,RF-0237-001-PPP,0.005,True
55121,5E76B615BD78AB508DF6A8A5B732BBD7,DE,DE,P1020010A,-1,T999A,K005A,RF-0237-001-PPP,0.0001,-1.0,VAL,2012,Hexachlorobenzene,Hexachlorobenzene,Hexachlorobenzene,RF-0237-001-PPP,0.005,True
55122,7DDC2C59404A3945424E5AC78464ADA3,DE,DE,P1020010A,-1,T999A,K005A,RF-0237-001-PPP,0.0001,-1.0,VAL,2012,Hexachlorobenzene,Hexachlorobenzene,Hexachlorobenzene,RF-0237-001-PPP,0.005,True
55123,D681F3FF5AEB9A7F721B5DA25CCDEF19,DE,DE,P1020010A,-1,T999A,K005A,RF-0237-001-PPP,0.0001,-1.0,VAL,2012,Hexachlorobenzene,Hexachlorobenzene,Hexachlorobenzene,RF-0237-001-PPP,0.005,True
55138,7955E3F4AF9641EAEB76FD4A434B8DBF,DE,DE,P1020010A,-1,T999A,K005A,RF-0237-001-PPP,0.004,4.1,VAL,2012,Hexachlorobenzene,Hexachlorobenzene,Hexachlorobenzene,RF-0237-001-PPP,0.005,True
55139,03BF8541FCCF31EE615AE3B7B37699E4,DE,DE,P1020010A,-1,T999A,K005A,RF-0237-001-PPP,0.003,3.3,VAL,2012,Hexachlorobenzene,Hexachlorobenzene,Hexachlorobenzene,RF-0237-001-PPP,0.005,True
55140,C8C9880CA5303B22EA62D46C155241D0,DE,DE,P1020010A,-1,T999A,K005A,RF-0237-001-PPP,0.003,3.3,VAL,2012,Hexachlorobenzene,Hexachlorobenzene,Hexachlorobenzene,RF-0237-001-PPP,0.005,True
55146,2034D3E3DAB94627222F10339FA6DB9C,DE,DE,P1020010A,-1,T999A,K005A,RF-0237-001-PPP,0.003,3.8,VAL,2012,Hexachlorobenzene,Hexachlorobenzene,Hexachlorobenzene,RF-0237-001-PPP,0.005,True
55155,0D7C721D60B4A47C36DECB9E7D86F37D,DE,DE,P1020010A,-1,T999A,K005A,RF-0237-001-PPP,0.003,3.4,VAL,2012,Hexachlorobenzene,Hexachlorobenzene,Hexachlorobenzene,RF-0237-001-PPP,0.005,True
55188,C92D6F4E5C1C1AE4B36A3470175DC614,DE,DE,P1020010A,-1,T999A,K005A,RF-0237-001-PPP,0.003,3.4,VAL,2012,Hexachlorobenzene,Hexachlorobenzene,Hexachlorobenzene,RF-0237-001-PPP,0.005,True
55190,60FE3587F7BB9DA67DB88F812848807D,DE,DE,P1020010A,-1,T999A,K005A,RF-0237-001-PPP,0.003,3.7,VAL,2012,Hexachlorobenzene,Hexachlorobenzene,Hexachlorobenzene,RF-0237-001-PPP,0.005,True
55204,BAE4BA8BEFB49E745F24826EC0128E73,DE,DE,P1020010A,-1,T999A,K005A,RF-0237-001-PPP,0.003,3.3,VAL,2012,Hexachlorobenzene,Hexachlorobenzene,Hexachlorobenzene,RF-0237-001-PPP,0.005,True
55217,64D482EAC81E4AEFEA7208B9901B2DF4,DE,DE,P1020010A,-1,T999A,K005A,RF-0237-001-PPP,0.004,3.7,VAL,2012,Hexachlorobenzene,Hexachlorobenzene,Hexachlorobenzene,RF-0237-001-PPP,0.005,True
55218,C31881A8A6560E47CC3007656A23FD15,DE,DE,P1020010A,-1,T999A,K005A,RF-0237-001-PPP,0.003,16.0,VAL,2012,Hexachlorobenzene,Hexachlorobenzene,Hexachlorobenzene,RF-0237-001-PPP,0.005,True
55759,778C6040B094444558617B024810D198,DE,DE,P1020010A,-1,T999A,K005A,RF-0239-002-PPP,4e-05,-1.0,VAL,2012,HCH-beta,HCH-beta,"Hexachlorocyclohexane (HCH), beta-isomer",RF-0239-002-PPP,0.01,True
56866,2E6235FBCECC01EC8609195FACB72753,DE,DE,P1020010A,-1,T999A,K005A,RF-0277-001-PPP,0.002,-1.0,VAL,2012,Mercury compounds,Mercury compounds,Mercury compounds (sum of mercury compounds expressed as mercury),RF-0277-001-PPP,0.01,True
56869,4E73E7EF22F2FB19E06EA39FC5EAEBEC,DE,DE,P1020010A,-1,T999A,K005A,RF-0277-001-PPP,0.0024,-1.0,VAL,2012,Mercury compounds,Mercury compounds,Mercury compounds (sum of mercury compounds expressed as mercury),RF-0277-001-PPP,0.01,True
56870,4C06DBE5D4CA34D9BBF41C5A22779DCD,DE,DE,P1020010A,-1,T999A,K005A,RF-0277-001-PPP,0.0013,-1.0,VAL,2012,Mercury compounds,Mercury compounds,Mercury compounds (sum of mercury compounds expressed as mercury),RF-0277-001-PPP,0.01,True
56892,1F7D459A5559D3A2086322A7DEAD8B4F,DE,DE,P1020010A,-1,T999A,K005A,RF-0277-001-PPP,0.002,-1.0,VAL,2012,Mercury compounds,Mercury compounds,Mercury compounds (sum of mercury compounds expressed as mercury),RF-0277-001-PPP,0.01,True
56900,A4B63A12A587818F1CE63EA64BF6FF6A,DE,DE,P1020010A,-1,T999A,K005A,RF-0277-001-PPP,0.003,-1.0,VAL,2012,Mercury compounds,Mercury compounds,Mercury compounds (sum of mercury compounds expressed as mercury),RF-0277-001-PPP,0.01,True
56905,F4FC510CED9314EA4FE5386F89CE3E0E,DE,DE,P1020010A,-1,T999A,K005A,RF-0277-001-PPP,0.002,-1.0,VAL,2012,Mercury compounds,Mercury compounds,Mercury compounds (sum of mercury compounds expressed as mercury),RF-0277-001-PPP,0.01,True
56920,4BDB6F9C0B28D1FA4F54EF2DA7079FAD,DE,DE,P1020010A,-1,T999A,K005A,RF-0277-001-PPP,0.003,-1.0,VAL,2012,Mercury compounds,Mercury compounds,Mercury compounds (sum of mercury compounds expressed as mercury),RF-0277-001-PPP,0.01,True
56925,A8470DC7F45E4F31FAAF16AEC7AD6FB1,DE,DE,P1020010A,-1,T999A,K005A,RF-0277-001-PPP,0.002,-1.0,VAL,2012,Mercury compounds,Mercury compounds,Mercury compounds (sum of mercury compounds expressed as mercury),RF-0277-001-PPP,0.01,True
56928,935D33182B85B680FAB001BE33AE9908,DE,DE,P1020010A,-1,T999A,K005A,RF-0277-001-PPP,0.003,-1.0,VAL,2012,Mercury compounds,Mercury compounds,Mercury compounds (sum of mercury compounds expressed as mercury),RF-0277-001-PPP,0.01,True
56968,7D02D8D08564B952AD404D56736E1A06,DE,DE,P1020010A,-1,T999A,K005A,RF-0277-001-PPP,0.006,-1.0,VAL,2012,Mercury compounds,Mercury compounds,Mercury compounds (sum of mercury compounds expressed as mercury),RF-0277-001-PPP,0.01,True
56970,98457F14BFA86AC3D84660F2798E56BB,DE,DE,P1020010A,-1,T999A,K005A,RF-0277-001-PPP,0.005,-1.0,VAL,2012,Mercury compounds,Mercury compounds,Mercury compounds (sum of mercury compounds expressed as mercury),RF-0277-001-PPP,0.01,True
57000,3686D43D63682EEE4DA8BDFA24FDB7F7,DE,DE,P1020010A,-1,T999A,K005A,RF-0277-001-PPP,0.006,-1.0,VAL,2012,Mercury compounds,Mercury compounds,Mercury compounds (sum of mercury compounds expressed as mercury),RF-0277-001-PPP,0.01,True
63511,CA502B3C7D6F30DCC55FEA6FA661C416,DE,DE,P1020010A,-1,T999A,K005A,RF-0842-001-PPP,0.0005,-1.0,VAL,2012,Permethrin (sum),Permethrin (sum),Permethrin (sum of isomers),RF-0842-001-PPP,0.0,True
64921,294E55C4E9F6C8B49DF39707C0706381,DE,DE,P1020010A,-1,T999A,K005A,RF-1078-002-PPP,1.13,-1.0,VAL,2012,DDAC (mix),DDAC (mix),"Didecyldimethylammonium chloride (mixture of alkyl-quaternary ammonium salts with alkyl chain lengths of C8, C10 and C12)",RF-1078-002-PPP,0.1,True
64928,C31881A8A6560E47CC3007656A23FD15,DE,DE,P1020010A,-1,T999A,K005A,RF-1078-002-PPP,0.029,-1.0,VAL,2012,DDAC (mix),DDAC (mix),"Didecyldimethylammonium chloride (mixture of alkyl-quaternary ammonium salts with alkyl chain lengths of C8, C10 and C12)",RF-1078-002-PPP,0.1,True
64929,381401DD53774908E9F7AC0572A3D653,DE,DE,P1020010A,-1,T999A,K005A,RF-1078-002-PPP,1.96,-1.0,VAL,2012,DDAC (mix),DDAC (mix),"Didecyldimethylammonium chloride (mixture of alkyl-quaternary ammonium salts with alkyl chain lengths of C8, C10 and C12)",RF-1078-002-PPP,0.1,True
64930,FDB1D0E6B6EF95921CF1CB1106B5C48C,DE,DE,P1020010A,-1,T999A,K005A,RF-1078-002-PPP,89.48,-1.0,VAL,2012,DDAC (mix),DDAC (mix),"Didecyldimethylammonium chloride (mixture of alkyl-quaternary ammonium salts with alkyl chain lengths of C8, C10 and C12)",RF-1078-002-PPP,0.1,True
64933,81A8F5D2CCACCD72FEDBCC90BEBC5B79,DE,DE,P1020010A,-1,T999A,K005A,RF-1078-002-PPP,0.16,-1.0,VAL,2012,DDAC (mix),DDAC (mix),"Didecyldimethylammonium chloride (mixture of alkyl-quaternary ammonium salts with alkyl chain lengths of C8, C10 and C12)",RF-1078-002-PPP,0.1,True
64949,84EEDF4BDED1385AB1DFBAFF797C228C,DE,DE,P1020010A,-1,T999A,K005A,RF-XXXX-XXX-XXX,0.57,-1.0,VAL,2012,Not in list,Not in list,Not in list,RF-XXXX-XXX-XXX,0.01,True
64962,6575C17C30B361EC9FB48EC50C6738D3,DE,DE,P1020010A,-1,T999A,K005A,RF-XXXX-XXX-XXX,0.6,-1.0,VAL,2012,Not in list,Not in list,Not in list,RF-XXXX-XXX-XXX,0.01,True
64963,4F5178B77303C8A8401C494A70CB6B40,DE,DE,P1020010A,-1,T999A,K005A,RF-XXXX-XXX-XXX,0.18,-1.0,VAL,2012,Not in list,Not in list,Not in list,RF-XXXX-XXX-XXX,0.01,True
64964,14E456D2CEE64FB55EE6C8C6F226CD49,DE,DE,P1020010A,-1,T999A,K005A,RF-XXXX-XXX-XXX,0.44,-1.0,VAL,2012,Not in list,Not in list,Not in list,RF-XXXX-XXX-XXX,0.01,True
64965,4309EEA4BC5982D7CAB6B28C9C5AA4F3,DE,DE,P1020010A,-1,T999A,K005A,RF-XXXX-XXX-XXX,1.82,-1.0,VAL,2012,Not in list,Not in list,Not in list,RF-XXXX-XXX-XXX,0.01,True
64977,294E55C4E9F6C8B49DF39707C0706381,DE,DE,P1020010A,-1,T999A,K005A,RF-XXXX-XXX-XXX,0.15,-1.0,VAL,2012,Not in list,Not in list,Not in list,RF-XXXX-XXX-XXX,0.01,True
64979,FDB1D0E6B6EF95921CF1CB1106B5C48C,DE,DE,P1020010A,-1,T999A,K005A,RF-XXXX-XXX-XXX,0.21,-1.0,VAL,2012,Not in list,Not in list,Not in list,RF-XXXX-XXX-XXX,0.01,True
64980,F047AC524A604CA7B164B3769EDA6447,DE,DE,P1020010A,-1,T999A,K005A,RF-XXXX-XXX-XXX,0.15,-1.0,VAL,2012,Not in list,Not in list,Not in list,RF-XXXX-XXX-XXX,0.01,True
64984,81A8F5D2CCACCD72FEDBCC90BEBC5B79,DE,DE,P1020010A,-1,T999A,K005A,RF-XXXX-XXX-XXX,0.15,-1.0,VAL,2012,Not in list,Not in list,Not in list,RF-XXXX-XXX-XXX,0.01,True
64986,381401DD53774908E9F7AC0572A3D653,DE,DE,P1020010A,-1,T999A,K005A,RF-XXXX-XXX-XXX,0.1,-1.0,VAL,2012,Not in list,Not in list,Not in list,RF-XXXX-XXX-XXX,0.01,True
64989,2E291DC823974F83A6B8B7A5446780C6,DE,DE,P1020010A,-1,T999A,K005A,RF-XXXX-XXX-XXX,0.09,-1.0,VAL,2012,Not in list,Not in list,Not in list,RF-XXXX-XXX-XXX,0.01,True
64990,C31881A8A6560E47CC3007656A23FD15,DE,DE,P1020010A,-1,T999A,K005A,RF-XXXX-XXX-XXX,0.074,-1.0,VAL,2012,Not in list,Not in list,Not in list,RF-XXXX-XXX-XXX,0.01,True
94239,7D558099246DEA014A14A2CF8DA1595D,RO,RO,P1020000A,-1,T999A,K018A,RF-0119-001-PPP,0.0006,4.0,VAL,2012,DDT (sum),DDT (sum),"DDT (sum of p,p'-DDT, o,p'-DDT, p-p'-DDE and p,p'-TDE (DDD) expressed as DDT)",RF-0119-001-PPP,0.04,True
94240,630D876291108D1D6D2E10F6AA680FBD,RO,RO,P1020000A,-1,T999A,K018A,RF-0119-001-PPP,0.0006,3.9,VAL,2012,DDT (sum),DDT (sum),"DDT (sum of p,p'-DDT, o,p'-DDT, p-p'-DDE and p,p'-TDE (DDD) expressed as DDT)",RF-0119-001-PPP,0.04,True
94241,067CC87E03E8BF2B28FC290C8E6D13A1,RO,RO,P1020000A,-1,T999A,K018A,RF-0119-001-PPP,0.0011,3.9,VAL,2012,DDT (sum),DDT (sum),"DDT (sum of p,p'-DDT, o,p'-DDT, p-p'-DDE and p,p'-TDE (DDD) expressed as DDT)",RF-0119-001-PPP,0.04,True
94242,15A23A88D65AA7F7641A8FAD026F64C1,RO,RO,P1020000A,-1,T999A,K018A,RF-0119-001-PPP,0.0006,3.8,VAL,2012,DDT (sum),DDT (sum),"DDT (sum of p,p'-DDT, o,p'-DDT, p-p'-DDE and p,p'-TDE (DDD) expressed as DDT)",RF-0119-001-PPP,0.04,True
94243,0A135D6F156294255A086A103E055EA9,RO,RO,P1020000A,-1,T999A,K018A,RF-0119-001-PPP,0.0011,4.0,VAL,2012,DDT (sum),DDT (sum),"DDT (sum of p,p'-DDT, o,p'-DDT, p-p'-DDE and p,p'-TDE (DDD) expressed as DDT)",RF-0119-001-PPP,0.04,True
94244,1356669BAC353BCBB58EAE58C5B25401,RO,RO,P1020000A,-1,T999A,K018A,RF-0119-001-PPP,0.0007,3.5,VAL,2012,DDT (sum),DDT (sum),"DDT (sum of p,p'-DDT, o,p'-DDT, p-p'-DDE and p,p'-TDE (DDD) expressed as DDT)",RF-0119-001-PPP,0.04,True
94245,25C5B09DB8DF46CEE09A8BE4CC461A95,RO,RO,P1020000A,-1,T999A,K018A,RF-0119-001-PPP,0.0005,4.2,VAL,2012,DDT (sum),DDT (sum),"DDT (sum of p,p'-DDT, o,p'-DDT, p-p'-DDE and p,p'-TDE (DDD) expressed as DDT)",RF-0119-001-PPP,0.04,True
94246,C28F83392CB1CF077D34297B0B3F9838,RO,RO,P1020000A,-1,T999A,K018A,RF-0119-001-PPP,0.0014,3.8,VAL,2012,DDT (sum),DDT (sum),"DDT (sum of p,p'-DDT, o,p'-DDT, p-p'-DDE and p,p'-TDE (DDD) expressed as DDT)",RF-0119-001-PPP,0.04,True
94247,FD429FB130DAF4EC0B41DF856AD0E639,RO,RO,P1020000A,-1,T999A,K018A,RF-0119-001-PPP,0.0019,4.4,VAL,2012,DDT (sum),DDT (sum),"DDT (sum of p,p'-DDT, o,p'-DDT, p-p'-DDE and p,p'-TDE (DDD) expressed as DDT)",RF-0119-001-PPP,0.04,True
94248,820DF2FD6FBC22FF4914D7418BD9B632,RO,RO,P1020000A,-1,T999A,K018A,RF-0119-001-PPP,0.0021,4.3,VAL,2012,DDT (sum),DDT (sum),"DDT (sum of p,p'-DDT, o,p'-DDT, p-p'-DDE and p,p'-TDE (DDD) expressed as DDT)",RF-0119-001-PPP,0.04,True
94363,820DF2FD6FBC22FF4914D7418BD9B632,RO,RO,P1020000A,-1,T999A,K018A,RF-0236-006-PPP,0.0011,4.3,VAL,2012,Heptachlor (sum of isomers),Heptachlor (sum of isomers),Heptachlor (sum of heptachlor and the cis and trans isomers of heptachlor epoxide),RF-0236-006-PPP,0.004,True
94365,630D876291108D1D6D2E10F6AA680FBD,RO,RO,P1020000A,-1,T999A,K018A,RF-0236-006-PPP,0.0018,3.9,VAL,2012,Heptachlor (sum of isomers),Heptachlor (sum of isomers),Heptachlor (sum of heptachlor and the cis and trans isomers of heptachlor epoxide),RF-0236-006-PPP,0.004,True
94366,067CC87E03E8BF2B28FC290C8E6D13A1,RO,RO,P1020000A,-1,T999A,K018A,RF-0236-006-PPP,0.0018,3.9,VAL,2012,Heptachlor (sum of isomers),Heptachlor (sum of isomers),Heptachlor (sum of heptachlor and the cis and trans isomers of heptachlor epoxide),RF-0236-006-PPP,0.004,True
94372,FD429FB130DAF4EC0B41DF856AD0E639,RO,RO,P1020000A,-1,T999A,K018A,RF-0236-006-PPP,0.0013,4.4,VAL,2012,Heptachlor (sum of isomers),Heptachlor (sum of isomers),Heptachlor (sum of heptachlor and the cis and trans isomers of heptachlor epoxide),RF-0236-006-PPP,0.004,True
94395,630D876291108D1D6D2E10F6AA680FBD,RO,RO,P1020000A,-1,T999A,K018A,RF-0238-001-PPP,0.0006,3.9,VAL,2012,HCH-alpha,HCH-alpha,"Hexachlorocyclohexane (HCH), alpha-isomer",RF-0238-001-PPP,0.01,True
94396,067CC87E03E8BF2B28FC290C8E6D13A1,RO,RO,P1020000A,-1,T999A,K018A,RF-0238-001-PPP,0.0009,3.9,VAL,2012,HCH-alpha,HCH-alpha,"Hexachlorocyclohexane (HCH), alpha-isomer",RF-0238-001-PPP,0.01,True
94397,0A135D6F156294255A086A103E055EA9,RO,RO,P1020000A,-1,T999A,K018A,RF-0238-001-PPP,0.0005,4.0,VAL,2012,HCH-alpha,HCH-alpha,"Hexachlorocyclohexane (HCH), alpha-isomer",RF-0238-001-PPP,0.01,True
94398,15A23A88D65AA7F7641A8FAD026F64C1,RO,RO,P1020000A,-1,T999A,K018A,RF-0238-001-PPP,0.0021,3.8,VAL,2012,HCH-alpha,HCH-alpha,"Hexachlorocyclohexane (HCH), alpha-isomer",RF-0238-001-PPP,0.01,True
94401,C28F83392CB1CF077D34297B0B3F9838,RO,RO,P1020000A,-1,T999A,K018A,RF-0238-001-PPP,0.0005,3.8,VAL,2012,HCH-alpha,HCH-alpha,"Hexachlorocyclohexane (HCH), alpha-isomer",RF-0238-001-PPP,0.01,True
94413,15A23A88D65AA7F7641A8FAD026F64C1,RO,RO,P1020000A,-1,T999A,K018A,RF-0239-002-PPP,0.0005,3.8,VAL,2012,HCH-beta,HCH-beta,"Hexachlorocyclohexane (HCH), beta-isomer",RF-0239-002-PPP,0.01,True
95398,2635FA88E18E72811BE6007AFBD02D83,BE,BE,P1020010A,-1,T999A,K005A,RF-0236-002-PPP,0.01532,4.0,VAL,2012,Heptachlor (sum),"Heptachlorepoxide, cis-","Heptachlorepoxide, cis-",RF-0236-002-PPP,0.004,True
95460,9199BFC05D2A8C93D7A21F0771BB5A39,BE,BE,P1020010A,-1,T999A,K005A,RF-0237-001-PPP,0.01,4.0,VAL,2012,Hexachlorobenzene,Hexachlorobenzene,Hexachlorobenzene,RF-0237-001-PPP,0.005,True
95502,9199BFC05D2A8C93D7A21F0771BB5A39,BE,BE,P1020010A,-1,T999A,K005A,RF-0239-002-PPP,0.012,4.0,VAL,2012,HCH-beta,HCH-beta,"Hexachlorocyclohexane (HCH), beta-isomer",RF-0239-002-PPP,0.01,True
111713,8AB92710CF526E4A68E74EFE3F068364,DE,DE,P1020010A,-1,T999A,K005A,RF-00002582-PAR,0.014,-1.0,VAL,2013,Benzalkonium chloride,Benzalkonium chloride,Benzalkonium chloride (BAC),RF-00002582-PAR,0.1,True
111727,C8DDC424018DA34B01F90AF7F747E34D,DE,DE,P1020010A,-1,T999A,K005A,RF-00002582-PAR,0.07,-1.0,VAL,2013,Benzalkonium chloride,Benzalkonium chloride,Benzalkonium chloride (BAC),RF-00002582-PAR,0.1,True
112893,EF9AF6A5C12D3BA698406BE6C1F4FDD5,DE,DE,P1020010A,-1,T999A,K005A,RF-0102-001-PPP,0.06,-1.0,VAL,2013,Copper compounds,Copper compounds,Copper compounds (copper),RF-0102-001-PPP,2.0,True
112894,4BF81323FBF8E79889B8B9BD5FF49610,DE,DE,P1020010A,-1,T999A,K005A,RF-0102-001-PPP,0.06,-1.0,VAL,2013,Copper compounds,Copper compounds,Copper compounds (copper),RF-0102-001-PPP,2.0,True
112895,9D960C656EE4131039FC5EF5D674A230,DE,DE,P1020010A,-1,T999A,K005A,RF-0102-001-PPP,0.0675,-1.0,VAL,2013,Copper compounds,Copper compounds,Copper compounds (copper),RF-0102-001-PPP,2.0,True
112896,DE71F06B315EF3E2E21672D2AA27F6FA,DE,DE,P1020010A,-1,T999A,K005A,RF-0102-001-PPP,0.06,-1.0,VAL,2013,Copper compounds,Copper compounds,Copper compounds (copper),RF-0102-001-PPP,2.0,True
112921,8A709EFACA663D239510C40959A77102,DE,DE,P1020010A,-1,T999A,K005A,RF-0102-001-PPP,0.06,-1.0,VAL,2013,Copper compounds,Copper compounds,Copper compounds (copper),RF-0102-001-PPP,2.0,True
112922,600A7DE379E0380A69EB4E995149CDF2,DE,DE,P1020010A,-1,T999A,K005A,RF-0102-001-PPP,0.09,-1.0,VAL,2013,Copper compounds,Copper compounds,Copper compounds (copper),RF-0102-001-PPP,2.0,True
112923,EC5A9B5D76F0DBCB57E34035BEA115F6,DE,DE,P1020010A,-1,T999A,K005A,RF-0102-001-PPP,0.11,-1.0,VAL,2013,Copper compounds,Copper compounds,Copper compounds (copper),RF-0102-001-PPP,2.0,True
112924,9D117D2D7FD2550E684C14E44A40CCAA,DE,DE,P1020010A,-1,T999A,K005A,RF-0102-001-PPP,0.09,-1.0,VAL,2013,Copper compounds,Copper compounds,Copper compounds (copper),RF-0102-001-PPP,2.0,True
112925,5DB642A45630CD94591E3ED18C6841C9,DE,DE,P1020010A,-1,T999A,K005A,RF-0102-001-PPP,0.063,-1.0,VAL,2013,Copper compounds,Copper compounds,Copper compounds (copper),RF-0102-001-PPP,2.0,True
112926,5B9605F10D9658A4697A1B2827B3B9F3,DE,DE,P1020010A,-1,T999A,K005A,RF-0102-001-PPP,0.0655,-1.0,VAL,2013,Copper compounds,Copper compounds,Copper compounds (copper),RF-0102-001-PPP,2.0,True
112935,959FF6C6E8B33C860029A32C8D3B40A4,DE,DE,P1020010A,-1,T999A,K005A,RF-0102-001-PPP,0.06,-1.0,VAL,2013,Copper compounds,Copper compounds,Copper compounds (copper),RF-0102-001-PPP,2.0,True
112936,F556BEFCF264C93AF291E5F7F7838A94,DE,DE,P1020010A,-1,T999A,K005A,RF-0102-001-PPP,0.054,-1.0,VAL,2013,Copper compounds,Copper compounds,Copper compounds (copper),RF-0102-001-PPP,2.0,True
112937,2CE454603F4DBD2A95DFD725AAB6D0B7,DE,DE,P1020010A,-1,T999A,K005A,RF-0102-001-PPP,0.06,-1.0,VAL,2013,Copper compounds,Copper compounds,Copper compounds (copper),RF-0102-001-PPP,2.0,True
112938,0B65663A1D136F7A2CB99EE33D53C95B,DE,DE,P1020010A,-1,T999A,K005A,RF-0102-001-PPP,0.07,-1.0,VAL,2013,Copper compounds,Copper compounds,Copper compounds (copper),RF-0102-001-PPP,2.0,True
112939,287CEC70E184DC4EEE7A1AD2773BBDC0,DE,DE,P1020010A,-1,T999A,K005A,RF-0102-001-PPP,0.05,-1.0,VAL,2013,Copper compounds,Copper compounds,Copper compounds (copper),RF-0102-001-PPP,2.0,True
112944,4F04F738ED3A03186C53F8FF3199D036,DE,DE,P1020010A,-1,T999A,K005A,RF-0102-001-PPP,0.0685,-1.0,VAL,2013,Copper compounds,Copper compounds,Copper compounds (copper),RF-0102-001-PPP,2.0,True
112945,6BF9C040A36E462EEC4DED5201F4B530,DE,DE,P1020010A,-1,T999A,K005A,RF-0102-001-PPP,0.06,-1.0,VAL,2013,Copper compounds,Copper compounds,Copper compounds (copper),RF-0102-001-PPP,2.0,True
112946,26BD899E3BFDD25CA22669585FEEA653,DE,DE,P1020010A,-1,T999A,K005A,RF-0102-001-PPP,0.0504,-1.0,VAL,2013,Copper compounds,Copper compounds,Copper compounds (copper),RF-0102-001-PPP,2.0,True
112948,665C45873BCDDDEFCC243B5BA0FF64DA,DE,DE,P1020010A,-1,T999A,K005A,RF-0102-001-PPP,0.1,-1.0,VAL,2013,Copper compounds,Copper compounds,Copper compounds (copper),RF-0102-001-PPP,2.0,True
112950,F18FA69BE1BD8E7E6BA561EAC68BB54F,DE,DE,P1020010A,-1,T999A,K005A,RF-0102-001-PPP,0.052,-1.0,VAL,2013,Copper compounds,Copper compounds,Copper compounds (copper),RF-0102-001-PPP,2.0,True
112954,097C62A70792A55EB044DE2EEA562F4A,DE,DE,P1020010A,-1,T999A,K005A,RF-0102-001-PPP,0.06,-1.0,VAL,2013,Copper compounds,Copper compounds,Copper compounds (copper),RF-0102-001-PPP,2.0,True
112959,560AC1E55FB5CED176ABA0FB2ACDF53C,DE,DE,P1020010A,-1,T999A,K005A,RF-0102-001-PPP,0.07,-1.0,VAL,2013,Copper compounds,Copper compounds,Copper compounds (copper),RF-0102-001-PPP,2.0,True
112960,53E986358E03B2F9966DCE8087450C53,DE,DE,P1020010A,-1,T999A,K005A,RF-0102-001-PPP,0.1,-1.0,VAL,2013,Copper compounds,Copper compounds,Copper compounds (copper),RF-0102-001-PPP,2.0,True
112961,8099D587B0A79440BB3F26625D8B0317,DE,DE,P1020010A,-1,T999A,K005A,RF-0102-001-PPP,0.0585,-1.0,VAL,2013,Copper compounds,Copper compounds,Copper compounds (copper),RF-0102-001-PPP,2.0,True
112962,F6540E468FC5CE376EC1F24E0797E3D4,DE,DE,P1020010A,-1,T999A,K005A,RF-0102-001-PPP,0.05,-1.0,VAL,2013,Copper compounds,Copper compounds,Copper compounds (copper),RF-0102-001-PPP,2.0,True
112964,2F775BE8DB4306FEE532B90D73B067CC,DE,DE,P1020010A,-1,T999A,K005A,RF-0102-001-PPP,0.09,-1.0,VAL,2013,Copper compounds,Copper compounds,Copper compounds (copper),RF-0102-001-PPP,2.0,True
112966,FB4F4614ED8A1466E115C51A25E55968,DE,DE,P1020010A,-1,T999A,K005A,RF-0102-001-PPP,0.1,-1.0,VAL,2013,Copper compounds,Copper compounds,Copper compounds (copper),RF-0102-001-PPP,2.0,True
112967,F75190C92A2EF043B93B5F7F4D506170,DE,DE,P1020010A,-1,T999A,K005A,RF-0102-001-PPP,0.05,-1.0,VAL,2013,Copper compounds,Copper compounds,Copper compounds (copper),RF-0102-001-PPP,2.0,True
112974,EF1290BEB0C23176EB3A7A402D98D8E0,DE,DE,P1020010A,-1,T999A,K005A,RF-0102-001-PPP,0.05,-1.0,VAL,2013,Copper compounds,Copper compounds,Copper compounds (copper),RF-0102-001-PPP,2.0,True
112976,A6F27E423B8F4FD1E7A52D0B7F299B8C,DE,DE,P1020010A,-1,T999A,K005A,RF-0102-001-PPP,0.0585,-1.0,VAL,2013,Copper compounds,Copper compounds,Copper compounds (copper),RF-0102-001-PPP,2.0,True
112977,17B029B5E00DF9B5F5FB514CE5FBE51E,DE,DE,P1020010A,-1,T999A,K005A,RF-0102-001-PPP,0.152,-1.0,VAL,2013,Copper compounds,Copper compounds,Copper compounds (copper),RF-0102-001-PPP,2.0,True
112978,B436B2BC282C693755E8A988C6B69502,DE,DE,P1020010A,-1,T999A,K005A,RF-0102-001-PPP,0.06,-1.0,VAL,2013,Copper compounds,Copper compounds,Copper compounds (copper),RF-0102-001-PPP,2.0,True
112981,56AE2F1593B835436419B5C80BA22BDE,DE,DE,P1020010A,-1,T999A,K005A,RF-0102-001-PPP,0.06,-1.0,VAL,2013,Copper compounds,Copper compounds,Copper compounds (copper),RF-0102-001-PPP,2.0,True
113391,2EDEB52C1B66D5B4A710C8C3E32964E1,DE,DE,P1020010A,-1,T999A,K005A,RF-0119-001-PPP,0.00012,-1.0,VAL,2013,DDT (sum),DDT (sum),"DDT (sum of p,p'-DDT, o,p'-DDT, p-p'-DDE and p,p'-TDE (DDD) expressed as DDT)",RF-0119-001-PPP,0.04,True
113393,F1537A21F4C91CFD5FB16EDD7E80F4A3,DE,DE,P1020010A,-1,T999A,K005A,RF-0119-001-PPP,0.0002,-1.0,VAL,2013,DDT (sum),DDT (sum),"DDT (sum of p,p'-DDT, o,p'-DDT, p-p'-DDE and p,p'-TDE (DDD) expressed as DDT)",RF-0119-001-PPP,0.04,True
113398,4FF2F0770B35B5CC372BD2E257387788,DE,DE,P1020010A,-1,T999A,K005A,RF-0119-001-PPP,0.00011,-1.0,VAL,2013,DDT (sum),DDT (sum),"DDT (sum of p,p'-DDT, o,p'-DDT, p-p'-DDE and p,p'-TDE (DDD) expressed as DDT)",RF-0119-001-PPP,0.04,True
113399,6E15E24A944EEC81B9C39BFEE7004F79,DE,DE,P1020010A,-1,T999A,K005A,RF-0119-001-PPP,0.00014,-1.0,VAL,2013,DDT (sum),DDT (sum),"DDT (sum of p,p'-DDT, o,p'-DDT, p-p'-DDE and p,p'-TDE (DDD) expressed as DDT)",RF-0119-001-PPP,0.04,True
113404,95C45B4CFE9107686ACCC22F05C0C6F6,DE,DE,P1020010A,-1,T999A,K005A,RF-0119-001-PPP,0.00013,-1.0,VAL,2013,DDT (sum),DDT (sum),"DDT (sum of p,p'-DDT, o,p'-DDT, p-p'-DDE and p,p'-TDE (DDD) expressed as DDT)",RF-0119-001-PPP,0.04,True
113405,5170497E4FADE1E994286181DDE88428,DE,DE,P1020010A,-1,T999A,K005A,RF-0119-001-PPP,9e-05,-1.0,VAL,2013,DDT (sum),DDT (sum),"DDT (sum of p,p'-DDT, o,p'-DDT, p-p'-DDE and p,p'-TDE (DDD) expressed as DDT)",RF-0119-001-PPP,0.04,True
113407,8120A085D479BB9936DBE24955FE3615,DE,DE,P1020010A,-1,T999A,K005A,RF-0119-001-PPP,0.00019,-1.0,VAL,2013,DDT (sum),DDT (sum),"DDT (sum of p,p'-DDT, o,p'-DDT, p-p'-DDE and p,p'-TDE (DDD) expressed as DDT)",RF-0119-001-PPP,0.04,True
113409,1AEE896EDA88CFA5A7420BD47D9E0D20,DE,DE,P1020010A,-1,T999A,K005A,RF-0119-001-PPP,0.00012,-1.0,VAL,2013,DDT (sum),DDT (sum),"DDT (sum of p,p'-DDT, o,p'-DDT, p-p'-DDE and p,p'-TDE (DDD) expressed as DDT)",RF-0119-001-PPP,0.04,True
113411,023B5A18D033C1AF402379B83C40F2C7,DE,DE,P1020010A,-1,T999A,K005A,RF-0119-001-PPP,0.00017,-1.0,VAL,2013,DDT (sum),DDT (sum),"DDT (sum of p,p'-DDT, o,p'-DDT, p-p'-DDE and p,p'-TDE (DDD) expressed as DDT)",RF-0119-001-PPP,0.04,True
113413,A46556F77F05DA94B6907854A9D2FB24,DE,DE,P1020010A,-1,T999A,K005A,RF-0119-001-PPP,0.00014,-1.0,VAL,2013,DDT (sum),DDT (sum),"DDT (sum of p,p'-DDT, o,p'-DDT, p-p'-DDE and p,p'-TDE (DDD) expressed as DDT)",RF-0119-001-PPP,0.04,True
113416,8FADCBFF1A6D02522CCAF216A14FB3E4,DE,DE,P1020010A,-1,T999A,K005A,RF-0119-001-PPP,0.0011,-1.0,VAL,2013,DDT (sum),DDT (sum),"DDT (sum of p,p'-DDT, o,p'-DDT, p-p'-DDE and p,p'-TDE (DDD) expressed as DDT)",RF-0119-001-PPP,0.04,True
113418,04379429AFF0DD72505DC8A74F30B5F3,DE,DE,P1020010A,-1,T999A,K005A,RF-0119-001-PPP,0.0001,-1.0,VAL,2013,DDT (sum),DDT (sum),"DDT (sum of p,p'-DDT, o,p'-DDT, p-p'-DDE and p,p'-TDE (DDD) expressed as DDT)",RF-0119-001-PPP,0.04,True
113423,FBAD0E62DCA3B856E54D88DF86E2DBFB,DE,DE,P1020010A,-1,T999A,K005A,RF-0119-001-PPP,0.00018,-1.0,VAL,2013,DDT (sum),DDT (sum),"DDT (sum of p,p'-DDT, o,p'-DDT, p-p'-DDE and p,p'-TDE (DDD) expressed as DDT)",RF-0119-001-PPP,0.04,True
113428,970DEA52C3430796F68F114F04BE8617,DE,DE,P1020010A,-1,T999A,K005A,RF-0119-001-PPP,0.00026,-1.0,VAL,2013,DDT (sum),DDT (sum),"DDT (sum of p,p'-DDT, o,p'-DDT, p-p'-DDE and p,p'-TDE (DDD) expressed as DDT)",RF-0119-001-PPP,0.04,True
113431,B58C8C87D697506A86493ECEEF92BB1F,DE,DE,P1020010A,-1,T999A,K005A,RF-0119-001-PPP,0.00014,-1.0,VAL,2013,DDT (sum),DDT (sum),"DDT (sum of p,p'-DDT, o,p'-DDT, p-p'-DDE and p,p'-TDE (DDD) expressed as DDT)",RF-0119-001-PPP,0.04,True
113432,D45E9AADCBAC78992F65E03BC07599DF,DE,DE,P1020010A,-1,T999A,K005A,RF-0119-001-PPP,0.00025,-1.0,VAL,2013,DDT (sum),DDT (sum),"DDT (sum of p,p'-DDT, o,p'-DDT, p-p'-DDE and p,p'-TDE (DDD) expressed as DDT)",RF-0119-001-PPP,0.04,True
113433,94E7E1542E14375C15209097AF812AEF,DE,DE,P1020010A,-1,T999A,K005A,RF-0119-001-PPP,9e-05,-1.0,VAL,2013,DDT (sum),DDT (sum),"DDT (sum of p,p'-DDT, o,p'-DDT, p-p'-DDE and p,p'-TDE (DDD) expressed as DDT)",RF-0119-001-PPP,0.04,True
113436,F33791A2CE88D2393F41A7801F1C1BEF,DE,DE,P1020010A,-1,T999A,K005A,RF-0119-001-PPP,0.00017,-1.0,VAL,2013,DDT (sum),DDT (sum),"DDT (sum of p,p'-DDT, o,p'-DDT, p-p'-DDE and p,p'-TDE (DDD) expressed as DDT)",RF-0119-001-PPP,0.04,True
113445,746E5C778F7837E7A46A15E53B666CD0,DE,DE,P1020010A,-1,T999A,K005A,RF-0119-001-PPP,0.00011,-1.0,VAL,2013,DDT (sum),DDT (sum),"DDT (sum of p,p'-DDT, o,p'-DDT, p-p'-DDE and p,p'-TDE (DDD) expressed as DDT)",RF-0119-001-PPP,0.04,True
113448,EC6803494260CD35A70B390C6F2F9F94,DE,DE,P1020010A,-1,T999A,K005A,RF-0119-001-PPP,0.00011,-1.0,VAL,2013,DDT (sum),DDT (sum),"DDT (sum of p,p'-DDT, o,p'-DDT, p-p'-DDE and p,p'-TDE (DDD) expressed as DDT)",RF-0119-001-PPP,0.04,True
113451,79D4C496526FFCD03A893CF2106304B1,DE,DE,P1020010A,-1,T999A,K005A,RF-0119-001-PPP,0.00013,-1.0,VAL,2013,DDT (sum),DDT (sum),"DDT (sum of p,p'-DDT, o,p'-DDT, p-p'-DDE and p,p'-TDE (DDD) expressed as DDT)",RF-0119-001-PPP,0.04,True
113452,CB264CD21F134590F29EC5B844944CDA,DE,DE,P1020010A,-1,T999A,K005A,RF-0119-001-PPP,0.00011,-1.0,VAL,2013,DDT (sum),DDT (sum),"DDT (sum of p,p'-DDT, o,p'-DDT, p-p'-DDE and p,p'-TDE (DDD) expressed as DDT)",RF-0119-001-PPP,0.04,True
113456,DADE2703703B7A358A84FE873B9D4BF5,DE,DE,P1020010A,-1,T999A,K005A,RF-0119-001-PPP,0.00012,-1.0,VAL,2013,DDT (sum),DDT (sum),"DDT (sum of p,p'-DDT, o,p'-DDT, p-p'-DDE and p,p'-TDE (DDD) expressed as DDT)",RF-0119-001-PPP,0.04,True
113458,37492C30188B2B77ED10F13768550556,DE,DE,P1020010A,-1,T999A,K005A,RF-0119-001-PPP,0.00011,-1.0,VAL,2013,DDT (sum),DDT (sum),"DDT (sum of p,p'-DDT, o,p'-DDT, p-p'-DDE and p,p'-TDE (DDD) expressed as DDT)",RF-0119-001-PPP,0.04,True
113459,FB57BC4A4E7C43CC8EA8DCBD1163E970,DE,DE,P1020010A,-1,T999A,K005A,RF-0119-001-PPP,0.00011,-1.0,VAL,2013,DDT (sum),DDT (sum),"DDT (sum of p,p'-DDT, o,p'-DDT, p-p'-DDE and p,p'-TDE (DDD) expressed as DDT)",RF-0119-001-PPP,0.04,True
113461,4A0DAB71986E1D42BC6EB3242EE2D2EB,DE,DE,P1020010A,-1,T999A,K005A,RF-0119-001-PPP,0.00018,-1.0,VAL,2013,DDT (sum),DDT (sum),"DDT (sum of p,p'-DDT, o,p'-DDT, p-p'-DDE and p,p'-TDE (DDD) expressed as DDT)",RF-0119-001-PPP,0.04,True
113466,3DD02E793177A02256B426662F495B7E,DE,DE,P1020010A,-1,T999A,K005A,RF-0119-001-PPP,0.00011,-1.0,VAL,2013,DDT (sum),DDT (sum),"DDT (sum of p,p'-DDT, o,p'-DDT, p-p'-DDE and p,p'-TDE (DDD) expressed as DDT)",RF-0119-001-PPP,0.04,True
113473,EB07529A1532AC5CD477640C6B51FFE4,DE,DE,P1020010A,-1,T999A,K005A,RF-0119-001-PPP,9e-05,-1.0,VAL,2013,DDT (sum),DDT (sum),"DDT (sum of p,p'-DDT, o,p'-DDT, p-p'-DDE and p,p'-TDE (DDD) expressed as DDT)",RF-0119-001-PPP,0.04,True
113475,92FB1A39EBC436AC53C734076C7D354B,DE,DE,P1020010A,-1,T999A,K005A,RF-0119-001-PPP,0.00017,-1.0,VAL,2013,DDT (sum),DDT (sum),"DDT (sum of p,p'-DDT, o,p'-DDT, p-p'-DDE and p,p'-TDE (DDD) expressed as DDT)",RF-0119-001-PPP,0.04,True
113479,3207D7319134F213BC13CFAF4B7FE076,DE,DE,P1020010A,-1,T999A,K005A,RF-0119-001-PPP,0.00042,-1.0,VAL,2013,DDT (sum),DDT (sum),"DDT (sum of p,p'-DDT, o,p'-DDT, p-p'-DDE and p,p'-TDE (DDD) expressed as DDT)",RF-0119-001-PPP,0.04,True
113493,9B86AF0E6C4864086796ABAE100D4FB1,DE,DE,P1020010A,-1,T999A,K005A,RF-0119-001-PPP,0.0008,-1.0,VAL,2013,DDT (sum),DDT (sum),"DDT (sum of p,p'-DDT, o,p'-DDT, p-p'-DDE and p,p'-TDE (DDD) expressed as DDT)",RF-0119-001-PPP,0.04,True
113494,DA0099B632FD1AD1084259857FFC5456,DE,DE,P1020010A,-1,T999A,K005A,RF-0119-001-PPP,0.0004,-1.0,VAL,2013,DDT (sum),DDT (sum),"DDT (sum of p,p'-DDT, o,p'-DDT, p-p'-DDE and p,p'-TDE (DDD) expressed as DDT)",RF-0119-001-PPP,0.04,True
113496,8FBF93B77F33502C1ED6EC6760F2021E,DE,DE,P1020010A,-1,T999A,K005A,RF-0119-001-PPP,0.00052,-1.0,VAL,2013,DDT (sum),DDT (sum),"DDT (sum of p,p'-DDT, o,p'-DDT, p-p'-DDE and p,p'-TDE (DDD) expressed as DDT)",RF-0119-001-PPP,0.04,True
113497,2122703328464CBCD0683E2F7C8CBD6E,DE,DE,P1020010A,-1,T999A,K005A,RF-0119-001-PPP,0.00011,-1.0,VAL,2013,DDT (sum),DDT (sum),"DDT (sum of p,p'-DDT, o,p'-DDT, p-p'-DDE and p,p'-TDE (DDD) expressed as DDT)",RF-0119-001-PPP,0.04,True
113500,0D9A9C3FF7D39493CF509628508484F1,DE,DE,P1020010A,-1,T999A,K005A,RF-0119-001-PPP,0.00012,-1.0,VAL,2013,DDT (sum),DDT (sum),"DDT (sum of p,p'-DDT, o,p'-DDT, p-p'-DDE and p,p'-TDE (DDD) expressed as DDT)",RF-0119-001-PPP,0.04,True
113504,AC4BD730E3D8D8765A8569B4A8A97A8B,DE,DE,P1020010A,-1,T999A,K005A,RF-0119-001-PPP,0.00016,-1.0,VAL,2013,DDT (sum),DDT (sum),"DDT (sum of p,p'-DDT, o,p'-DDT, p-p'-DDE and p,p'-TDE (DDD) expressed as DDT)",RF-0119-001-PPP,0.04,True
113506,285BD79C41C28647356DC8E9999274F5,DE,DE,P1020010A,-1,T999A,K005A,RF-0119-001-PPP,0.0002,-1.0,VAL,2013,DDT (sum),DDT (sum),"DDT (sum of p,p'-DDT, o,p'-DDT, p-p'-DDE and p,p'-TDE (DDD) expressed as DDT)",RF-0119-001-PPP,0.04,True
113509,68A8B9935BA2C7A3A603543CB7736D2B,DE,DE,P1020010A,-1,T999A,K005A,RF-0119-001-PPP,0.01,4.0,VAL,2013,DDT (sum),DDT (sum),"DDT (sum of p,p'-DDT, o,p'-DDT, p-p'-DDE and p,p'-TDE (DDD) expressed as DDT)",RF-0119-001-PPP,0.04,True
113510,5277936AB44169FCFC95703ABAEF12B5,DE,DE,P1020010A,-1,T999A,K005A,RF-0119-001-PPP,0.0001,-1.0,VAL,2013,DDT (sum),DDT (sum),"DDT (sum of p,p'-DDT, o,p'-DDT, p-p'-DDE and p,p'-TDE (DDD) expressed as DDT)",RF-0119-001-PPP,0.04,True
113513,61A361426CE4831D0CBD83CAEC89EF06,DE,DE,P1020010A,-1,T999A,K005A,RF-0119-001-PPP,0.0001,-1.0,VAL,2013,DDT (sum),DDT (sum),"DDT (sum of p,p'-DDT, o,p'-DDT, p-p'-DDE and p,p'-TDE (DDD) expressed as DDT)",RF-0119-001-PPP,0.04,True
113518,93D67E63E02E5E20CD5AF8BD1A4DFBC4,DE,DE,P1020010A,-1,T999A,K005A,RF-0119-001-PPP,0.00029,-1.0,VAL,2013,DDT (sum),DDT (sum),"DDT (sum of p,p'-DDT, o,p'-DDT, p-p'-DDE and p,p'-TDE (DDD) expressed as DDT)",RF-0119-001-PPP,0.04,True
113523,0B9E762A91AABB3E9C73D050C18A81FF,DE,DE,P1020010A,-1,T999A,K005A,RF-0119-001-PPP,0.00017,-1.0,VAL,2013,DDT (sum),DDT (sum),"DDT (sum of p,p'-DDT, o,p'-DDT, p-p'-DDE and p,p'-TDE (DDD) expressed as DDT)",RF-0119-001-PPP,0.04,True
113524,09C82222F66876220AB97561C8E2643A,DE,DE,P1020010A,-1,T999A,K005A,RF-0119-001-PPP,0.00016,-1.0,VAL,2013,DDT (sum),DDT (sum),"DDT (sum of p,p'-DDT, o,p'-DDT, p-p'-DDE and p,p'-TDE (DDD) expressed as DDT)",RF-0119-001-PPP,0.04,True
113526,87C7DBAA6DADAB6B6EEA653F3CD75E4E,DE,DE,P1020010A,-1,T999A,K005A,RF-0119-001-PPP,0.00021,-1.0,VAL,2013,DDT (sum),DDT (sum),"DDT (sum of p,p'-DDT, o,p'-DDT, p-p'-DDE and p,p'-TDE (DDD) expressed as DDT)",RF-0119-001-PPP,0.04,True
113527,2200AD15FC4A3CBA134C4B24D7B33554,DE,DE,P1020010A,-1,T999A,K005A,RF-0119-001-PPP,0.0008,4.0,VAL,2013,DDT (sum),DDT (sum),"DDT (sum of p,p'-DDT, o,p'-DDT, p-p'-DDE and p,p'-TDE (DDD) expressed as DDT)",RF-0119-001-PPP,0.04,True
113537,8EF75018255398EABC98200BD357F947,DE,DE,P1020010A,-1,T999A,K005A,RF-0119-001-PPP,0.0068,4.0,VAL,2013,DDT (sum),DDT (sum),"DDT (sum of p,p'-DDT, o,p'-DDT, p-p'-DDE and p,p'-TDE (DDD) expressed as DDT)",RF-0119-001-PPP,0.04,True
113541,8A5B741BDBE83BEC7BFCD79F153D99A6,DE,DE,P1020010A,-1,T999A,K005A,RF-0119-001-PPP,0.00011,-1.0,VAL,2013,DDT (sum),DDT (sum),"DDT (sum of p,p'-DDT, o,p'-DDT, p-p'-DDE and p,p'-TDE (DDD) expressed as DDT)",RF-0119-001-PPP,0.04,True
113543,F21D8103C487E102CA0162502212A7B3,DE,DE,P1020010A,-1,T999A,K005A,RF-0119-001-PPP,0.00023,-1.0,VAL,2013,DDT (sum),DDT (sum),"DDT (sum of p,p'-DDT, o,p'-DDT, p-p'-DDE and p,p'-TDE (DDD) expressed as DDT)",RF-0119-001-PPP,0.04,True
113544,19CC28994FAB6F6E31B153882B7364C7,DE,DE,P1020010A,-1,T999A,K005A,RF-0119-001-PPP,0.00011,-1.0,VAL,2013,DDT (sum),DDT (sum),"DDT (sum of p,p'-DDT, o,p'-DDT, p-p'-DDE and p,p'-TDE (DDD) expressed as DDT)",RF-0119-001-PPP,0.04,True
113546,B9B32737A4D5FFF7268219D9A3458EE4,DE,DE,P1020010A,-1,T999A,K005A,RF-0119-001-PPP,0.00017,-1.0,VAL,2013,DDT (sum),DDT (sum),"DDT (sum of p,p'-DDT, o,p'-DDT, p-p'-DDE and p,p'-TDE (DDD) expressed as DDT)",RF-0119-001-PPP,0.04,True
113547,2FF34ACE0CC71FD8DC5FE06C09368389,DE,DE,P1020010A,-1,T999A,K005A,RF-0119-001-PPP,0.00019,-1.0,VAL,2013,DDT (sum),DDT (sum),"DDT (sum of p,p'-DDT, o,p'-DDT, p-p'-DDE and p,p'-TDE (DDD) expressed as DDT)",RF-0119-001-PPP,0.04,True
113549,F611ABBD40679681F057B6C821640C1C,DE,DE,P1020010A,-1,T999A,K005A,RF-0119-001-PPP,0.00016,-1.0,VAL,2013,DDT (sum),DDT (sum),"DDT (sum of p,p'-DDT, o,p'-DDT, p-p'-DDE and p,p'-TDE (DDD) expressed as DDT)",RF-0119-001-PPP,0.04,True
113551,67ECDF346CBB18D119807915E68CE900,DE,DE,P1020010A,-1,T999A,K005A,RF-0119-001-PPP,0.00046,-1.0,VAL,2013,DDT (sum),DDT (sum),"DDT (sum of p,p'-DDT, o,p'-DDT, p-p'-DDE and p,p'-TDE (DDD) expressed as DDT)",RF-0119-001-PPP,0.04,True
113553,51406CFFBCB0D902CEA2D38965BFEEC5,DE,DE,P1020010A,-1,T999A,K005A,RF-0119-001-PPP,0.00036,-1.0,VAL,2013,DDT (sum),DDT (sum),"DDT (sum of p,p'-DDT, o,p'-DDT, p-p'-DDE and p,p'-TDE (DDD) expressed as DDT)",RF-0119-001-PPP,0.04,True
113560,9A5E2C9FE7222D14D2710FA616102725,DE,DE,P1020010A,-1,T999A,K005A,RF-0119-001-PPP,0.002,4.0,VAL,2013,DDT (sum),DDT (sum),"DDT (sum of p,p'-DDT, o,p'-DDT, p-p'-DDE and p,p'-TDE (DDD) expressed as DDT)",RF-0119-001-PPP,0.04,True
113562,1883382B3C7560A9B278B710EE85617E,DE,DE,P1020010A,-1,T999A,K005A,RF-0119-001-PPP,0.0007,4.0,VAL,2013,DDT (sum),DDT (sum),"DDT (sum of p,p'-DDT, o,p'-DDT, p-p'-DDE and p,p'-TDE (DDD) expressed as DDT)",RF-0119-001-PPP,0.04,True
113563,2E90DC6431CF3A42B688379C82933C8F,DE,DE,P1020010A,-1,T999A,K005A,RF-0119-001-PPP,0.0006,4.0,VAL,2013,DDT (sum),DDT (sum),"DDT (sum of p,p'-DDT, o,p'-DDT, p-p'-DDE and p,p'-TDE (DDD) expressed as DDT)",RF-0119-001-PPP,0.04,True
113568,8AB92710CF526E4A68E74EFE3F068364,DE,DE,P1020010A,-1,T999A,K005A,RF-0119-001-PPP,0.001,0.0,VAL,2013,DDT (sum),DDT (sum),"DDT (sum of p,p'-DDT, o,p'-DDT, p-p'-DDE and p,p'-TDE (DDD) expressed as DDT)",RF-0119-001-PPP,0.04,True
114839,EB3E6C3414F0BF9C8C534ADFDDCEC6E0,DE,DE,P1020010A,-1,T999A,K005A,RF-0236-001-PPP,0.00023,-1.0,VAL,2013,Heptachlor (sum),Heptachlor (sum),Heptachlor (sum of heptachlor and heptachlor epoxide expressed as heptachlor),RF-0236-001-PPP,0.004,True
114866,72DDB630100627F8EDF5EF9B1BDCA8B6,DE,DE,P1020010A,-1,T999A,K005A,RF-0236-001-PPP,0.00012,-1.0,VAL,2013,Heptachlor (sum),Heptachlor (sum),Heptachlor (sum of heptachlor and heptachlor epoxide expressed as heptachlor),RF-0236-001-PPP,0.004,True
114887,9A5E2C9FE7222D14D2710FA616102725,DE,DE,P1020010A,-1,T999A,K005A,RF-0236-001-PPP,0.0005,4.0,VAL,2013,Heptachlor (sum),Heptachlor (sum),Heptachlor (sum of heptachlor and heptachlor epoxide expressed as heptachlor),RF-0236-001-PPP,0.004,True
114893,1F72F4A8659996D3410F43AFE32BD50C,DE,DE,P1020010A,-1,T999A,K005A,RF-0237-001-PPP,0.0001,-1.0,VAL,2013,Hexachlorobenzene,Hexachlorobenzene,Hexachlorobenzene,RF-0237-001-PPP,0.005,True
114895,FBCAC9220F7F4EC81A475155751DBFEF,DE,DE,P1020010A,-1,T999A,K005A,RF-0237-001-PPP,0.0001,-1.0,VAL,2013,Hexachlorobenzene,Hexachlorobenzene,Hexachlorobenzene,RF-0237-001-PPP,0.005,True
114898,F5CCAFFE979AE68D47B8B810AC2CFB6B,DE,DE,P1020010A,-1,T999A,K005A,RF-0237-001-PPP,0.0001,-1.0,VAL,2013,Hexachlorobenzene,Hexachlorobenzene,Hexachlorobenzene,RF-0237-001-PPP,0.005,True
114901,C1C38282F93DBF90F923AAB2A97A8EED,DE,DE,P1020010A,-1,T999A,K005A,RF-0237-001-PPP,8e-05,-1.0,VAL,2013,Hexachlorobenzene,Hexachlorobenzene,Hexachlorobenzene,RF-0237-001-PPP,0.005,True
114902,66534FC16951DA9C5B69C16879832F0B,DE,DE,P1020010A,-1,T999A,K005A,RF-0237-001-PPP,8e-05,-1.0,VAL,2013,Hexachlorobenzene,Hexachlorobenzene,Hexachlorobenzene,RF-0237-001-PPP,0.005,True
114903,2EDEB52C1B66D5B4A710C8C3E32964E1,DE,DE,P1020010A,-1,T999A,K005A,RF-0237-001-PPP,9e-05,-1.0,VAL,2013,Hexachlorobenzene,Hexachlorobenzene,Hexachlorobenzene,RF-0237-001-PPP,0.005,True
114905,F1537A21F4C91CFD5FB16EDD7E80F4A3,DE,DE,P1020010A,-1,T999A,K005A,RF-0237-001-PPP,0.00014,-1.0,VAL,2013,Hexachlorobenzene,Hexachlorobenzene,Hexachlorobenzene,RF-0237-001-PPP,0.005,True
114906,EF2D62BD3D30A42A554E97C8E7977F22,DE,DE,P1020010A,-1,T999A,K005A,RF-0237-001-PPP,0.00012,-1.0,VAL,2013,Hexachlorobenzene,Hexachlorobenzene,Hexachlorobenzene,RF-0237-001-PPP,0.005,True
114907,EB07529A1532AC5CD477640C6B51FFE4,DE,DE,P1020010A,-1,T999A,K005A,RF-0237-001-PPP,0.0001,-1.0,VAL,2013,Hexachlorobenzene,Hexachlorobenzene,Hexachlorobenzene,RF-0237-001-PPP,0.005,True
114908,B09D4888BF1765C0402B922E96B2BDF5,DE,DE,P1020010A,-1,T999A,K005A,RF-0237-001-PPP,0.00014,-1.0,VAL,2013,Hexachlorobenzene,Hexachlorobenzene,Hexachlorobenzene,RF-0237-001-PPP,0.005,True
114909,C85437F064823F61DA5AA074AE103D32,DE,DE,P1020010A,-1,T999A,K005A,RF-0237-001-PPP,0.00012,-1.0,VAL,2013,Hexachlorobenzene,Hexachlorobenzene,Hexachlorobenzene,RF-0237-001-PPP,0.005,True
114910,37492C30188B2B77ED10F13768550556,DE,DE,P1020010A,-1,T999A,K005A,RF-0237-001-PPP,6e-05,-1.0,VAL,2013,Hexachlorobenzene,Hexachlorobenzene,Hexachlorobenzene,RF-0237-001-PPP,0.005,True
114911,FB57BC4A4E7C43CC8EA8DCBD1163E970,DE,DE,P1020010A,-1,T999A,K005A,RF-0237-001-PPP,8e-05,-1.0,VAL,2013,Hexachlorobenzene,Hexachlorobenzene,Hexachlorobenzene,RF-0237-001-PPP,0.005,True
114912,94E7E1542E14375C15209097AF812AEF,DE,DE,P1020010A,-1,T999A,K005A,RF-0237-001-PPP,0.00016,-1.0,VAL,2013,Hexachlorobenzene,Hexachlorobenzene,Hexachlorobenzene,RF-0237-001-PPP,0.005,True
114913,3DD02E793177A02256B426662F495B7E,DE,DE,P1020010A,-1,T999A,K005A,RF-0237-001-PPP,6e-05,-1.0,VAL,2013,Hexachlorobenzene,Hexachlorobenzene,Hexachlorobenzene,RF-0237-001-PPP,0.005,True
114914,493260AF3893FA6BEDC95B0458C1BF28,DE,DE,P1020010A,-1,T999A,K005A,RF-0237-001-PPP,9e-05,-1.0,VAL,2013,Hexachlorobenzene,Hexachlorobenzene,Hexachlorobenzene,RF-0237-001-PPP,0.005,True
114915,102CC8AC601820E3863B7E02441EA2AB,DE,DE,P1020010A,-1,T999A,K005A,RF-0237-001-PPP,0.0001,-1.0,VAL,2013,Hexachlorobenzene,Hexachlorobenzene,Hexachlorobenzene,RF-0237-001-PPP,0.005,True
114916,A46556F77F05DA94B6907854A9D2FB24,DE,DE,P1020010A,-1,T999A,K005A,RF-0237-001-PPP,7e-05,-1.0,VAL,2013,Hexachlorobenzene,Hexachlorobenzene,Hexachlorobenzene,RF-0237-001-PPP,0.005,True
114917,746E5C778F7837E7A46A15E53B666CD0,DE,DE,P1020010A,-1,T999A,K005A,RF-0237-001-PPP,6e-05,-1.0,VAL,2013,Hexachlorobenzene,Hexachlorobenzene,Hexachlorobenzene,RF-0237-001-PPP,0.005,True
114918,772886DF0931AD0959DC843F9240C301,DE,DE,P1020010A,-1,T999A,K005A,RF-0237-001-PPP,0.00013,-1.0,VAL,2013,Hexachlorobenzene,Hexachlorobenzene,Hexachlorobenzene,RF-0237-001-PPP,0.005,True
114919,95C45B4CFE9107686ACCC22F05C0C6F6,DE,DE,P1020010A,-1,T999A,K005A,RF-0237-001-PPP,0.00019,-1.0,VAL,2013,Hexachlorobenzene,Hexachlorobenzene,Hexachlorobenzene,RF-0237-001-PPP,0.005,True
114920,E6D606449E0B2DC5ABFF6D4C512787B4,DE,DE,P1020010A,-1,T999A,K005A,RF-0237-001-PPP,0.00011,-1.0,VAL,2013,Hexachlorobenzene,Hexachlorobenzene,Hexachlorobenzene,RF-0237-001-PPP,0.005,True
114921,0283FC3EE82EB23E281FAB6F31F29E2C,DE,DE,P1020010A,-1,T999A,K005A,RF-0237-001-PPP,6e-05,-1.0,VAL,2013,Hexachlorobenzene,Hexachlorobenzene,Hexachlorobenzene,RF-0237-001-PPP,0.005,True
114922,A47071313278B5BA7D3ED3B35FFE3A28,DE,DE,P1020010A,-1,T999A,K005A,RF-0237-001-PPP,7e-05,-1.0,VAL,2013,Hexachlorobenzene,Hexachlorobenzene,Hexachlorobenzene,RF-0237-001-PPP,0.005,True
114924,92FB1A39EBC436AC53C734076C7D354B,DE,DE,P1020010A,-1,T999A,K005A,RF-0237-001-PPP,0.00013,-1.0,VAL,2013,Hexachlorobenzene,Hexachlorobenzene,Hexachlorobenzene,RF-0237-001-PPP,0.005,True
114925,65986122100F142AF468E7532A75BE49,DE,DE,P1020010A,-1,T999A,K005A,RF-0237-001-PPP,8e-05,-1.0,VAL,2013,Hexachlorobenzene,Hexachlorobenzene,Hexachlorobenzene,RF-0237-001-PPP,0.005,True
114927,BCCA89718F4005A77394078A65D57503,DE,DE,P1020010A,-1,T999A,K005A,RF-0237-001-PPP,7e-05,-1.0,VAL,2013,Hexachlorobenzene,Hexachlorobenzene,Hexachlorobenzene,RF-0237-001-PPP,0.005,True
114928,411ABF30573EE2165134AA2CAF8BBA39,DE,DE,P1020010A,-1,T999A,K005A,RF-0237-001-PPP,7e-05,-1.0,VAL,2013,Hexachlorobenzene,Hexachlorobenzene,Hexachlorobenzene,RF-0237-001-PPP,0.005,True
114929,16983ED24F3F04BD86D082FE4ABF7BD0,DE,DE,P1020010A,-1,T999A,K005A,RF-0237-001-PPP,7e-05,-1.0,VAL,2013,Hexachlorobenzene,Hexachlorobenzene,Hexachlorobenzene,RF-0237-001-PPP,0.005,True
114933,F33791A2CE88D2393F41A7801F1C1BEF,DE,DE,P1020010A,-1,T999A,K005A,RF-0237-001-PPP,0.0001,-1.0,VAL,2013,Hexachlorobenzene,Hexachlorobenzene,Hexachlorobenzene,RF-0237-001-PPP,0.005,True
114934,2CC83298484781094D86107026B3A18B,DE,DE,P1020010A,-1,T999A,K005A,RF-0237-001-PPP,7e-05,-1.0,VAL,2013,Hexachlorobenzene,Hexachlorobenzene,Hexachlorobenzene,RF-0237-001-PPP,0.005,True
114935,36E5DF7047287909A5A4B61B466DBB13,DE,DE,P1020010A,-1,T999A,K005A,RF-0237-001-PPP,0.00024,-1.0,VAL,2013,Hexachlorobenzene,Hexachlorobenzene,Hexachlorobenzene,RF-0237-001-PPP,0.005,True
114936,6E15E24A944EEC81B9C39BFEE7004F79,DE,DE,P1020010A,-1,T999A,K005A,RF-0237-001-PPP,7e-05,-1.0,VAL,2013,Hexachlorobenzene,Hexachlorobenzene,Hexachlorobenzene,RF-0237-001-PPP,0.005,True
114937,B4017A96AB3B054573231A075E70E417,DE,DE,P1020010A,-1,T999A,K005A,RF-0237-001-PPP,8e-05,-1.0,VAL,2013,Hexachlorobenzene,Hexachlorobenzene,Hexachlorobenzene,RF-0237-001-PPP,0.005,True
114938,7BC3CEE270E0A5741C9E010F297197CB,DE,DE,P1020010A,-1,T999A,K005A,RF-0237-001-PPP,8e-05,-1.0,VAL,2013,Hexachlorobenzene,Hexachlorobenzene,Hexachlorobenzene,RF-0237-001-PPP,0.005,True
114939,8BCF27DC22877E42BF078FDC3FD2FDFB,DE,DE,P1020010A,-1,T999A,K005A,RF-0237-001-PPP,0.00015,-1.0,VAL,2013,Hexachlorobenzene,Hexachlorobenzene,Hexachlorobenzene,RF-0237-001-PPP,0.005,True
114940,4A0DAB71986E1D42BC6EB3242EE2D2EB,DE,DE,P1020010A,-1,T999A,K005A,RF-0237-001-PPP,8e-05,-1.0,VAL,2013,Hexachlorobenzene,Hexachlorobenzene,Hexachlorobenzene,RF-0237-001-PPP,0.005,True
114941,CB264CD21F134590F29EC5B844944CDA,DE,DE,P1020010A,-1,T999A,K005A,RF-0237-001-PPP,7e-05,-1.0,VAL,2013,Hexachlorobenzene,Hexachlorobenzene,Hexachlorobenzene,RF-0237-001-PPP,0.005,True
114942,C41D28B6C697ADA3F5EC163AC8F8F4F1,DE,DE,P1020010A,-1,T999A,K005A,RF-0237-001-PPP,9e-05,-1.0,VAL,2013,Hexachlorobenzene,Hexachlorobenzene,Hexachlorobenzene,RF-0237-001-PPP,0.005,True
114943,4FF2F0770B35B5CC372BD2E257387788,DE,DE,P1020010A,-1,T999A,K005A,RF-0237-001-PPP,8e-05,-1.0,VAL,2013,Hexachlorobenzene,Hexachlorobenzene,Hexachlorobenzene,RF-0237-001-PPP,0.005,True
114944,64F2C1B96A427EB91AC7F9F09FE17F42,DE,DE,P1020010A,-1,T999A,K005A,RF-0237-001-PPP,7e-05,-1.0,VAL,2013,Hexachlorobenzene,Hexachlorobenzene,Hexachlorobenzene,RF-0237-001-PPP,0.005,True
114945,B78C0800C120A7FBD3BC2E5170EC0E0B,DE,DE,P1020010A,-1,T999A,K005A,RF-0237-001-PPP,8e-05,-1.0,VAL,2013,Hexachlorobenzene,Hexachlorobenzene,Hexachlorobenzene,RF-0237-001-PPP,0.005,True
114946,3E493D886E3FE83C460C4275D157AE68,DE,DE,P1020010A,-1,T999A,K005A,RF-0237-001-PPP,0.00011,-1.0,VAL,2013,Hexachlorobenzene,Hexachlorobenzene,Hexachlorobenzene,RF-0237-001-PPP,0.005,True
114947,B58C8C87D697506A86493ECEEF92BB1F,DE,DE,P1020010A,-1,T999A,K005A,RF-0237-001-PPP,0.00012,-1.0,VAL,2013,Hexachlorobenzene,Hexachlorobenzene,Hexachlorobenzene,RF-0237-001-PPP,0.005,True
114948,79D4C496526FFCD03A893CF2106304B1,DE,DE,P1020010A,-1,T999A,K005A,RF-0237-001-PPP,0.0001,-1.0,VAL,2013,Hexachlorobenzene,Hexachlorobenzene,Hexachlorobenzene,RF-0237-001-PPP,0.005,True
114949,E2B82EB992988984CB3040F5675DD55B,DE,DE,P1020010A,-1,T999A,K005A,RF-0237-001-PPP,0.00011,-1.0,VAL,2013,Hexachlorobenzene,Hexachlorobenzene,Hexachlorobenzene,RF-0237-001-PPP,0.005,True
114950,5170497E4FADE1E994286181DDE88428,DE,DE,P1020010A,-1,T999A,K005A,RF-0237-001-PPP,6e-05,-1.0,VAL,2013,Hexachlorobenzene,Hexachlorobenzene,Hexachlorobenzene,RF-0237-001-PPP,0.005,True
114951,D1AA0160939910B767ABC5E3201714AB,DE,DE,P1020010A,-1,T999A,K005A,RF-0237-001-PPP,6e-05,-1.0,VAL,2013,Hexachlorobenzene,Hexachlorobenzene,Hexachlorobenzene,RF-0237-001-PPP,0.005,True
114952,FBAD0E62DCA3B856E54D88DF86E2DBFB,DE,DE,P1020010A,-1,T999A,K005A,RF-0237-001-PPP,5e-05,-1.0,VAL,2013,Hexachlorobenzene,Hexachlorobenzene,Hexachlorobenzene,RF-0237-001-PPP,0.005,True
114953,D5AC89EE15F9D1A87A548581690023C9,DE,DE,P1020010A,-1,T999A,K005A,RF-0237-001-PPP,5e-05,-1.0,VAL,2013,Hexachlorobenzene,Hexachlorobenzene,Hexachlorobenzene,RF-0237-001-PPP,0.005,True
114954,0F57E1D0809404DC9EB7DCFC5E55EBBE,DE,DE,P1020010A,-1,T999A,K005A,RF-0237-001-PPP,7e-05,-1.0,VAL,2013,Hexachlorobenzene,Hexachlorobenzene,Hexachlorobenzene,RF-0237-001-PPP,0.005,True
114955,DADE2703703B7A358A84FE873B9D4BF5,DE,DE,P1020010A,-1,T999A,K005A,RF-0237-001-PPP,0.00012,-1.0,VAL,2013,Hexachlorobenzene,Hexachlorobenzene,Hexachlorobenzene,RF-0237-001-PPP,0.005,True
114956,831152C72DF93522A3475CAFD64B6A49,DE,DE,P1020010A,-1,T999A,K005A,RF-0237-001-PPP,0.0001,-1.0,VAL,2013,Hexachlorobenzene,Hexachlorobenzene,Hexachlorobenzene,RF-0237-001-PPP,0.005,True
114959,5B79623D0C06DA02E2C6D93ABE057E9B,DE,DE,P1020010A,-1,T999A,K005A,RF-0237-001-PPP,8e-05,-1.0,VAL,2013,Hexachlorobenzene,Hexachlorobenzene,Hexachlorobenzene,RF-0237-001-PPP,0.005,True
114960,8E2985BF1FD94321DA380A4DF4E64697,DE,DE,P1020010A,-1,T999A,K005A,RF-0237-001-PPP,7e-05,-1.0,VAL,2013,Hexachlorobenzene,Hexachlorobenzene,Hexachlorobenzene,RF-0237-001-PPP,0.005,True
114961,2DB8A6A367A006B762AED0B8F1B90E41,DE,DE,P1020010A,-1,T999A,K005A,RF-0237-001-PPP,0.00015,-1.0,VAL,2013,Hexachlorobenzene,Hexachlorobenzene,Hexachlorobenzene,RF-0237-001-PPP,0.005,True
114962,79E4432797E6FA82271EC656BE0B9385,DE,DE,P1020010A,-1,T999A,K005A,RF-0237-001-PPP,6e-05,-1.0,VAL,2013,Hexachlorobenzene,Hexachlorobenzene,Hexachlorobenzene,RF-0237-001-PPP,0.005,True
114963,023B5A18D033C1AF402379B83C40F2C7,DE,DE,P1020010A,-1,T999A,K005A,RF-0237-001-PPP,8e-05,-1.0,VAL,2013,Hexachlorobenzene,Hexachlorobenzene,Hexachlorobenzene,RF-0237-001-PPP,0.005,True
114965,681A02FD028109AAC35D6FBBB4D8A654,DE,DE,P1020010A,-1,T999A,K005A,RF-0237-001-PPP,9e-05,-1.0,VAL,2013,Hexachlorobenzene,Hexachlorobenzene,Hexachlorobenzene,RF-0237-001-PPP,0.005,True
114967,D45E9AADCBAC78992F65E03BC07599DF,DE,DE,P1020010A,-1,T999A,K005A,RF-0237-001-PPP,0.0001,-1.0,VAL,2013,Hexachlorobenzene,Hexachlorobenzene,Hexachlorobenzene,RF-0237-001-PPP,0.005,True
114968,5C8A95622A412AC879A7F41385C01BAD,DE,DE,P1020010A,-1,T999A,K005A,RF-0237-001-PPP,9e-05,-1.0,VAL,2013,Hexachlorobenzene,Hexachlorobenzene,Hexachlorobenzene,RF-0237-001-PPP,0.005,True
114969,1AEE896EDA88CFA5A7420BD47D9E0D20,DE,DE,P1020010A,-1,T999A,K005A,RF-0237-001-PPP,0.00014,-1.0,VAL,2013,Hexachlorobenzene,Hexachlorobenzene,Hexachlorobenzene,RF-0237-001-PPP,0.005,True
114970,970DEA52C3430796F68F114F04BE8617,DE,DE,P1020010A,-1,T999A,K005A,RF-0237-001-PPP,0.00013,-1.0,VAL,2013,Hexachlorobenzene,Hexachlorobenzene,Hexachlorobenzene,RF-0237-001-PPP,0.005,True
114971,537B4F2F5D3D9CA612CFCFF07E9894DF,DE,DE,P1020010A,-1,T999A,K005A,RF-0237-001-PPP,7e-05,-1.0,VAL,2013,Hexachlorobenzene,Hexachlorobenzene,Hexachlorobenzene,RF-0237-001-PPP,0.005,True
114972,76B902C38865340A81AC6A2D3B38DCDD,DE,DE,P1020010A,-1,T999A,K005A,RF-0237-001-PPP,0.00012,-1.0,VAL,2013,Hexachlorobenzene,Hexachlorobenzene,Hexachlorobenzene,RF-0237-001-PPP,0.005,True
114973,5329CCCC053E7AC9F0B36A5AC9284BDC,DE,DE,P1020010A,-1,T999A,K005A,RF-0237-001-PPP,0.0001,-1.0,VAL,2013,Hexachlorobenzene,Hexachlorobenzene,Hexachlorobenzene,RF-0237-001-PPP,0.005,True
114974,04379429AFF0DD72505DC8A74F30B5F3,DE,DE,P1020010A,-1,T999A,K005A,RF-0237-001-PPP,8e-05,-1.0,VAL,2013,Hexachlorobenzene,Hexachlorobenzene,Hexachlorobenzene,RF-0237-001-PPP,0.005,True
114976,34E94067BBF6AEC92B3545FE3DAE3F95,DE,DE,P1020010A,-1,T999A,K005A,RF-0237-001-PPP,8e-05,-1.0,VAL,2013,Hexachlorobenzene,Hexachlorobenzene,Hexachlorobenzene,RF-0237-001-PPP,0.005,True
114978,EDBFE7B630B329E09BA71520EA3A5A29,DE,DE,P1020010A,-1,T999A,K005A,RF-0237-001-PPP,9e-05,-1.0,VAL,2013,Hexachlorobenzene,Hexachlorobenzene,Hexachlorobenzene,RF-0237-001-PPP,0.005,True
114979,8120A085D479BB9936DBE24955FE3615,DE,DE,P1020010A,-1,T999A,K005A,RF-0237-001-PPP,8e-05,-1.0,VAL,2013,Hexachlorobenzene,Hexachlorobenzene,Hexachlorobenzene,RF-0237-001-PPP,0.005,True
114980,17FF058367013A3955B3489D40D48160,DE,DE,P1020010A,-1,T999A,K005A,RF-0237-001-PPP,6e-05,-1.0,VAL,2013,Hexachlorobenzene,Hexachlorobenzene,Hexachlorobenzene,RF-0237-001-PPP,0.005,True
114981,27EB899498BE4842FDD2319F19193607,DE,DE,P1020010A,-1,T999A,K005A,RF-0237-001-PPP,0.0001,-1.0,VAL,2013,Hexachlorobenzene,Hexachlorobenzene,Hexachlorobenzene,RF-0237-001-PPP,0.005,True
114982,341EEE36E50932C5026C19BE194294AE,DE,DE,P1020010A,-1,T999A,K005A,RF-0237-001-PPP,7e-05,-1.0,VAL,2013,Hexachlorobenzene,Hexachlorobenzene,Hexachlorobenzene,RF-0237-001-PPP,0.005,True
114983,FD68E14F6BCAEAD3BC14338057661F6A,DE,DE,P1020010A,-1,T999A,K005A,RF-0237-001-PPP,6e-05,-1.0,VAL,2013,Hexachlorobenzene,Hexachlorobenzene,Hexachlorobenzene,RF-0237-001-PPP,0.005,True
114984,9394EBE7C7B524B3DB86B0BD079E3C34,DE,DE,P1020010A,-1,T999A,K005A,RF-0237-001-PPP,0.00018,-1.0,VAL,2013,Hexachlorobenzene,Hexachlorobenzene,Hexachlorobenzene,RF-0237-001-PPP,0.005,True
114985,EC6803494260CD35A70B390C6F2F9F94,DE,DE,P1020010A,-1,T999A,K005A,RF-0237-001-PPP,0.00016,-1.0,VAL,2013,Hexachlorobenzene,Hexachlorobenzene,Hexachlorobenzene,RF-0237-001-PPP,0.005,True
114986,75D8BC27757CDC78AB1D0E1C424FD2CF,DE,DE,P1020010A,-1,T999A,K005A,RF-0237-001-PPP,8e-05,-1.0,VAL,2013,Hexachlorobenzene,Hexachlorobenzene,Hexachlorobenzene,RF-0237-001-PPP,0.005,True
114987,85BE7DA7A7D26C9E144F2C9C72B05A8B,DE,DE,P1020010A,-1,T999A,K005A,RF-0237-001-PPP,0.0001,-1.0,VAL,2013,Hexachlorobenzene,Hexachlorobenzene,Hexachlorobenzene,RF-0237-001-PPP,0.005,True
114988,DC0CA013747CCBBADE2CABDDAA889E85,DE,DE,P1020010A,-1,T999A,K005A,RF-0237-001-PPP,8e-05,-1.0,VAL,2013,Hexachlorobenzene,Hexachlorobenzene,Hexachlorobenzene,RF-0237-001-PPP,0.005,True
114989,81A4B5C26CB649DA58C80637D1EE273D,DE,DE,P1020010A,-1,T999A,K005A,RF-0237-001-PPP,0.00011,-1.0,VAL,2013,Hexachlorobenzene,Hexachlorobenzene,Hexachlorobenzene,RF-0237-001-PPP,0.005,True
114992,CD2A92A1D5361A7AB2B0FB1ED4AF6936,DE,DE,P1020010A,-1,T999A,K005A,RF-0237-001-PPP,0.0001,-1.0,VAL,2013,Hexachlorobenzene,Hexachlorobenzene,Hexachlorobenzene,RF-0237-001-PPP,0.005,True
114993,53D84BE986E2456D57B791FC00E6D0E2,DE,DE,P1020010A,-1,T999A,K005A,RF-0237-001-PPP,0.0001,-1.0,VAL,2013,Hexachlorobenzene,Hexachlorobenzene,Hexachlorobenzene,RF-0237-001-PPP,0.005,True
114994,3207D7319134F213BC13CFAF4B7FE076,DE,DE,P1020010A,-1,T999A,K005A,RF-0237-001-PPP,0.0001,-1.0,VAL,2013,Hexachlorobenzene,Hexachlorobenzene,Hexachlorobenzene,RF-0237-001-PPP,0.005,True
115002,DA9BBE81328FD94A1A25D5FA1EEB7F55,DE,DE,P1020010A,-1,T999A,K005A,RF-0237-001-PPP,0.00011,-1.0,VAL,2013,Hexachlorobenzene,Hexachlorobenzene,Hexachlorobenzene,RF-0237-001-PPP,0.005,True
115004,3D92507570BB1259CF1A9223A52EC070,DE,DE,P1020010A,-1,T999A,K005A,RF-0237-001-PPP,0.0001,-1.0,VAL,2013,Hexachlorobenzene,Hexachlorobenzene,Hexachlorobenzene,RF-0237-001-PPP,0.005,True
115005,0B9E762A91AABB3E9C73D050C18A81FF,DE,DE,P1020010A,-1,T999A,K005A,RF-0237-001-PPP,7e-05,-1.0,VAL,2013,Hexachlorobenzene,Hexachlorobenzene,Hexachlorobenzene,RF-0237-001-PPP,0.005,True
115006,A82A901204F9E5BD62E4583046F2412E,DE,DE,P1020010A,-1,T999A,K005A,RF-0237-001-PPP,8e-05,-1.0,VAL,2013,Hexachlorobenzene,Hexachlorobenzene,Hexachlorobenzene,RF-0237-001-PPP,0.005,True
115007,67ECDF346CBB18D119807915E68CE900,DE,DE,P1020010A,-1,T999A,K005A,RF-0237-001-PPP,9e-05,-1.0,VAL,2013,Hexachlorobenzene,Hexachlorobenzene,Hexachlorobenzene,RF-0237-001-PPP,0.005,True
115008,C725683DC095C8E052292030267D47FF,DE,DE,P1020010A,-1,T999A,K005A,RF-0237-001-PPP,8e-05,-1.0,VAL,2013,Hexachlorobenzene,Hexachlorobenzene,Hexachlorobenzene,RF-0237-001-PPP,0.005,True
115009,5499B5E34B76BBACFE2A580A5AD4CA1A,DE,DE,P1020010A,-1,T999A,K005A,RF-0237-001-PPP,0.0001,-1.0,VAL,2013,Hexachlorobenzene,Hexachlorobenzene,Hexachlorobenzene,RF-0237-001-PPP,0.005,True
115010,88389B58313047B39227CA8B84FC5515,DE,DE,P1020010A,-1,T999A,K005A,RF-0237-001-PPP,8e-05,-1.0,VAL,2013,Hexachlorobenzene,Hexachlorobenzene,Hexachlorobenzene,RF-0237-001-PPP,0.005,True
115011,B66F379B926F5A2925842F732B7582CB,DE,DE,P1020010A,-1,T999A,K005A,RF-0237-001-PPP,0.00012,-1.0,VAL,2013,Hexachlorobenzene,Hexachlorobenzene,Hexachlorobenzene,RF-0237-001-PPP,0.005,True
115012,0D9A9C3FF7D39493CF509628508484F1,DE,DE,P1020010A,-1,T999A,K005A,RF-0237-001-PPP,9e-05,-1.0,VAL,2013,Hexachlorobenzene,Hexachlorobenzene,Hexachlorobenzene,RF-0237-001-PPP,0.005,True
115013,8FBF93B77F33502C1ED6EC6760F2021E,DE,DE,P1020010A,-1,T999A,K005A,RF-0237-001-PPP,7e-05,-1.0,VAL,2013,Hexachlorobenzene,Hexachlorobenzene,Hexachlorobenzene,RF-0237-001-PPP,0.005,True
115014,F611ABBD40679681F057B6C821640C1C,DE,DE,P1020010A,-1,T999A,K005A,RF-0237-001-PPP,8e-05,-1.0,VAL,2013,Hexachlorobenzene,Hexachlorobenzene,Hexachlorobenzene,RF-0237-001-PPP,0.005,True
115017,2200AD15FC4A3CBA134C4B24D7B33554,DE,DE,P1020010A,-1,T999A,K005A,RF-0237-001-PPP,0.004,4.0,VAL,2013,Hexachlorobenzene,Hexachlorobenzene,Hexachlorobenzene,RF-0237-001-PPP,0.005,True
115018,924FA74C7A104789DE13E91CC3D81F84,DE,DE,P1020010A,-1,T999A,K005A,RF-0237-001-PPP,7e-05,-1.0,VAL,2013,Hexachlorobenzene,Hexachlorobenzene,Hexachlorobenzene,RF-0237-001-PPP,0.005,True
115019,304C9EA4EBCA2A368BF398001F5F09C0,DE,DE,P1020010A,-1,T999A,K005A,RF-0237-001-PPP,0.0001,-1.0,VAL,2013,Hexachlorobenzene,Hexachlorobenzene,Hexachlorobenzene,RF-0237-001-PPP,0.005,True
115020,51406CFFBCB0D902CEA2D38965BFEEC5,DE,DE,P1020010A,-1,T999A,K005A,RF-0237-001-PPP,0.0001,-1.0,VAL,2013,Hexachlorobenzene,Hexachlorobenzene,Hexachlorobenzene,RF-0237-001-PPP,0.005,True
115021,8A5B741BDBE83BEC7BFCD79F153D99A6,DE,DE,P1020010A,-1,T999A,K005A,RF-0237-001-PPP,9e-05,-1.0,VAL,2013,Hexachlorobenzene,Hexachlorobenzene,Hexachlorobenzene,RF-0237-001-PPP,0.005,True
115022,61A361426CE4831D0CBD83CAEC89EF06,DE,DE,P1020010A,-1,T999A,K005A,RF-0237-001-PPP,0.00011,-1.0,VAL,2013,Hexachlorobenzene,Hexachlorobenzene,Hexachlorobenzene,RF-0237-001-PPP,0.005,True
115023,BDB6BF6866B2AA41C2F479732147B318,DE,DE,P1020010A,-1,T999A,K005A,RF-0237-001-PPP,9e-05,-1.0,VAL,2013,Hexachlorobenzene,Hexachlorobenzene,Hexachlorobenzene,RF-0237-001-PPP,0.005,True
115024,0079528CEC14ACA1E8511B5DFBF2F13B,DE,DE,P1020010A,-1,T999A,K005A,RF-0237-001-PPP,5e-05,-1.0,VAL,2013,Hexachlorobenzene,Hexachlorobenzene,Hexachlorobenzene,RF-0237-001-PPP,0.005,True
115025,475D40FA789CCC6D80E886D9C9BEC2C8,DE,DE,P1020010A,-1,T999A,K005A,RF-0237-001-PPP,0.00011,-1.0,VAL,2013,Hexachlorobenzene,Hexachlorobenzene,Hexachlorobenzene,RF-0237-001-PPP,0.005,True
115026,F19979D97B7516735595A2E5860A203C,DE,DE,P1020010A,-1,T999A,K005A,RF-0237-001-PPP,7e-05,-1.0,VAL,2013,Hexachlorobenzene,Hexachlorobenzene,Hexachlorobenzene,RF-0237-001-PPP,0.005,True
115028,D6C7FC203B17DD8F720C49740066F8C6,DE,DE,P1020010A,-1,T999A,K005A,RF-0237-001-PPP,0.00013,-1.0,VAL,2013,Hexachlorobenzene,Hexachlorobenzene,Hexachlorobenzene,RF-0237-001-PPP,0.005,True
115030,1B4118A5E385A3A2601F12A21C9F94A2,DE,DE,P1020010A,-1,T999A,K005A,RF-0237-001-PPP,5e-05,-1.0,VAL,2013,Hexachlorobenzene,Hexachlorobenzene,Hexachlorobenzene,RF-0237-001-PPP,0.005,True
115031,2FF34ACE0CC71FD8DC5FE06C09368389,DE,DE,P1020010A,-1,T999A,K005A,RF-0237-001-PPP,6e-05,-1.0,VAL,2013,Hexachlorobenzene,Hexachlorobenzene,Hexachlorobenzene,RF-0237-001-PPP,0.005,True
115032,09C82222F66876220AB97561C8E2643A,DE,DE,P1020010A,-1,T999A,K005A,RF-0237-001-PPP,9e-05,-1.0,VAL,2013,Hexachlorobenzene,Hexachlorobenzene,Hexachlorobenzene,RF-0237-001-PPP,0.005,True
115033,285BD79C41C28647356DC8E9999274F5,DE,DE,P1020010A,-1,T999A,K005A,RF-0237-001-PPP,7e-05,-1.0,VAL,2013,Hexachlorobenzene,Hexachlorobenzene,Hexachlorobenzene,RF-0237-001-PPP,0.005,True
115035,EB3E6C3414F0BF9C8C534ADFDDCEC6E0,DE,DE,P1020010A,-1,T999A,K005A,RF-0237-001-PPP,9e-05,-1.0,VAL,2013,Hexachlorobenzene,Hexachlorobenzene,Hexachlorobenzene,RF-0237-001-PPP,0.005,True
115037,625048FCB34C81DCFE537BEE843536D2,DE,DE,P1020010A,-1,T999A,K005A,RF-0237-001-PPP,6e-05,-1.0,VAL,2013,Hexachlorobenzene,Hexachlorobenzene,Hexachlorobenzene,RF-0237-001-PPP,0.005,True
115038,2122703328464CBCD0683E2F7C8CBD6E,DE,DE,P1020010A,-1,T999A,K005A,RF-0237-001-PPP,0.0001,-1.0,VAL,2013,Hexachlorobenzene,Hexachlorobenzene,Hexachlorobenzene,RF-0237-001-PPP,0.005,True
115039,F21D8103C487E102CA0162502212A7B3,DE,DE,P1020010A,-1,T999A,K005A,RF-0237-001-PPP,8e-05,-1.0,VAL,2013,Hexachlorobenzene,Hexachlorobenzene,Hexachlorobenzene,RF-0237-001-PPP,0.005,True
115041,D301502B0BD1E46C5F49BB3C4DD8E5E4,DE,DE,P1020010A,-1,T999A,K005A,RF-0237-001-PPP,9e-05,-1.0,VAL,2013,Hexachlorobenzene,Hexachlorobenzene,Hexachlorobenzene,RF-0237-001-PPP,0.005,True
115042,72DDB630100627F8EDF5EF9B1BDCA8B6,DE,DE,P1020010A,-1,T999A,K005A,RF-0237-001-PPP,0.0001,-1.0,VAL,2013,Hexachlorobenzene,Hexachlorobenzene,Hexachlorobenzene,RF-0237-001-PPP,0.005,True
115043,AC4BD730E3D8D8765A8569B4A8A97A8B,DE,DE,P1020010A,-1,T999A,K005A,RF-0237-001-PPP,9e-05,-1.0,VAL,2013,Hexachlorobenzene,Hexachlorobenzene,Hexachlorobenzene,RF-0237-001-PPP,0.005,True
115044,0831B23EE9A1B8A4D398B7363F66DE30,DE,DE,P1020010A,-1,T999A,K005A,RF-0237-001-PPP,8e-05,-1.0,VAL,2013,Hexachlorobenzene,Hexachlorobenzene,Hexachlorobenzene,RF-0237-001-PPP,0.005,True
115045,04E90BEA53450EAAF0A828A77CA57E9B,DE,DE,P1020010A,-1,T999A,K005A,RF-0237-001-PPP,0.0001,-1.0,VAL,2013,Hexachlorobenzene,Hexachlorobenzene,Hexachlorobenzene,RF-0237-001-PPP,0.005,True
115047,8BA23DF294BF9E903C5FC3E8ACF6B0A3,DE,DE,P1020010A,-1,T999A,K005A,RF-0237-001-PPP,8e-05,-1.0,VAL,2013,Hexachlorobenzene,Hexachlorobenzene,Hexachlorobenzene,RF-0237-001-PPP,0.005,True
115048,CC9EC10D1E1F9295DAA50677A495BC4D,DE,DE,P1020010A,-1,T999A,K005A,RF-0237-001-PPP,8e-05,-1.0,VAL,2013,Hexachlorobenzene,Hexachlorobenzene,Hexachlorobenzene,RF-0237-001-PPP,0.005,True
115049,93D67E63E02E5E20CD5AF8BD1A4DFBC4,DE,DE,P1020010A,-1,T999A,K005A,RF-0237-001-PPP,8e-05,-1.0,VAL,2013,Hexachlorobenzene,Hexachlorobenzene,Hexachlorobenzene,RF-0237-001-PPP,0.005,True
115050,87C7DBAA6DADAB6B6EEA653F3CD75E4E,DE,DE,P1020010A,-1,T999A,K005A,RF-0237-001-PPP,8e-05,-1.0,VAL,2013,Hexachlorobenzene,Hexachlorobenzene,Hexachlorobenzene,RF-0237-001-PPP,0.005,True
115051,0E6136FF76445549254BAB0F7D7C29A7,DE,DE,P1020010A,-1,T999A,K005A,RF-0237-001-PPP,9e-05,-1.0,VAL,2013,Hexachlorobenzene,Hexachlorobenzene,Hexachlorobenzene,RF-0237-001-PPP,0.005,True
115053,B9B32737A4D5FFF7268219D9A3458EE4,DE,DE,P1020010A,-1,T999A,K005A,RF-0237-001-PPP,0.00012,-1.0,VAL,2013,Hexachlorobenzene,Hexachlorobenzene,Hexachlorobenzene,RF-0237-001-PPP,0.005,True
115054,5277936AB44169FCFC95703ABAEF12B5,DE,DE,P1020010A,-1,T999A,K005A,RF-0237-001-PPP,8e-05,-1.0,VAL,2013,Hexachlorobenzene,Hexachlorobenzene,Hexachlorobenzene,RF-0237-001-PPP,0.005,True
115055,F92478858B061B27B09D47553C0176FA,DE,DE,P1020010A,-1,T999A,K005A,RF-0237-001-PPP,9e-05,-1.0,VAL,2013,Hexachlorobenzene,Hexachlorobenzene,Hexachlorobenzene,RF-0237-001-PPP,0.005,True
115057,9D23A73184B509F5E2A5AD2C3DFDB884,DE,DE,P1020010A,-1,T999A,K005A,RF-0237-001-PPP,8e-05,-1.0,VAL,2013,Hexachlorobenzene,Hexachlorobenzene,Hexachlorobenzene,RF-0237-001-PPP,0.005,True
115066,FDA6DD9FE4D4E52978F79DAB873C00EA,DE,DE,P1020010A,-1,T999A,K005A,RF-0237-001-PPP,0.002,4.0,VAL,2013,Hexachlorobenzene,Hexachlorobenzene,Hexachlorobenzene,RF-0237-001-PPP,0.005,True
115067,1883382B3C7560A9B278B710EE85617E,DE,DE,P1020010A,-1,T999A,K005A,RF-0237-001-PPP,0.002,4.0,VAL,2013,Hexachlorobenzene,Hexachlorobenzene,Hexachlorobenzene,RF-0237-001-PPP,0.005,True
115068,9A5E2C9FE7222D14D2710FA616102725,DE,DE,P1020010A,-1,T999A,K005A,RF-0237-001-PPP,0.003,4.0,VAL,2013,Hexachlorobenzene,Hexachlorobenzene,Hexachlorobenzene,RF-0237-001-PPP,0.005,True
115071,8AB92710CF526E4A68E74EFE3F068364,DE,DE,P1020010A,-1,T999A,K005A,RF-0237-001-PPP,0.002,4.0,VAL,2013,Hexachlorobenzene,Hexachlorobenzene,Hexachlorobenzene,RF-0237-001-PPP,0.005,True
115072,2E90DC6431CF3A42B688379C82933C8F,DE,DE,P1020010A,-1,T999A,K005A,RF-0237-001-PPP,0.002,4.0,VAL,2013,Hexachlorobenzene,Hexachlorobenzene,Hexachlorobenzene,RF-0237-001-PPP,0.005,True
115075,A50C0CBEAB4F9E683069186D071E1368,DE,XX,P1020010A,-1,T999A,K005A,RF-0237-001-PPP,0.0001,-1.0,VAL,2013,Hexachlorobenzene,Hexachlorobenzene,Hexachlorobenzene,RF-0237-001-PPP,0.005,True
115974,394AB80386969E9359E68844BB85FE70,DE,DE,P1020010A,-1,T999A,K005A,RF-0277-001-PPP,0.0028,-1.0,VAL,2013,Mercury compounds,Mercury compounds,Mercury compounds (sum of mercury compounds expressed as mercury),RF-0277-001-PPP,0.01,True
119421,E1D955D19A6DEAAAF7B63DEE1C08DA29,DE,DE,P1020010A,-1,T999A,K005A,RF-1078-002-PPP,1.72,-1.0,VAL,2013,DDAC (mix),DDAC (mix),"Didecyldimethylammonium chloride (mixture of alkyl-quaternary ammonium salts with alkyl chain lengths of C8, C10 and C12)",RF-1078-002-PPP,0.1,True
121376,22D8241787AF950907D80A69CB3BF55A,FR,XX,P1020010A,-1,T999A,K018A,RF-0236-001-PPP,0.0005,4.0,VAL,2013,Heptachlor (sum),Heptachlor (sum),Heptachlor (sum of heptachlor and heptachlor epoxide expressed as heptachlor),RF-0236-001-PPP,0.004,True
121429,756F1B16C73A544627A38720C1EB86E0,FR,XX,P1020010A,-1,T999A,K018A,RF-0236-001-PPP,0.00037,4.0,VAL,2013,Heptachlor (sum),Heptachlor (sum),Heptachlor (sum of heptachlor and heptachlor epoxide expressed as heptachlor),RF-0236-001-PPP,0.004,True
121474,22D8241787AF950907D80A69CB3BF55A,FR,XX,P1020010A,-1,T999A,K018A,RF-0236-005-PPP,0.0005,4.0,VAL,2013,Heptachlor (sum),Heptachlor epoxide,Heptachlor epoxide,RF-0236-005-PPP,0.004,True
121502,756F1B16C73A544627A38720C1EB86E0,FR,XX,P1020010A,-1,T999A,K018A,RF-0236-005-PPP,0.00034,4.0,VAL,2013,Heptachlor (sum),Heptachlor epoxide,Heptachlor epoxide,RF-0236-005-PPP,0.004,True
157067,42F751C6F24897950783A9B24F5BBA5D,RO,RO,P1020000A,-1,T999A,K018A,RF-0119-001-PPP,0.0006,-1.0,VAL,2013,DDT (sum),DDT (sum),"DDT (sum of p,p'-DDT, o,p'-DDT, p-p'-DDE and p,p'-TDE (DDD) expressed as DDT)",RF-0119-001-PPP,0.04,True
157068,BDE52D6C5442AFA5847023F37A78CC09,RO,RO,P1020000A,-1,T999A,K018A,RF-0119-001-PPP,0.0008,-1.0,VAL,2013,DDT (sum),DDT (sum),"DDT (sum of p,p'-DDT, o,p'-DDT, p-p'-DDE and p,p'-TDE (DDD) expressed as DDT)",RF-0119-001-PPP,0.04,True
157069,75C5E01765E732A5066A4B1A58A9553A,RO,RO,P1020000A,-1,T999A,K018A,RF-0119-001-PPP,0.0009,-1.0,VAL,2013,DDT (sum),DDT (sum),"DDT (sum of p,p'-DDT, o,p'-DDT, p-p'-DDE and p,p'-TDE (DDD) expressed as DDT)",RF-0119-001-PPP,0.04,True
157070,4DE9E5CD6FFF16016949AA0C5074FED7,RO,RO,P1020000A,-1,T999A,K018A,RF-0119-001-PPP,0.0011,-1.0,VAL,2013,DDT (sum),DDT (sum),"DDT (sum of p,p'-DDT, o,p'-DDT, p-p'-DDE and p,p'-TDE (DDD) expressed as DDT)",RF-0119-001-PPP,0.04,True
157071,664DFB7825CE80B1461FBFBCD76B2194,RO,RO,P1020000A,-1,T999A,K018A,RF-0119-001-PPP,0.0009,-1.0,VAL,2013,DDT (sum),DDT (sum),"DDT (sum of p,p'-DDT, o,p'-DDT, p-p'-DDE and p,p'-TDE (DDD) expressed as DDT)",RF-0119-001-PPP,0.04,True
157486,42F751C6F24897950783A9B24F5BBA5D,RO,RO,P1020000A,-1,T999A,K018A,RF-0239-002-PPP,0.0005,-1.0,VAL,2013,HCH-beta,HCH-beta,"Hexachlorocyclohexane (HCH), beta-isomer",RF-0239-002-PPP,0.01,True
158327,4A33A2FA8407B525B7E10673B50127B1,SK,SK,P1020010A,-1,T150A,K005A,RF-1078-002-PPP,0.15,-1.0,VAL,2013,DDAC (mix),DDAC (mix),"Didecyldimethylammonium chloride (mixture of alkyl-quaternary ammonium salts with alkyl chain lengths of C8, C10 and C12)",RF-1078-002-PPP,0.1,True
158328,43D691746C83F8733A6502C6A923D979,SK,PL,P1020010A,-1,T150A,K005A,RF-1078-002-PPP,0.036,-1.0,VAL,2013,DDAC (mix),DDAC (mix),"Didecyldimethylammonium chloride (mixture of alkyl-quaternary ammonium salts with alkyl chain lengths of C8, C10 and C12)",RF-1078-002-PPP,0.1,True
158329,9D91EC9798B7F9B41FECA888995F225A,SK,SK,P1020010A,-1,T150A,K005A,RF-1078-002-PPP,0.039,-1.0,VAL,2013,DDAC (mix),DDAC (mix),"Didecyldimethylammonium chloride (mixture of alkyl-quaternary ammonium salts with alkyl chain lengths of C8, C10 and C12)",RF-1078-002-PPP,0.1,True
172062,5DE86ABE33FDEB125FA4F1F8C044A6EA,BE,BE,P1020010A,-1,T999A,K005A,RF-0155-001-PPP,0.01603,4.0,VAL,2013,Endosulfan (sum),Endosulfan (sum),Endosulfan (sum of alpha- and beta-isomers and endosulfan-sulphate expresses as endosulfan),RF-0155-001-PPP,0.05,True
172063,D1D5E2B76018F7B0FA3239401BD7BD70,BE,BE,P1020010A,-1,T999A,K005A,RF-0155-001-PPP,0.02299,4.0,VAL,2013,Endosulfan (sum),Endosulfan (sum),Endosulfan (sum of alpha- and beta-isomers and endosulfan-sulphate expresses as endosulfan),RF-0155-001-PPP,0.05,True
172082,EFD07CB3E4C0CEA99F0824E0C22AA593,BE,BE,P1020010A,-1,T999A,K005A,RF-0155-001-PPP,0.02035,4.0,VAL,2013,Endosulfan (sum),Endosulfan (sum),Endosulfan (sum of alpha- and beta-isomers and endosulfan-sulphate expresses as endosulfan),RF-0155-001-PPP,0.05,True
172150,EFD07CB3E4C0CEA99F0824E0C22AA593,BE,BE,P1020010A,-1,T999A,K005A,RF-0155-004-PPP,0.02035,4.0,VAL,2013,Endosulfan (sum),"Endosulfan, alpha-","Endosulfan, alpha-",RF-0155-004-PPP,0.05,True
172154,5DE86ABE33FDEB125FA4F1F8C044A6EA,BE,BE,P1020010A,-1,T999A,K005A,RF-0155-004-PPP,0.01603,4.0,VAL,2013,Endosulfan (sum),"Endosulfan, alpha-","Endosulfan, alpha-",RF-0155-004-PPP,0.05,True
172155,D1D5E2B76018F7B0FA3239401BD7BD70,BE,BE,P1020010A,-1,T999A,K005A,RF-0155-004-PPP,0.02299,4.0,VAL,2013,Endosulfan (sum),"Endosulfan, alpha-","Endosulfan, alpha-",RF-0155-004-PPP,0.05,True
172238,06B88D7856317A72DE69947148CF230F,BE,BE,P1020010A,-1,T999A,K005A,RF-0236-001-PPP,0.02189,4.0,VAL,2013,Heptachlor (sum),Heptachlor (sum),Heptachlor (sum of heptachlor and heptachlor epoxide expressed as heptachlor),RF-0236-001-PPP,0.004,True
172248,62B2299B53C60D633514E14F794EBD1F,BE,BE,P1020010A,-1,T999A,K005A,RF-0236-001-PPP,0.03549,4.0,VAL,2013,Heptachlor (sum),Heptachlor (sum),Heptachlor (sum of heptachlor and heptachlor epoxide expressed as heptachlor),RF-0236-001-PPP,0.004,True
172250,D4AFDCE1B3996C294B8963461C27C29C,BE,BE,P1020010A,-1,T999A,K005A,RF-0236-001-PPP,0.01016,4.0,VAL,2013,Heptachlor (sum),Heptachlor (sum),Heptachlor (sum of heptachlor and heptachlor epoxide expressed as heptachlor),RF-0236-001-PPP,0.004,True
172264,FF5D385209A39ED697D86C2D7A34F638,BE,BE,P1020010A,-1,T999A,K005A,RF-0236-001-PPP,0.01097,4.0,VAL,2013,Heptachlor (sum),Heptachlor (sum),Heptachlor (sum of heptachlor and heptachlor epoxide expressed as heptachlor),RF-0236-001-PPP,0.004,True
172268,06B88D7856317A72DE69947148CF230F,BE,BE,P1020010A,-1,T999A,K005A,RF-0236-002-PPP,0.02189,4.0,VAL,2013,Heptachlor (sum),"Heptachlorepoxide, cis-","Heptachlorepoxide, cis-",RF-0236-002-PPP,0.004,True
172278,62B2299B53C60D633514E14F794EBD1F,BE,BE,P1020010A,-1,T999A,K005A,RF-0236-002-PPP,0.02086,4.0,VAL,2013,Heptachlor (sum),"Heptachlorepoxide, cis-","Heptachlorepoxide, cis-",RF-0236-002-PPP,0.004,True
172280,D4AFDCE1B3996C294B8963461C27C29C,BE,BE,P1020010A,-1,T999A,K005A,RF-0236-002-PPP,0.01016,4.0,VAL,2013,Heptachlor (sum),"Heptachlorepoxide, cis-","Heptachlorepoxide, cis-",RF-0236-002-PPP,0.004,True
172294,FF5D385209A39ED697D86C2D7A34F638,BE,BE,P1020010A,-1,T999A,K005A,RF-0236-002-PPP,0.01097,4.0,VAL,2013,Heptachlor (sum),"Heptachlorepoxide, cis-","Heptachlorepoxide, cis-",RF-0236-002-PPP,0.004,True
172364,D1D5E2B76018F7B0FA3239401BD7BD70,BE,BE,P1020010A,-1,T999A,K005A,RF-0237-001-PPP,0.02611,4.0,VAL,2013,Hexachlorobenzene,Hexachlorobenzene,Hexachlorobenzene,RF-0237-001-PPP,0.005,True
172367,62B2299B53C60D633514E14F794EBD1F,BE,BE,P1020010A,-1,T999A,K005A,RF-0237-001-PPP,0.01025,4.0,VAL,2013,Hexachlorobenzene,Hexachlorobenzene,Hexachlorobenzene,RF-0237-001-PPP,0.005,True
172428,BF1F03AEA8576B33DD4759A649A44BCA,BE,BE,P1020010A,-1,T999A,K005A,RF-0239-002-PPP,0.02383,4.0,VAL,2013,HCH-beta,HCH-beta,"Hexachlorocyclohexane (HCH), beta-isomer",RF-0239-002-PPP,0.01,True
172444,BC8DBCBD92BEA465F25F23483DF64D52,BE,BE,P1020010A,-1,T999A,K005A,RF-0239-002-PPP,0.01635,4.0,VAL,2013,HCH-beta,HCH-beta,"Hexachlorocyclohexane (HCH), beta-isomer",RF-0239-002-PPP,0.01,True
172496,27B7E901DF99AA332A75EF4FD5D7530B,BE,BE,P1020010A,-1,T999A,K005A,RF-0295-001-PPP,0.03476,4.0,VAL,2013,Methoxychlor,Methoxychlor,Methoxychlor,RF-0295-001-PPP,0.01,True
193181,8921213DEE320DA6FAB3EF4DC4799DD3,CY,CY,P1020010A,A.01.000950,T999A,K005A,RF-0119-001-PPP,0.00334,7.5,VAL,2014,DDT (sum),DDT (sum),"DDT (sum of p,p'-DDT, o,p'-DDT, p-p'-DDE and p,p'-TDE (DDD) expressed as DDT)",RF-0119-001-PPP,0.04,True
193182,D5DE310159DEBB43CB3C28D0D425F233,CY,CY,P1020010A,A.01.000950,T999A,K005A,RF-0119-001-PPP,0.00422,4.03,VAL,2014,DDT (sum),DDT (sum),"DDT (sum of p,p'-DDT, o,p'-DDT, p-p'-DDE and p,p'-TDE (DDD) expressed as DDT)",RF-0119-001-PPP,0.04,True
193183,BE190458C65E84EAD4F5B8BA3532D8B5,CY,CY,P1020010A,A.01.000950,T999A,K005A,RF-0119-001-PPP,0.00524,3.77,VAL,2014,DDT (sum),DDT (sum),"DDT (sum of p,p'-DDT, o,p'-DDT, p-p'-DDE and p,p'-TDE (DDD) expressed as DDT)",RF-0119-001-PPP,0.04,True
193201,8921213DEE320DA6FAB3EF4DC4799DD3,CY,CY,P1020010A,A.01.000950,T999A,K005A,RF-0119-002-PPP,0.003,7.5,VAL,2014,DDT (sum),"DDE, p,p-","DDE, p,p-",RF-0119-002-PPP,0.04,True
193202,D5DE310159DEBB43CB3C28D0D425F233,CY,CY,P1020010A,A.01.000950,T999A,K005A,RF-0119-002-PPP,0.00379,4.03,VAL,2014,DDT (sum),"DDE, p,p-","DDE, p,p-",RF-0119-002-PPP,0.04,True
193203,BE190458C65E84EAD4F5B8BA3532D8B5,CY,CY,P1020010A,A.01.000950,T999A,K005A,RF-0119-002-PPP,0.0047,3.77,VAL,2014,DDT (sum),"DDE, p,p-","DDE, p,p-",RF-0119-002-PPP,0.04,True
194634,C9D161747AB63D7F9CB6BDBA46F85F18,DE,DE,P1020010A,-1,T999A,K005A,RF-00002582-PAR,0.05,-1.0,VAL,2014,Benzalkonium chloride,Benzalkonium chloride,Benzalkonium chloride (BAC),RF-00002582-PAR,0.1,True
194635,0DE13F5F94565620A06EC701E974400E,DE,DE,P1020010A,-1,T999A,K005A,RF-00002582-PAR,0.04,-1.0,VAL,2014,Benzalkonium chloride,Benzalkonium chloride,Benzalkonium chloride (BAC),RF-00002582-PAR,0.1,True
194640,0ADA2CE05BD33EB3271748FF8CDE2887,DE,DE,P1020010A,-1,T999A,K005A,RF-00002582-PAR,1.32,-1.0,VAL,2014,Benzalkonium chloride,Benzalkonium chloride,Benzalkonium chloride (BAC),RF-00002582-PAR,0.1,True
194647,8936FA13383D867EBAD0C6DF4BC0E72A,DE,DE,P1020010A,-1,T999A,K005A,RF-00002582-PAR,0.26,-1.0,VAL,2014,Benzalkonium chloride,Benzalkonium chloride,Benzalkonium chloride (BAC),RF-00002582-PAR,0.1,True
194648,2EEBA1D8335C9EC7F520977FB5D0B2BF,DE,DE,P1020010A,-1,T999A,K005A,RF-00002582-PAR,0.13,-1.0,VAL,2014,Benzalkonium chloride,Benzalkonium chloride,Benzalkonium chloride (BAC),RF-00002582-PAR,0.1,True
194649,7AF8BFDA0933FC9D751FCB4443BF7A15,DE,DE,P1020010A,-1,T999A,K005A,RF-00002582-PAR,3.01,-1.0,VAL,2014,Benzalkonium chloride,Benzalkonium chloride,Benzalkonium chloride (BAC),RF-00002582-PAR,0.1,True
194652,DAD17D5E1E2AB0B0050C3C3196E5C51F,DE,DE,P1020010A,-1,T999A,K005A,RF-00002582-PAR,7.03,-1.0,VAL,2014,Benzalkonium chloride,Benzalkonium chloride,Benzalkonium chloride (BAC),RF-00002582-PAR,0.1,True
194668,47D34CDCA0C71D17593C86189DC8051E,DE,DE,P1020010A,-1,T999A,K005A,RF-00002582-PAR,0.061,4.0,VAL,2014,Benzalkonium chloride,Benzalkonium chloride,Benzalkonium chloride (BAC),RF-00002582-PAR,0.1,True
194669,4909AFFAACFACACEE1272F84F76D03EC,DE,DE,P1020010A,-1,T999A,K005A,RF-00002582-PAR,1.32,4.0,VAL,2014,Benzalkonium chloride,Benzalkonium chloride,Benzalkonium chloride (BAC),RF-00002582-PAR,0.1,True
194670,1B32B159086ABD0E6C31BE01345FCCAE,DE,DE,P1020010A,-1,T999A,K005A,RF-00002582-PAR,0.012,4.0,VAL,2014,Benzalkonium chloride,Benzalkonium chloride,Benzalkonium chloride (BAC),RF-00002582-PAR,0.1,True
194672,2EAABD6B8008227F6768D620A440C980,DE,DE,P1020010A,-1,T999A,K005A,RF-00002582-PAR,1.6,-1.0,VAL,2014,Benzalkonium chloride,Benzalkonium chloride,Benzalkonium chloride (BAC),RF-00002582-PAR,0.1,True
194673,5CD6188742FA64554A52BC8520F3F697,DE,DE,P1020010A,-1,T999A,K005A,RF-00002582-PAR,13.98,-1.0,VAL,2014,Benzalkonium chloride,Benzalkonium chloride,Benzalkonium chloride (BAC),RF-00002582-PAR,0.1,True
194676,63A747560BDA65DBED21B5764E9BF757,DE,DE,P1020010A,-1,T999A,K005A,RF-00002582-PAR,0.281,-1.0,VAL,2014,Benzalkonium chloride,Benzalkonium chloride,Benzalkonium chloride (BAC),RF-00002582-PAR,0.1,True
194680,53AD9FF543175A32CD76BAB36F15D2C0,DE,DE,P1020010A,-1,T999A,K005A,RF-00002582-PAR,1.155,-1.0,VAL,2014,Benzalkonium chloride,Benzalkonium chloride,Benzalkonium chloride (BAC),RF-00002582-PAR,0.1,True
194685,ED3D98116BE2DB614496C18A49B04ECD,DE,DE,P1020010A,-1,T999A,K005A,RF-00002582-PAR,0.05,-1.0,VAL,2014,Benzalkonium chloride,Benzalkonium chloride,Benzalkonium chloride (BAC),RF-00002582-PAR,0.1,True
194686,0252EA9FB8E5E9BFA57C820CA930CDF3,DE,DE,P1020010A,-1,T999A,K005A,RF-00002582-PAR,0.28,-1.0,VAL,2014,Benzalkonium chloride,Benzalkonium chloride,Benzalkonium chloride (BAC),RF-00002582-PAR,0.1,True
194687,D807906BCC335265869DC29E1A7A1922,DE,DE,P1020010A,-1,T999A,K005A,RF-00002582-PAR,0.49,-1.0,VAL,2014,Benzalkonium chloride,Benzalkonium chloride,Benzalkonium chloride (BAC),RF-00002582-PAR,0.1,True
194688,B6A7636A165C810D4EDC7F7365D560C0,DE,DE,P1020010A,-1,T999A,K005A,RF-00002582-PAR,0.63,-1.0,VAL,2014,Benzalkonium chloride,Benzalkonium chloride,Benzalkonium chloride (BAC),RF-00002582-PAR,0.1,True
194692,3B4F72010D93DBFAEC9B00AC85C76848,DE,DE,P1020010A,-1,T999A,K005A,RF-00002582-PAR,0.11,-1.0,VAL,2014,Benzalkonium chloride,Benzalkonium chloride,Benzalkonium chloride (BAC),RF-00002582-PAR,0.1,True
194693,9C2F135229B610559CC137A4DCF05532,DE,DE,P1020010A,-1,T999A,K005A,RF-00002582-PAR,0.08,-1.0,VAL,2014,Benzalkonium chloride,Benzalkonium chloride,Benzalkonium chloride (BAC),RF-00002582-PAR,0.1,True
194694,7A7CB68AB33580E94D3E6013EDF4638D,DE,DE,P1020010A,-1,T999A,K005A,RF-00002582-PAR,0.589,-1.0,VAL,2014,Benzalkonium chloride,Benzalkonium chloride,Benzalkonium chloride (BAC),RF-00002582-PAR,0.1,True
194696,18AD037EF8600A8E5466FCD4CE5F827D,DE,DE,P1020010A,-1,T999A,K005A,RF-00002582-PAR,0.04,-1.0,VAL,2014,Benzalkonium chloride,Benzalkonium chloride,Benzalkonium chloride (BAC),RF-00002582-PAR,0.1,True
194697,CF2FDA0587344BE44372887F0A9637DC,DE,DE,P1020010A,-1,T999A,K005A,RF-00002582-PAR,0.23,-1.0,VAL,2014,Benzalkonium chloride,Benzalkonium chloride,Benzalkonium chloride (BAC),RF-00002582-PAR,0.1,True
194699,8329B0158FB9A9E7F9E936B120409EAF,DE,DE,P1020010A,-1,T999A,K005A,RF-00002582-PAR,0.88,-1.0,VAL,2014,Benzalkonium chloride,Benzalkonium chloride,Benzalkonium chloride (BAC),RF-00002582-PAR,0.1,True
195625,1C960F75382D1527784A0D1D3571C4DB,DE,DE,P1020010A,-1,T999A,K005A,RF-0102-001-PPP,0.074,25.0,VAL,2014,Copper compounds,Copper compounds,Copper compounds (copper),RF-0102-001-PPP,2.0,True
195630,82EE18896EACDF2F4C765F054D427FAF,DE,DE,P1020010A,-1,T999A,K005A,RF-0102-001-PPP,0.179,56.0,VAL,2014,Copper compounds,Copper compounds,Copper compounds (copper),RF-0102-001-PPP,2.0,True
195631,B3CE6EEFAB2510CCC4E64C2279F1512B,DE,DE,P1020010A,-1,T999A,K005A,RF-0102-001-PPP,0.194,-1.0,VAL,2014,Copper compounds,Copper compounds,Copper compounds (copper),RF-0102-001-PPP,2.0,True
195632,A4E2EC58D51BD09D8F28B940BBB64765,DE,DE,P1020010A,-1,T999A,K005A,RF-0102-001-PPP,0.155,-1.0,VAL,2014,Copper compounds,Copper compounds,Copper compounds (copper),RF-0102-001-PPP,2.0,True
195633,360AD7C43FE0EF2E198ECB31DA206758,DE,DE,P1020010A,-1,T999A,K005A,RF-0102-001-PPP,0.295,-1.0,VAL,2014,Copper compounds,Copper compounds,Copper compounds (copper),RF-0102-001-PPP,2.0,True
196058,D6B53B5895B0557F58DA2EBD3F97FAF2,DE,DE,P1020010A,-1,T999A,K005A,RF-0119-001-PPP,0.0016,25.8,VAL,2014,DDT (sum),DDT (sum),"DDT (sum of p,p'-DDT, o,p'-DDT, p-p'-DDE and p,p'-TDE (DDD) expressed as DDT)",RF-0119-001-PPP,0.04,True
196059,A9D5C4A76A88E979818AC87DAA9E68E8,DE,DE,P1020010A,-1,T999A,K005A,RF-0119-001-PPP,0.0001,3.9,VAL,2014,DDT (sum),DDT (sum),"DDT (sum of p,p'-DDT, o,p'-DDT, p-p'-DDE and p,p'-TDE (DDD) expressed as DDT)",RF-0119-001-PPP,0.04,True
196060,AA72C5FF9332DAA09B955FA8824EFAD2,DE,DE,P1020010A,-1,T999A,K005A,RF-0119-001-PPP,0.0003,3.4,VAL,2014,DDT (sum),DDT (sum),"DDT (sum of p,p'-DDT, o,p'-DDT, p-p'-DDE and p,p'-TDE (DDD) expressed as DDT)",RF-0119-001-PPP,0.04,True
196065,DCA8818AEABC26AF185D1CD8350E6BDD,DE,DE,P1020010A,-1,T999A,K005A,RF-0119-001-PPP,4.4e-05,4.0,VAL,2014,DDT (sum),DDT (sum),"DDT (sum of p,p'-DDT, o,p'-DDT, p-p'-DDE and p,p'-TDE (DDD) expressed as DDT)",RF-0119-001-PPP,0.04,True
196066,75E49B23232671660CE76835D9B48885,DE,DE,P1020010A,-1,T999A,K005A,RF-0119-001-PPP,0.0018,20.3,VAL,2014,DDT (sum),DDT (sum),"DDT (sum of p,p'-DDT, o,p'-DDT, p-p'-DDE and p,p'-TDE (DDD) expressed as DDT)",RF-0119-001-PPP,0.04,True
196068,0209224D9CCDEB61F212C29E234B4D23,DE,DE,P1020010A,-1,T999A,K005A,RF-0119-001-PPP,0.0001,3.4,VAL,2014,DDT (sum),DDT (sum),"DDT (sum of p,p'-DDT, o,p'-DDT, p-p'-DDE and p,p'-TDE (DDD) expressed as DDT)",RF-0119-001-PPP,0.04,True
196069,04322269E2C2B56B505D2429CA79EB53,DE,DE,P1020010A,-1,T999A,K005A,RF-0119-001-PPP,0.00012,4.0,VAL,2014,DDT (sum),DDT (sum),"DDT (sum of p,p'-DDT, o,p'-DDT, p-p'-DDE and p,p'-TDE (DDD) expressed as DDT)",RF-0119-001-PPP,0.04,True
196070,EFD810FAA30699500BA8BF300BC93DE4,DE,DE,P1020010A,-1,T999A,K005A,RF-0119-001-PPP,0.0002,3.6,VAL,2014,DDT (sum),DDT (sum),"DDT (sum of p,p'-DDT, o,p'-DDT, p-p'-DDE and p,p'-TDE (DDD) expressed as DDT)",RF-0119-001-PPP,0.04,True
196071,FA28D8B5A8DA4E5896C783943CF921FB,DE,DE,P1020010A,-1,T999A,K005A,RF-0119-001-PPP,0.0003,3.6,VAL,2014,DDT (sum),DDT (sum),"DDT (sum of p,p'-DDT, o,p'-DDT, p-p'-DDE and p,p'-TDE (DDD) expressed as DDT)",RF-0119-001-PPP,0.04,True
196073,485326FBE87316F19F52D317E29880DE,DE,DE,P1020010A,-1,T999A,K005A,RF-0119-001-PPP,0.0001,5.1,VAL,2014,DDT (sum),DDT (sum),"DDT (sum of p,p'-DDT, o,p'-DDT, p-p'-DDE and p,p'-TDE (DDD) expressed as DDT)",RF-0119-001-PPP,0.04,True
196074,F8BEC4EB3B68D628774FC33C29DBAF79,DE,DE,P1020010A,-1,T999A,K005A,RF-0119-001-PPP,0.0003,3.3,VAL,2014,DDT (sum),DDT (sum),"DDT (sum of p,p'-DDT, o,p'-DDT, p-p'-DDE and p,p'-TDE (DDD) expressed as DDT)",RF-0119-001-PPP,0.04,True
196075,7E1B4259C47C23B3B6A7B9C2FABD7AAC,DE,DE,P1020010A,-1,T999A,K005A,RF-0119-001-PPP,0.0001,9.5,VAL,2014,DDT (sum),DDT (sum),"DDT (sum of p,p'-DDT, o,p'-DDT, p-p'-DDE and p,p'-TDE (DDD) expressed as DDT)",RF-0119-001-PPP,0.04,True
196076,9A3916DA8315B0CB78653E18FEB5754A,DE,DE,P1020010A,-1,T999A,K005A,RF-0119-001-PPP,0.0001,9.8,VAL,2014,DDT (sum),DDT (sum),"DDT (sum of p,p'-DDT, o,p'-DDT, p-p'-DDE and p,p'-TDE (DDD) expressed as DDT)",RF-0119-001-PPP,0.04,True
196079,5E12ABAF34C341F88230F7E0A0D8022E,DE,DE,P1020010A,-1,T999A,K005A,RF-0119-001-PPP,0.00012,4.0,VAL,2014,DDT (sum),DDT (sum),"DDT (sum of p,p'-DDT, o,p'-DDT, p-p'-DDE and p,p'-TDE (DDD) expressed as DDT)",RF-0119-001-PPP,0.04,True
196083,394900371AC9D3757B356364F4D626C4,DE,DE,P1020010A,-1,T999A,K005A,RF-0119-001-PPP,0.0004,4.0,VAL,2014,DDT (sum),DDT (sum),"DDT (sum of p,p'-DDT, o,p'-DDT, p-p'-DDE and p,p'-TDE (DDD) expressed as DDT)",RF-0119-001-PPP,0.04,True
196084,1FBE4EF300D9D01D84028643B3C3DC2D,DE,DE,P1020010A,-1,T999A,K005A,RF-0119-001-PPP,0.00012,4.0,VAL,2014,DDT (sum),DDT (sum),"DDT (sum of p,p'-DDT, o,p'-DDT, p-p'-DDE and p,p'-TDE (DDD) expressed as DDT)",RF-0119-001-PPP,0.04,True
196085,12E7BAF6F567333248A59FEABED40985,DE,DE,P1020010A,-1,T999A,K005A,RF-0119-001-PPP,8e-05,4.0,VAL,2014,DDT (sum),DDT (sum),"DDT (sum of p,p'-DDT, o,p'-DDT, p-p'-DDE and p,p'-TDE (DDD) expressed as DDT)",RF-0119-001-PPP,0.04,True
196093,5B11F6B6E4C916CE62D0107F5D1D9DD4,DE,DE,P1020010A,-1,T999A,K005A,RF-0119-001-PPP,8e-05,4.0,VAL,2014,DDT (sum),DDT (sum),"DDT (sum of p,p'-DDT, o,p'-DDT, p-p'-DDE and p,p'-TDE (DDD) expressed as DDT)",RF-0119-001-PPP,0.04,True
196096,1A39F4B392BF61797CBF3F622B336F28,DE,DE,P1020010A,-1,T999A,K005A,RF-0119-001-PPP,8e-05,4.0,VAL,2014,DDT (sum),DDT (sum),"DDT (sum of p,p'-DDT, o,p'-DDT, p-p'-DDE and p,p'-TDE (DDD) expressed as DDT)",RF-0119-001-PPP,0.04,True
196104,03A03CAD8E11F5D83331A341476D0B02,DE,DE,P1020010A,-1,T999A,K005A,RF-0119-001-PPP,8e-05,4.0,VAL,2014,DDT (sum),DDT (sum),"DDT (sum of p,p'-DDT, o,p'-DDT, p-p'-DDE and p,p'-TDE (DDD) expressed as DDT)",RF-0119-001-PPP,0.04,True
196106,9E35B4314A71253327C697632D2F2835,DE,DE,P1020010A,-1,T999A,K005A,RF-0119-001-PPP,8e-05,4.0,VAL,2014,DDT (sum),DDT (sum),"DDT (sum of p,p'-DDT, o,p'-DDT, p-p'-DDE and p,p'-TDE (DDD) expressed as DDT)",RF-0119-001-PPP,0.04,True
196108,57C6B501A458FD6AA1ED84B14601AE17,DE,DE,P1020010A,-1,T999A,K005A,RF-0119-001-PPP,0.00012,4.0,VAL,2014,DDT (sum),DDT (sum),"DDT (sum of p,p'-DDT, o,p'-DDT, p-p'-DDE and p,p'-TDE (DDD) expressed as DDT)",RF-0119-001-PPP,0.04,True
196111,6FCA6CEAF03DB0941C2D871A12734358,DE,DE,P1020010A,-1,T999A,K005A,RF-0119-001-PPP,0.00016,4.0,VAL,2014,DDT (sum),DDT (sum),"DDT (sum of p,p'-DDT, o,p'-DDT, p-p'-DDE and p,p'-TDE (DDD) expressed as DDT)",RF-0119-001-PPP,0.04,True
196113,771256314DAB937C7F4241FDF1501CE7,DE,DE,P1020010A,-1,T999A,K005A,RF-0119-001-PPP,8e-05,4.0,VAL,2014,DDT (sum),DDT (sum),"DDT (sum of p,p'-DDT, o,p'-DDT, p-p'-DDE and p,p'-TDE (DDD) expressed as DDT)",RF-0119-001-PPP,0.04,True
196115,E7B113736570D39005426C7FF04B66D0,DE,DE,P1020010A,-1,T999A,K005A,RF-0119-001-PPP,8e-05,4.0,VAL,2014,DDT (sum),DDT (sum),"DDT (sum of p,p'-DDT, o,p'-DDT, p-p'-DDE and p,p'-TDE (DDD) expressed as DDT)",RF-0119-001-PPP,0.04,True
196120,7C7575E9EF83B2F6383D96E35CF3AF34,DE,DE,P1020010A,-1,T999A,K005A,RF-0119-001-PPP,0.00012,4.0,VAL,2014,DDT (sum),DDT (sum),"DDT (sum of p,p'-DDT, o,p'-DDT, p-p'-DDE and p,p'-TDE (DDD) expressed as DDT)",RF-0119-001-PPP,0.04,True
196123,A80E1B442F5B82E3C47FB48423960317,DE,DE,P1020010A,-1,T999A,K005A,RF-0119-001-PPP,8e-05,4.0,VAL,2014,DDT (sum),DDT (sum),"DDT (sum of p,p'-DDT, o,p'-DDT, p-p'-DDE and p,p'-TDE (DDD) expressed as DDT)",RF-0119-001-PPP,0.04,True
196125,09B98D597DA890AEC1CBBEAAD726DD0F,DE,DE,P1020010A,-1,T999A,K005A,RF-0119-001-PPP,0.00012,4.0,VAL,2014,DDT (sum),DDT (sum),"DDT (sum of p,p'-DDT, o,p'-DDT, p-p'-DDE and p,p'-TDE (DDD) expressed as DDT)",RF-0119-001-PPP,0.04,True
196129,8A978CD00106B385FB73D14EBC690013,DE,DE,P1020010A,-1,T999A,K005A,RF-0119-001-PPP,8e-05,4.0,VAL,2014,DDT (sum),DDT (sum),"DDT (sum of p,p'-DDT, o,p'-DDT, p-p'-DDE and p,p'-TDE (DDD) expressed as DDT)",RF-0119-001-PPP,0.04,True
196130,F9DC5819874C0FE2426E1006F51B5667,DE,DE,P1020010A,-1,T999A,K005A,RF-0119-001-PPP,0.00036,4.0,VAL,2014,DDT (sum),DDT (sum),"DDT (sum of p,p'-DDT, o,p'-DDT, p-p'-DDE and p,p'-TDE (DDD) expressed as DDT)",RF-0119-001-PPP,0.04,True
196137,71DA2A57B4E2F9C686A7248002250280,DE,DE,P1020010A,-1,T999A,K005A,RF-0119-001-PPP,0.0001,3.8,VAL,2014,DDT (sum),DDT (sum),"DDT (sum of p,p'-DDT, o,p'-DDT, p-p'-DDE and p,p'-TDE (DDD) expressed as DDT)",RF-0119-001-PPP,0.04,True
196141,AEE2E912250D35375D597607EE4C201B,DE,AT,P1020010A,-1,T999A,K005A,RF-0119-001-PPP,0.0001,3.9,VAL,2014,DDT (sum),DDT (sum),"DDT (sum of p,p'-DDT, o,p'-DDT, p-p'-DDE and p,p'-TDE (DDD) expressed as DDT)",RF-0119-001-PPP,0.04,True
196147,9726A1B2889FF5218726B2CFEF12162C,DE,DE,P1020010A,-1,T999A,K005A,RF-0119-001-PPP,0.0001,3.8,VAL,2014,DDT (sum),DDT (sum),"DDT (sum of p,p'-DDT, o,p'-DDT, p-p'-DDE and p,p'-TDE (DDD) expressed as DDT)",RF-0119-001-PPP,0.04,True
196151,72498912A8B442D11983C5EB87C046B3,DE,AT,P1020010A,-1,T999A,K005A,RF-0119-001-PPP,0.0001,3.9,VAL,2014,DDT (sum),DDT (sum),"DDT (sum of p,p'-DDT, o,p'-DDT, p-p'-DDE and p,p'-TDE (DDD) expressed as DDT)",RF-0119-001-PPP,0.04,True
196153,08FD4BFA5BC61920D16A41798A1298A5,DE,DE,P1020010A,-1,T999A,K005A,RF-0119-001-PPP,0.00012,4.0,VAL,2014,DDT (sum),DDT (sum),"DDT (sum of p,p'-DDT, o,p'-DDT, p-p'-DDE and p,p'-TDE (DDD) expressed as DDT)",RF-0119-001-PPP,0.04,True
196155,B41F384C54449FA2EDDB3070C36B15D8,DE,DE,P1020010A,-1,T999A,K005A,RF-0119-001-PPP,0.00012,4.0,VAL,2014,DDT (sum),DDT (sum),"DDT (sum of p,p'-DDT, o,p'-DDT, p-p'-DDE and p,p'-TDE (DDD) expressed as DDT)",RF-0119-001-PPP,0.04,True
196157,5BA45970974EE5E59F0B6DB1F23D3885,DE,DE,P1020010A,-1,T999A,K005A,RF-0119-001-PPP,0.00016,4.0,VAL,2014,DDT (sum),DDT (sum),"DDT (sum of p,p'-DDT, o,p'-DDT, p-p'-DDE and p,p'-TDE (DDD) expressed as DDT)",RF-0119-001-PPP,0.04,True
196160,4909AFFAACFACACEE1272F84F76D03EC,DE,DE,P1020010A,-1,T999A,K005A,RF-0119-001-PPP,0.00028,4.0,VAL,2014,DDT (sum),DDT (sum),"DDT (sum of p,p'-DDT, o,p'-DDT, p-p'-DDE and p,p'-TDE (DDD) expressed as DDT)",RF-0119-001-PPP,0.04,True
196162,55A5FF4A34259F7F1639B4B2B6A6670D,DE,DE,P1020010A,-1,T999A,K005A,RF-0119-001-PPP,8e-05,4.0,VAL,2014,DDT (sum),DDT (sum),"DDT (sum of p,p'-DDT, o,p'-DDT, p-p'-DDE and p,p'-TDE (DDD) expressed as DDT)",RF-0119-001-PPP,0.04,True
196166,47D34CDCA0C71D17593C86189DC8051E,DE,DE,P1020010A,-1,T999A,K005A,RF-0119-001-PPP,0.00012,4.0,VAL,2014,DDT (sum),DDT (sum),"DDT (sum of p,p'-DDT, o,p'-DDT, p-p'-DDE and p,p'-TDE (DDD) expressed as DDT)",RF-0119-001-PPP,0.04,True
196170,BB2E197414BBA38D83C2094A6683EB93,DE,DE,P1020010A,-1,T999A,K005A,RF-0119-001-PPP,8e-05,4.0,VAL,2014,DDT (sum),DDT (sum),"DDT (sum of p,p'-DDT, o,p'-DDT, p-p'-DDE and p,p'-TDE (DDD) expressed as DDT)",RF-0119-001-PPP,0.04,True
196172,DEE18035FFD4FF041B20AC1FBD775C70,DE,DE,P1020010A,-1,T999A,K005A,RF-0119-001-PPP,8e-05,4.0,VAL,2014,DDT (sum),DDT (sum),"DDT (sum of p,p'-DDT, o,p'-DDT, p-p'-DDE and p,p'-TDE (DDD) expressed as DDT)",RF-0119-001-PPP,0.04,True
196176,1FE10284B3F6E516CE5573F908AA5863,DE,DE,P1020010A,-1,T999A,K005A,RF-0119-001-PPP,0.00056,4.0,VAL,2014,DDT (sum),DDT (sum),"DDT (sum of p,p'-DDT, o,p'-DDT, p-p'-DDE and p,p'-TDE (DDD) expressed as DDT)",RF-0119-001-PPP,0.04,True
196184,220B619ADBF8367CF97C96B538B62D78,DE,DE,P1020010A,-1,T999A,K005A,RF-0119-001-PPP,0.00016,4.0,VAL,2014,DDT (sum),DDT (sum),"DDT (sum of p,p'-DDT, o,p'-DDT, p-p'-DDE and p,p'-TDE (DDD) expressed as DDT)",RF-0119-001-PPP,0.04,True
196189,D9AEC970EADAAA261524FAAE86CB4576,DE,DE,P1020010A,-1,T999A,K005A,RF-0119-001-PPP,8e-05,4.0,VAL,2014,DDT (sum),DDT (sum),"DDT (sum of p,p'-DDT, o,p'-DDT, p-p'-DDE and p,p'-TDE (DDD) expressed as DDT)",RF-0119-001-PPP,0.04,True
196191,72C38110DC3DE023D4B52A566020ADEB,DE,DE,P1020010A,-1,T999A,K005A,RF-0119-001-PPP,0.00028,4.0,VAL,2014,DDT (sum),DDT (sum),"DDT (sum of p,p'-DDT, o,p'-DDT, p-p'-DDE and p,p'-TDE (DDD) expressed as DDT)",RF-0119-001-PPP,0.04,True
196192,E182DE5E79FC6BA947B967647F390643,DE,DE,P1020010A,-1,T999A,K005A,RF-0119-001-PPP,0.00024,4.0,VAL,2014,DDT (sum),DDT (sum),"DDT (sum of p,p'-DDT, o,p'-DDT, p-p'-DDE and p,p'-TDE (DDD) expressed as DDT)",RF-0119-001-PPP,0.04,True
196193,EC995CB3772AAA43BC94CC888E77A424,DE,DE,P1020010A,-1,T999A,K005A,RF-0119-001-PPP,8e-05,4.0,VAL,2014,DDT (sum),DDT (sum),"DDT (sum of p,p'-DDT, o,p'-DDT, p-p'-DDE and p,p'-TDE (DDD) expressed as DDT)",RF-0119-001-PPP,0.04,True
196195,682C9204D0E57447B338FA81061374D5,DE,DE,P1020010A,-1,T999A,K005A,RF-0119-001-PPP,8e-05,4.0,VAL,2014,DDT (sum),DDT (sum),"DDT (sum of p,p'-DDT, o,p'-DDT, p-p'-DDE and p,p'-TDE (DDD) expressed as DDT)",RF-0119-001-PPP,0.04,True
196203,1B32B159086ABD0E6C31BE01345FCCAE,DE,DE,P1020010A,-1,T999A,K005A,RF-0119-001-PPP,0.00012,4.0,VAL,2014,DDT (sum),DDT (sum),"DDT (sum of p,p'-DDT, o,p'-DDT, p-p'-DDE and p,p'-TDE (DDD) expressed as DDT)",RF-0119-001-PPP,0.04,True
196204,FBDC42679B4BEB5C44DCB7421D130308,DE,DE,P1020010A,-1,T999A,K005A,RF-0119-001-PPP,8e-05,4.0,VAL,2014,DDT (sum),DDT (sum),"DDT (sum of p,p'-DDT, o,p'-DDT, p-p'-DDE and p,p'-TDE (DDD) expressed as DDT)",RF-0119-001-PPP,0.04,True
196206,3677959FB703B6A36FDB7D23D9556A1A,DE,DE,P1020010A,-1,T999A,K005A,RF-0119-001-PPP,8e-05,4.0,VAL,2014,DDT (sum),DDT (sum),"DDT (sum of p,p'-DDT, o,p'-DDT, p-p'-DDE and p,p'-TDE (DDD) expressed as DDT)",RF-0119-001-PPP,0.04,True
196212,2AF6838B46B2AF5D8E55669CA052DCF5,DE,DE,P1020010A,-1,T999A,K005A,RF-0119-001-PPP,0.00012,4.0,VAL,2014,DDT (sum),DDT (sum),"DDT (sum of p,p'-DDT, o,p'-DDT, p-p'-DDE and p,p'-TDE (DDD) expressed as DDT)",RF-0119-001-PPP,0.04,True
196220,6A628D850C1F336452643EB694959F1E,DE,DE,P1020010A,-1,T999A,K005A,RF-0119-001-PPP,0.00012,4.0,VAL,2014,DDT (sum),DDT (sum),"DDT (sum of p,p'-DDT, o,p'-DDT, p-p'-DDE and p,p'-TDE (DDD) expressed as DDT)",RF-0119-001-PPP,0.04,True
196226,0AE80C7AE7B41408F713F33D1F3EE64B,DE,DE,P1020010A,-1,T999A,K005A,RF-0119-001-PPP,8e-05,4.0,VAL,2014,DDT (sum),DDT (sum),"DDT (sum of p,p'-DDT, o,p'-DDT, p-p'-DDE and p,p'-TDE (DDD) expressed as DDT)",RF-0119-001-PPP,0.04,True
196232,CC77DA4A47E2DF644179DD7F2A35FE8E,DE,DE,P1020010A,-1,T999A,K005A,RF-0119-001-PPP,8e-05,4.0,VAL,2014,DDT (sum),DDT (sum),"DDT (sum of p,p'-DDT, o,p'-DDT, p-p'-DDE and p,p'-TDE (DDD) expressed as DDT)",RF-0119-001-PPP,0.04,True
196234,551E25DF7AB21B2F607CAD4F2E9F72F5,DE,DE,P1020010A,-1,T999A,K005A,RF-0119-001-PPP,0.000504,25.2,VAL,2014,DDT (sum),DDT (sum),"DDT (sum of p,p'-DDT, o,p'-DDT, p-p'-DDE and p,p'-TDE (DDD) expressed as DDT)",RF-0119-001-PPP,0.04,True
196239,431FC23AF2ABE62C63E02461B055D5F3,DE,AT,P1020010A,-1,T999A,K005A,RF-0119-001-PPP,0.000912,22.8,VAL,2014,DDT (sum),DDT (sum),"DDT (sum of p,p'-DDT, o,p'-DDT, p-p'-DDE and p,p'-TDE (DDD) expressed as DDT)",RF-0119-001-PPP,0.04,True
196240,E7973CFCCD051801EFB6DC7095C97BE7,DE,DE,P1020010A,-1,T999A,K005A,RF-0119-001-PPP,0.001912,23.9,VAL,2014,DDT (sum),DDT (sum),"DDT (sum of p,p'-DDT, o,p'-DDT, p-p'-DDE and p,p'-TDE (DDD) expressed as DDT)",RF-0119-001-PPP,0.04,True
196243,C771CF075C0125AFAE4CDCF863C0A709,DE,DE,P1020010A,-1,T999A,K005A,RF-0119-001-PPP,0.001771,25.3,VAL,2014,DDT (sum),DDT (sum),"DDT (sum of p,p'-DDT, o,p'-DDT, p-p'-DDE and p,p'-TDE (DDD) expressed as DDT)",RF-0119-001-PPP,0.04,True
196246,0FCD4AA6073182A71CF705E4A26BBF56,DE,DE,P1020010A,-1,T999A,K005A,RF-0119-001-PPP,0.000482,24.1,VAL,2014,DDT (sum),DDT (sum),"DDT (sum of p,p'-DDT, o,p'-DDT, p-p'-DDE and p,p'-TDE (DDD) expressed as DDT)",RF-0119-001-PPP,0.04,True
196248,13A98294E24D52E74358018E10513AEA,DE,DE,P1020010A,-1,T999A,K005A,RF-0119-001-PPP,0.003556,25.4,VAL,2014,DDT (sum),DDT (sum),"DDT (sum of p,p'-DDT, o,p'-DDT, p-p'-DDE and p,p'-TDE (DDD) expressed as DDT)",RF-0119-001-PPP,0.04,True
196249,B220F4704A58182A96DB5C3A22814A26,DE,DE,P1020010A,-1,T999A,K005A,RF-0119-001-PPP,0.002587,19.9,VAL,2014,DDT (sum),DDT (sum),"DDT (sum of p,p'-DDT, o,p'-DDT, p-p'-DDE and p,p'-TDE (DDD) expressed as DDT)",RF-0119-001-PPP,0.04,True
196252,D159B07FE0DE82BEF7D22C6832CF42EA,DE,DE,P1020010A,-1,T999A,K005A,RF-0119-001-PPP,0.00223,22.3,VAL,2014,DDT (sum),DDT (sum),"DDT (sum of p,p'-DDT, o,p'-DDT, p-p'-DDE and p,p'-TDE (DDD) expressed as DDT)",RF-0119-001-PPP,0.04,True
196254,280980F0E15E4F169D625F1E689D05D5,DE,DE,P1020010A,-1,T999A,K005A,RF-0119-001-PPP,0.000502,25.1,VAL,2014,DDT (sum),DDT (sum),"DDT (sum of p,p'-DDT, o,p'-DDT, p-p'-DDE and p,p'-TDE (DDD) expressed as DDT)",RF-0119-001-PPP,0.04,True
196255,3A8C3653D6C7E1D91FEB55AE67DEB6CC,DE,DE,P1020010A,-1,T999A,K005A,RF-0119-001-PPP,0.001606,14.6,VAL,2014,DDT (sum),DDT (sum),"DDT (sum of p,p'-DDT, o,p'-DDT, p-p'-DDE and p,p'-TDE (DDD) expressed as DDT)",RF-0119-001-PPP,0.04,True
196256,241D5E9C6B8C3E609E5B13508210342F,DE,DE,P1020010A,-1,T999A,K005A,RF-0119-001-PPP,0.000506,25.3,VAL,2014,DDT (sum),DDT (sum),"DDT (sum of p,p'-DDT, o,p'-DDT, p-p'-DDE and p,p'-TDE (DDD) expressed as DDT)",RF-0119-001-PPP,0.04,True
196257,CBA6A2B65EDAFD048D0C7E2A9AF76A91,DE,DE,P1020010A,-1,T999A,K005A,RF-0119-001-PPP,0.0012,30.07,VAL,2014,DDT (sum),DDT (sum),"DDT (sum of p,p'-DDT, o,p'-DDT, p-p'-DDE and p,p'-TDE (DDD) expressed as DDT)",RF-0119-001-PPP,0.04,True
196258,C69726382C1F1160562BC08268533E1B,DE,DE,P1020010A,-1,T999A,K005A,RF-0119-001-PPP,0.002618,23.8,VAL,2014,DDT (sum),DDT (sum),"DDT (sum of p,p'-DDT, o,p'-DDT, p-p'-DDE and p,p'-TDE (DDD) expressed as DDT)",RF-0119-001-PPP,0.04,True
196260,8A4AF562912EC338009B14DA9BA966D2,DE,DE,P1020010A,-1,T999A,K005A,RF-0119-001-PPP,0.000528,8.8,VAL,2014,DDT (sum),DDT (sum),"DDT (sum of p,p'-DDT, o,p'-DDT, p-p'-DDE and p,p'-TDE (DDD) expressed as DDT)",RF-0119-001-PPP,0.04,True
196261,3BE3F5EBF3D99A86679E388C616E586C,DE,DE,P1020010A,-1,T999A,K005A,RF-0119-001-PPP,0.000544,27.2,VAL,2014,DDT (sum),DDT (sum),"DDT (sum of p,p'-DDT, o,p'-DDT, p-p'-DDE and p,p'-TDE (DDD) expressed as DDT)",RF-0119-001-PPP,0.04,True
196262,44E1EDB9B058F77C2E862A78CF7F20E8,DE,DE,P1020010A,-1,T999A,K005A,RF-0119-001-PPP,0.000506,25.3,VAL,2014,DDT (sum),DDT (sum),"DDT (sum of p,p'-DDT, o,p'-DDT, p-p'-DDE and p,p'-TDE (DDD) expressed as DDT)",RF-0119-001-PPP,0.04,True
196263,BE57617B1D0C7183029CBE6577A99B2D,DE,DE,P1020010A,-1,T999A,K005A,RF-0119-001-PPP,0.000518,25.9,VAL,2014,DDT (sum),DDT (sum),"DDT (sum of p,p'-DDT, o,p'-DDT, p-p'-DDE and p,p'-TDE (DDD) expressed as DDT)",RF-0119-001-PPP,0.04,True
196265,F7D6E46ADB34BF497B38350F8FE6C6B4,DE,DE,P1020010A,-1,T999A,K005A,RF-0119-001-PPP,0.000516,25.8,VAL,2014,DDT (sum),DDT (sum),"DDT (sum of p,p'-DDT, o,p'-DDT, p-p'-DDE and p,p'-TDE (DDD) expressed as DDT)",RF-0119-001-PPP,0.04,True
196267,501D81A11CC9C782D705AE0CF6B67E1D,DE,DE,P1020010A,-1,T999A,K005A,RF-0119-001-PPP,0.000512,25.6,VAL,2014,DDT (sum),DDT (sum),"DDT (sum of p,p'-DDT, o,p'-DDT, p-p'-DDE and p,p'-TDE (DDD) expressed as DDT)",RF-0119-001-PPP,0.04,True
196269,3BACF3591234A10157487554386B1F9F,DE,DE,P1020010A,-1,T999A,K005A,RF-0119-001-PPP,0.0012,29.99,VAL,2014,DDT (sum),DDT (sum),"DDT (sum of p,p'-DDT, o,p'-DDT, p-p'-DDE and p,p'-TDE (DDD) expressed as DDT)",RF-0119-001-PPP,0.04,True
196270,8BDA6AD47CE296D2915303D60B3A5064,DE,DE,P1020010A,-1,T999A,K005A,RF-0119-001-PPP,0.000712,8.9,VAL,2014,DDT (sum),DDT (sum),"DDT (sum of p,p'-DDT, o,p'-DDT, p-p'-DDE and p,p'-TDE (DDD) expressed as DDT)",RF-0119-001-PPP,0.04,True
196273,268281576BB03D611600BC205F151583,DE,DE,P1020010A,-1,T999A,K005A,RF-0119-001-PPP,0.000432,21.6,VAL,2014,DDT (sum),DDT (sum),"DDT (sum of p,p'-DDT, o,p'-DDT, p-p'-DDE and p,p'-TDE (DDD) expressed as DDT)",RF-0119-001-PPP,0.04,True
196274,73E7B842E71118896482983053B077E6,DE,DE,P1020010A,-1,T999A,K005A,RF-0119-001-PPP,0.000466,23.3,VAL,2014,DDT (sum),DDT (sum),"DDT (sum of p,p'-DDT, o,p'-DDT, p-p'-DDE and p,p'-TDE (DDD) expressed as DDT)",RF-0119-001-PPP,0.04,True
196280,A5684DCA1FAFA93FCC4F5025E6E2A884,DE,DE,P1020010A,-1,T999A,K005A,RF-0119-001-PPP,0.000544,27.2,VAL,2014,DDT (sum),DDT (sum),"DDT (sum of p,p'-DDT, o,p'-DDT, p-p'-DDE and p,p'-TDE (DDD) expressed as DDT)",RF-0119-001-PPP,0.04,True
196281,29187BDE66B3E70AEBE278FD8C90311F,DE,DE,P1020010A,-1,T999A,K005A,RF-0119-001-PPP,0.000774,25.8,VAL,2014,DDT (sum),DDT (sum),"DDT (sum of p,p'-DDT, o,p'-DDT, p-p'-DDE and p,p'-TDE (DDD) expressed as DDT)",RF-0119-001-PPP,0.04,True
196282,976361FC92CD3A074D234949979264BD,DE,DE,P1020010A,-1,T999A,K005A,RF-0119-001-PPP,0.001904,23.8,VAL,2014,DDT (sum),DDT (sum),"DDT (sum of p,p'-DDT, o,p'-DDT, p-p'-DDE and p,p'-TDE (DDD) expressed as DDT)",RF-0119-001-PPP,0.04,True
196284,D779BD74514D41CCEB6116D66E04B3E0,DE,DE,P1020010A,-1,T999A,K005A,RF-0119-001-PPP,8e-05,4.0,VAL,2014,DDT (sum),DDT (sum),"DDT (sum of p,p'-DDT, o,p'-DDT, p-p'-DDE and p,p'-TDE (DDD) expressed as DDT)",RF-0119-001-PPP,0.04,True
196286,AB3E4BDE72D231CADAA5C7021F9CB2A2,DE,DE,P1020010A,-1,T999A,K005A,RF-0119-001-PPP,8e-05,4.0,VAL,2014,DDT (sum),DDT (sum),"DDT (sum of p,p'-DDT, o,p'-DDT, p-p'-DDE and p,p'-TDE (DDD) expressed as DDT)",RF-0119-001-PPP,0.04,True
197398,96A01D89CE323128788F303C1FE998B3,DE,DE,P1020010A,-1,T999A,K005A,RF-0237-001-PPP,0.000528,26.4,VAL,2014,Hexachlorobenzene,Hexachlorobenzene,Hexachlorobenzene,RF-0237-001-PPP,0.005,True
197399,9BF4723ACE3D5BF7E9FC7D2DAFC0EED8,DE,DE,P1020010A,-1,T999A,K005A,RF-0237-001-PPP,0.0008,34.8,VAL,2014,Hexachlorobenzene,Hexachlorobenzene,Hexachlorobenzene,RF-0237-001-PPP,0.005,True
197400,64142F3974D23FD94E4C38447857BDC1,DE,DE,P1020010A,-1,T999A,K005A,RF-0237-001-PPP,0.0001,4.4,VAL,2014,Hexachlorobenzene,Hexachlorobenzene,Hexachlorobenzene,RF-0237-001-PPP,0.005,True
197401,A9D5C4A76A88E979818AC87DAA9E68E8,DE,DE,P1020010A,-1,T999A,K005A,RF-0237-001-PPP,0.0001,3.9,VAL,2014,Hexachlorobenzene,Hexachlorobenzene,Hexachlorobenzene,RF-0237-001-PPP,0.005,True
197402,9A3916DA8315B0CB78653E18FEB5754A,DE,DE,P1020010A,-1,T999A,K005A,RF-0237-001-PPP,0.0002,9.8,VAL,2014,Hexachlorobenzene,Hexachlorobenzene,Hexachlorobenzene,RF-0237-001-PPP,0.005,True
197403,0209224D9CCDEB61F212C29E234B4D23,DE,DE,P1020010A,-1,T999A,K005A,RF-0237-001-PPP,0.0001,3.4,VAL,2014,Hexachlorobenzene,Hexachlorobenzene,Hexachlorobenzene,RF-0237-001-PPP,0.005,True
197404,F9DC5819874C0FE2426E1006F51B5667,DE,DE,P1020010A,-1,T999A,K005A,RF-0237-001-PPP,8e-05,4.0,VAL,2014,Hexachlorobenzene,Hexachlorobenzene,Hexachlorobenzene,RF-0237-001-PPP,0.005,True
197405,2346840B1370E1BD5D1D9996AEB1C02B,DE,DE,P1020010A,-1,T999A,K005A,RF-0237-001-PPP,8e-05,4.0,VAL,2014,Hexachlorobenzene,Hexachlorobenzene,Hexachlorobenzene,RF-0237-001-PPP,0.005,True
197406,635CECD99F01AA62BE3D33F4A71A9BFD,DE,DE,P1020010A,-1,T999A,K005A,RF-0237-001-PPP,4e-05,4.0,VAL,2014,Hexachlorobenzene,Hexachlorobenzene,Hexachlorobenzene,RF-0237-001-PPP,0.005,True
197408,0A65D90FC6AA8176BB95934CA06B5813,DE,DE,P1020010A,-1,T999A,K005A,RF-0237-001-PPP,0.0001,3.5,VAL,2014,Hexachlorobenzene,Hexachlorobenzene,Hexachlorobenzene,RF-0237-001-PPP,0.005,True
197410,2A6406B809EB952E49F64537729726A2,DE,DE,P1020010A,-1,T999A,K005A,RF-0237-001-PPP,4e-05,4.0,VAL,2014,Hexachlorobenzene,Hexachlorobenzene,Hexachlorobenzene,RF-0237-001-PPP,0.005,True
197411,A0AE2E6E4C618B30EAD7EA49C8E4B587,DE,DE,P1020010A,-1,T999A,K005A,RF-0237-001-PPP,8e-05,4.0,VAL,2014,Hexachlorobenzene,Hexachlorobenzene,Hexachlorobenzene,RF-0237-001-PPP,0.005,True
197412,AC20669DA9D7447150F269A7B2827C6B,DE,DE,P1020010A,-1,T999A,K005A,RF-0237-001-PPP,0.0001,3.9,VAL,2014,Hexachlorobenzene,Hexachlorobenzene,Hexachlorobenzene,RF-0237-001-PPP,0.005,True
197413,A751D2AFBB0FA6598E92E46C5CC1B372,DE,DE,P1020010A,-1,T999A,K005A,RF-0237-001-PPP,8e-05,4.0,VAL,2014,Hexachlorobenzene,Hexachlorobenzene,Hexachlorobenzene,RF-0237-001-PPP,0.005,True
197415,0ADA99779E47420F0EE8684A074126A5,DE,DE,P1020010A,-1,T999A,K005A,RF-0237-001-PPP,8e-05,4.0,VAL,2014,Hexachlorobenzene,Hexachlorobenzene,Hexachlorobenzene,RF-0237-001-PPP,0.005,True
197416,6FCA6CEAF03DB0941C2D871A12734358,DE,DE,P1020010A,-1,T999A,K005A,RF-0237-001-PPP,8e-05,4.0,VAL,2014,Hexachlorobenzene,Hexachlorobenzene,Hexachlorobenzene,RF-0237-001-PPP,0.005,True
197417,771256314DAB937C7F4241FDF1501CE7,DE,DE,P1020010A,-1,T999A,K005A,RF-0237-001-PPP,8e-05,4.0,VAL,2014,Hexachlorobenzene,Hexachlorobenzene,Hexachlorobenzene,RF-0237-001-PPP,0.005,True
197418,0E6640CB36A2D61BB7E100165E3D3C9E,DE,DE,P1020010A,-1,T999A,K005A,RF-0237-001-PPP,4e-05,4.0,VAL,2014,Hexachlorobenzene,Hexachlorobenzene,Hexachlorobenzene,RF-0237-001-PPP,0.005,True
197419,4269326E3F721DFFB257760A01CC8682,DE,DE,P1020010A,-1,T999A,K005A,RF-0237-001-PPP,8e-05,4.0,VAL,2014,Hexachlorobenzene,Hexachlorobenzene,Hexachlorobenzene,RF-0237-001-PPP,0.005,True
197420,03A03CAD8E11F5D83331A341476D0B02,DE,DE,P1020010A,-1,T999A,K005A,RF-0237-001-PPP,8e-05,4.0,VAL,2014,Hexachlorobenzene,Hexachlorobenzene,Hexachlorobenzene,RF-0237-001-PPP,0.005,True
197421,12E7BAF6F567333248A59FEABED40985,DE,DE,P1020010A,-1,T999A,K005A,RF-0237-001-PPP,8e-05,4.0,VAL,2014,Hexachlorobenzene,Hexachlorobenzene,Hexachlorobenzene,RF-0237-001-PPP,0.005,True
197422,127185976B32DAEF79725341D60BD7D2,DE,DE,P1020010A,-1,T999A,K005A,RF-0237-001-PPP,8e-05,4.0,VAL,2014,Hexachlorobenzene,Hexachlorobenzene,Hexachlorobenzene,RF-0237-001-PPP,0.005,True
197423,5A43122A886FDAFAA35A5E68F302D6D7,DE,DE,P1020010A,-1,T999A,K005A,RF-0237-001-PPP,4e-05,4.0,VAL,2014,Hexachlorobenzene,Hexachlorobenzene,Hexachlorobenzene,RF-0237-001-PPP,0.005,True
197424,A80E1B442F5B82E3C47FB48423960317,DE,DE,P1020010A,-1,T999A,K005A,RF-0237-001-PPP,4e-05,4.0,VAL,2014,Hexachlorobenzene,Hexachlorobenzene,Hexachlorobenzene,RF-0237-001-PPP,0.005,True
197426,63098CB4835E2978CFB1D182AFDA8BCA,DE,DE,P1020010A,-1,T999A,K005A,RF-0237-001-PPP,8e-05,4.0,VAL,2014,Hexachlorobenzene,Hexachlorobenzene,Hexachlorobenzene,RF-0237-001-PPP,0.005,True
197427,59CEC2342DDD37E63702636488AE6D3B,DE,DE,P1020010A,-1,T999A,K005A,RF-0237-001-PPP,8e-05,4.0,VAL,2014,Hexachlorobenzene,Hexachlorobenzene,Hexachlorobenzene,RF-0237-001-PPP,0.005,True
197428,7B871E13C53512E6193EC97A7FE87A14,DE,DE,P1020010A,-1,T999A,K005A,RF-0237-001-PPP,8e-05,4.0,VAL,2014,Hexachlorobenzene,Hexachlorobenzene,Hexachlorobenzene,RF-0237-001-PPP,0.005,True
197429,B33E8A36E5E06484BE83D3BE19C4613E,DE,DE,P1020010A,-1,T999A,K005A,RF-0237-001-PPP,8e-05,4.0,VAL,2014,Hexachlorobenzene,Hexachlorobenzene,Hexachlorobenzene,RF-0237-001-PPP,0.005,True
197431,8A978CD00106B385FB73D14EBC690013,DE,DE,P1020010A,-1,T999A,K005A,RF-0237-001-PPP,4e-05,4.0,VAL,2014,Hexachlorobenzene,Hexachlorobenzene,Hexachlorobenzene,RF-0237-001-PPP,0.005,True
197432,F8555D19AC438B4B483FCE31BC9C2E8B,DE,DE,P1020010A,-1,T999A,K005A,RF-0237-001-PPP,4e-05,4.0,VAL,2014,Hexachlorobenzene,Hexachlorobenzene,Hexachlorobenzene,RF-0237-001-PPP,0.005,True
197433,1A39F4B392BF61797CBF3F622B336F28,DE,DE,P1020010A,-1,T999A,K005A,RF-0237-001-PPP,8e-05,4.0,VAL,2014,Hexachlorobenzene,Hexachlorobenzene,Hexachlorobenzene,RF-0237-001-PPP,0.005,True
197434,93EE7363178D459406CAEB1FB06E1605,DE,DE,P1020010A,-1,T999A,K005A,RF-0237-001-PPP,8e-05,4.0,VAL,2014,Hexachlorobenzene,Hexachlorobenzene,Hexachlorobenzene,RF-0237-001-PPP,0.005,True
197435,CB45B1C0A35876CC9D6EE3A797560506,DE,DE,P1020010A,-1,T999A,K005A,RF-0237-001-PPP,8e-05,4.0,VAL,2014,Hexachlorobenzene,Hexachlorobenzene,Hexachlorobenzene,RF-0237-001-PPP,0.005,True
197436,5E12ABAF34C341F88230F7E0A0D8022E,DE,DE,P1020010A,-1,T999A,K005A,RF-0237-001-PPP,8e-05,4.0,VAL,2014,Hexachlorobenzene,Hexachlorobenzene,Hexachlorobenzene,RF-0237-001-PPP,0.005,True
197437,BCA344009695A8A51E4C4332BCFC331C,DE,DE,P1020010A,-1,T999A,K005A,RF-0237-001-PPP,8e-05,4.0,VAL,2014,Hexachlorobenzene,Hexachlorobenzene,Hexachlorobenzene,RF-0237-001-PPP,0.005,True
197438,0159EC9D89B7DB363B7EB793A167951E,DE,DE,P1020010A,-1,T999A,K005A,RF-0237-001-PPP,8e-05,4.0,VAL,2014,Hexachlorobenzene,Hexachlorobenzene,Hexachlorobenzene,RF-0237-001-PPP,0.005,True
197439,87C40B31F16EA5F924DD2604650BBCB8,DE,DE,P1020010A,-1,T999A,K005A,RF-0237-001-PPP,8e-05,4.0,VAL,2014,Hexachlorobenzene,Hexachlorobenzene,Hexachlorobenzene,RF-0237-001-PPP,0.005,True
197440,9785482A2260356C9E6D8FA700DFD779,DE,DE,P1020010A,-1,T999A,K005A,RF-0237-001-PPP,4e-05,4.0,VAL,2014,Hexachlorobenzene,Hexachlorobenzene,Hexachlorobenzene,RF-0237-001-PPP,0.005,True
197441,1FBE4EF300D9D01D84028643B3C3DC2D,DE,DE,P1020010A,-1,T999A,K005A,RF-0237-001-PPP,8e-05,4.0,VAL,2014,Hexachlorobenzene,Hexachlorobenzene,Hexachlorobenzene,RF-0237-001-PPP,0.005,True
197442,5B11F6B6E4C916CE62D0107F5D1D9DD4,DE,DE,P1020010A,-1,T999A,K005A,RF-0237-001-PPP,8e-05,4.0,VAL,2014,Hexachlorobenzene,Hexachlorobenzene,Hexachlorobenzene,RF-0237-001-PPP,0.005,True
197443,8EF1ECE35F34F7AA15BA1ACC762AA6D5,DE,DE,P1020010A,-1,T999A,K005A,RF-0237-001-PPP,8e-05,4.0,VAL,2014,Hexachlorobenzene,Hexachlorobenzene,Hexachlorobenzene,RF-0237-001-PPP,0.005,True
197444,09B98D597DA890AEC1CBBEAAD726DD0F,DE,DE,P1020010A,-1,T999A,K005A,RF-0237-001-PPP,8e-05,4.0,VAL,2014,Hexachlorobenzene,Hexachlorobenzene,Hexachlorobenzene,RF-0237-001-PPP,0.005,True
197445,9CF86757615A47D1B230F5379D0C41D0,DE,DE,P1020010A,-1,T999A,K005A,RF-0237-001-PPP,8e-05,4.0,VAL,2014,Hexachlorobenzene,Hexachlorobenzene,Hexachlorobenzene,RF-0237-001-PPP,0.005,True
197446,57C6B501A458FD6AA1ED84B14601AE17,DE,DE,P1020010A,-1,T999A,K005A,RF-0237-001-PPP,8e-05,4.0,VAL,2014,Hexachlorobenzene,Hexachlorobenzene,Hexachlorobenzene,RF-0237-001-PPP,0.005,True
197447,394900371AC9D3757B356364F4D626C4,DE,DE,P1020010A,-1,T999A,K005A,RF-0237-001-PPP,8e-05,4.0,VAL,2014,Hexachlorobenzene,Hexachlorobenzene,Hexachlorobenzene,RF-0237-001-PPP,0.005,True
197448,F578149DB72F0419B06D9F26B5649CA8,DE,DE,P1020010A,-1,T999A,K005A,RF-0237-001-PPP,4e-05,4.0,VAL,2014,Hexachlorobenzene,Hexachlorobenzene,Hexachlorobenzene,RF-0237-001-PPP,0.005,True
197450,E7B113736570D39005426C7FF04B66D0,DE,DE,P1020010A,-1,T999A,K005A,RF-0237-001-PPP,8e-05,4.0,VAL,2014,Hexachlorobenzene,Hexachlorobenzene,Hexachlorobenzene,RF-0237-001-PPP,0.005,True
197451,024F3228E24D22E677889F97308A9B40,DE,DE,P1020010A,-1,T999A,K005A,RF-0237-001-PPP,8e-05,4.0,VAL,2014,Hexachlorobenzene,Hexachlorobenzene,Hexachlorobenzene,RF-0237-001-PPP,0.005,True
197452,9E35B4314A71253327C697632D2F2835,DE,DE,P1020010A,-1,T999A,K005A,RF-0237-001-PPP,4e-05,4.0,VAL,2014,Hexachlorobenzene,Hexachlorobenzene,Hexachlorobenzene,RF-0237-001-PPP,0.005,True
197453,E58266C5F4986949BF37DE8D9D3DD428,DE,DE,P1020010A,-1,T999A,K005A,RF-0237-001-PPP,4e-05,4.0,VAL,2014,Hexachlorobenzene,Hexachlorobenzene,Hexachlorobenzene,RF-0237-001-PPP,0.005,True
197455,7C7575E9EF83B2F6383D96E35CF3AF34,DE,DE,P1020010A,-1,T999A,K005A,RF-0237-001-PPP,4e-05,4.0,VAL,2014,Hexachlorobenzene,Hexachlorobenzene,Hexachlorobenzene,RF-0237-001-PPP,0.005,True
197458,D474C6BD425EDF8E17E6FC9E172B5B3C,DE,AT,P1020010A,-1,T999A,K005A,RF-0237-001-PPP,0.0001,3.8,VAL,2014,Hexachlorobenzene,Hexachlorobenzene,Hexachlorobenzene,RF-0237-001-PPP,0.005,True
197459,38A66748D94AEC47F15FF2C1749F2E0E,DE,DE,P1020010A,-1,T999A,K005A,RF-0237-001-PPP,0.0001,3.5,VAL,2014,Hexachlorobenzene,Hexachlorobenzene,Hexachlorobenzene,RF-0237-001-PPP,0.005,True
197460,9726A1B2889FF5218726B2CFEF12162C,DE,DE,P1020010A,-1,T999A,K005A,RF-0237-001-PPP,0.0001,3.8,VAL,2014,Hexachlorobenzene,Hexachlorobenzene,Hexachlorobenzene,RF-0237-001-PPP,0.005,True
197461,0D881E9E387AF690FCE20B07AAE025AB,DE,DE,P1020010A,-1,T999A,K005A,RF-0237-001-PPP,0.0001,3.5,VAL,2014,Hexachlorobenzene,Hexachlorobenzene,Hexachlorobenzene,RF-0237-001-PPP,0.005,True
197462,CF2826AAC6A03D3548EE04F95F25FE2B,DE,DE,P1020010A,-1,T999A,K005A,RF-0237-001-PPP,0.0001,3.5,VAL,2014,Hexachlorobenzene,Hexachlorobenzene,Hexachlorobenzene,RF-0237-001-PPP,0.005,True
197463,01FEF8AC780D8BB5BB8E4BD3C832D36B,DE,DE,P1020010A,-1,T999A,K005A,RF-0237-001-PPP,0.0001,1.5,VAL,2014,Hexachlorobenzene,Hexachlorobenzene,Hexachlorobenzene,RF-0237-001-PPP,0.005,True
197464,25A0DE0068AC407029F55E5491F8043F,DE,DE,P1020010A,-1,T999A,K005A,RF-0237-001-PPP,0.0001,3.8,VAL,2014,Hexachlorobenzene,Hexachlorobenzene,Hexachlorobenzene,RF-0237-001-PPP,0.005,True
197465,72498912A8B442D11983C5EB87C046B3,DE,AT,P1020010A,-1,T999A,K005A,RF-0237-001-PPP,0.0001,3.9,VAL,2014,Hexachlorobenzene,Hexachlorobenzene,Hexachlorobenzene,RF-0237-001-PPP,0.005,True
197466,71DA2A57B4E2F9C686A7248002250280,DE,DE,P1020010A,-1,T999A,K005A,RF-0237-001-PPP,0.0001,3.8,VAL,2014,Hexachlorobenzene,Hexachlorobenzene,Hexachlorobenzene,RF-0237-001-PPP,0.005,True
197467,AFB302C2BDD28626A33C4433E5377DCE,DE,AT,P1020010A,-1,T999A,K005A,RF-0237-001-PPP,0.0001,3.5,VAL,2014,Hexachlorobenzene,Hexachlorobenzene,Hexachlorobenzene,RF-0237-001-PPP,0.005,True
197468,69EF3976EEFD18B2E3E44AC30D4C71DB,DE,DE,P1020010A,-1,T999A,K005A,RF-0237-001-PPP,0.0001,1.5,VAL,2014,Hexachlorobenzene,Hexachlorobenzene,Hexachlorobenzene,RF-0237-001-PPP,0.005,True
197469,8E9DE715E5DA16F8322BA260D481B374,DE,DE,P1020010A,-1,T999A,K005A,RF-0237-001-PPP,0.0001,3.5,VAL,2014,Hexachlorobenzene,Hexachlorobenzene,Hexachlorobenzene,RF-0237-001-PPP,0.005,True
197470,5E46093447E7BD51B4EB3CA5901B0F97,DE,DE,P1020010A,-1,T999A,K005A,RF-0237-001-PPP,0.0001,1.5,VAL,2014,Hexachlorobenzene,Hexachlorobenzene,Hexachlorobenzene,RF-0237-001-PPP,0.005,True
197471,DB37EAFB4A32BA3493EABD2339BC255D,DE,AT,P1020010A,-1,T999A,K005A,RF-0237-001-PPP,0.0001,3.8,VAL,2014,Hexachlorobenzene,Hexachlorobenzene,Hexachlorobenzene,RF-0237-001-PPP,0.005,True
197472,0DB23C79D76868B3559B712D0D99F0F8,DE,DE,P1020010A,-1,T999A,K005A,RF-0237-001-PPP,0.0001,3.5,VAL,2014,Hexachlorobenzene,Hexachlorobenzene,Hexachlorobenzene,RF-0237-001-PPP,0.005,True
197473,6C0D5C2390EB81062D35BB0562AB44C4,DE,DE,P1020010A,-1,T999A,K005A,RF-0237-001-PPP,0.0002,3.8,VAL,2014,Hexachlorobenzene,Hexachlorobenzene,Hexachlorobenzene,RF-0237-001-PPP,0.005,True
197474,2A1D0FC5085B211EB92B2FA9D9ADF082,DE,DE,P1020010A,-1,T999A,K005A,RF-0237-001-PPP,0.0001,1.5,VAL,2014,Hexachlorobenzene,Hexachlorobenzene,Hexachlorobenzene,RF-0237-001-PPP,0.005,True
197475,AEE2E912250D35375D597607EE4C201B,DE,AT,P1020010A,-1,T999A,K005A,RF-0237-001-PPP,0.0001,3.9,VAL,2014,Hexachlorobenzene,Hexachlorobenzene,Hexachlorobenzene,RF-0237-001-PPP,0.005,True
197476,08FD4BFA5BC61920D16A41798A1298A5,DE,DE,P1020010A,-1,T999A,K005A,RF-0237-001-PPP,8e-05,4.0,VAL,2014,Hexachlorobenzene,Hexachlorobenzene,Hexachlorobenzene,RF-0237-001-PPP,0.005,True
197478,B41F384C54449FA2EDDB3070C36B15D8,DE,DE,P1020010A,-1,T999A,K005A,RF-0237-001-PPP,8e-05,4.0,VAL,2014,Hexachlorobenzene,Hexachlorobenzene,Hexachlorobenzene,RF-0237-001-PPP,0.005,True
197479,7BD0C65BF0FFCAE939CC6B4075CE68E8,DE,DE,P1020010A,-1,T999A,K005A,RF-0237-001-PPP,0.00012,4.0,VAL,2014,Hexachlorobenzene,Hexachlorobenzene,Hexachlorobenzene,RF-0237-001-PPP,0.005,True
197480,5BA45970974EE5E59F0B6DB1F23D3885,DE,DE,P1020010A,-1,T999A,K005A,RF-0237-001-PPP,0.00012,4.0,VAL,2014,Hexachlorobenzene,Hexachlorobenzene,Hexachlorobenzene,RF-0237-001-PPP,0.005,True
197481,4AF3FA5129C654AA95A17770299BE803,DE,DE,P1020010A,-1,T999A,K005A,RF-0237-001-PPP,4e-05,4.0,VAL,2014,Hexachlorobenzene,Hexachlorobenzene,Hexachlorobenzene,RF-0237-001-PPP,0.005,True
197482,C68894362689867BDF50C2584274BC01,DE,DE,P1020010A,-1,T999A,K005A,RF-0237-001-PPP,8e-05,4.0,VAL,2014,Hexachlorobenzene,Hexachlorobenzene,Hexachlorobenzene,RF-0237-001-PPP,0.005,True
197483,220B619ADBF8367CF97C96B538B62D78,DE,DE,P1020010A,-1,T999A,K005A,RF-0237-001-PPP,4e-05,4.0,VAL,2014,Hexachlorobenzene,Hexachlorobenzene,Hexachlorobenzene,RF-0237-001-PPP,0.005,True
197484,FBDC42679B4BEB5C44DCB7421D130308,DE,DE,P1020010A,-1,T999A,K005A,RF-0237-001-PPP,8e-05,4.0,VAL,2014,Hexachlorobenzene,Hexachlorobenzene,Hexachlorobenzene,RF-0237-001-PPP,0.005,True
197486,BD10397723C28952F0048B5D6619CE7F,DE,DE,P1020010A,-1,T999A,K005A,RF-0237-001-PPP,0.00012,4.0,VAL,2014,Hexachlorobenzene,Hexachlorobenzene,Hexachlorobenzene,RF-0237-001-PPP,0.005,True
197487,6ED8EEE6605F2ADB377B41A63A07104D,DE,DE,P1020010A,-1,T999A,K005A,RF-0237-001-PPP,8e-05,4.0,VAL,2014,Hexachlorobenzene,Hexachlorobenzene,Hexachlorobenzene,RF-0237-001-PPP,0.005,True
197488,4EFA22090359AB8FB53017A178E0BC1B,DE,DE,P1020010A,-1,T999A,K005A,RF-0237-001-PPP,8e-05,4.0,VAL,2014,Hexachlorobenzene,Hexachlorobenzene,Hexachlorobenzene,RF-0237-001-PPP,0.005,True
197489,955F5987752C485666DBCDDA6CC57841,DE,DE,P1020010A,-1,T999A,K005A,RF-0237-001-PPP,8e-05,4.0,VAL,2014,Hexachlorobenzene,Hexachlorobenzene,Hexachlorobenzene,RF-0237-001-PPP,0.005,True
197490,032B20694365B85A17591F6834D6EDE3,DE,DE,P1020010A,-1,T999A,K005A,RF-0237-001-PPP,0.00012,4.0,VAL,2014,Hexachlorobenzene,Hexachlorobenzene,Hexachlorobenzene,RF-0237-001-PPP,0.005,True
197491,B3719ED1F4B3E431478BEF8D4E21BD50,DE,DE,P1020010A,-1,T999A,K005A,RF-0237-001-PPP,4e-05,4.0,VAL,2014,Hexachlorobenzene,Hexachlorobenzene,Hexachlorobenzene,RF-0237-001-PPP,0.005,True
197492,534157AA461582C6F677B55462B095DB,DE,DE,P1020010A,-1,T999A,K005A,RF-0237-001-PPP,4e-05,4.0,VAL,2014,Hexachlorobenzene,Hexachlorobenzene,Hexachlorobenzene,RF-0237-001-PPP,0.005,True
197493,47D34CDCA0C71D17593C86189DC8051E,DE,DE,P1020010A,-1,T999A,K005A,RF-0237-001-PPP,8e-05,4.0,VAL,2014,Hexachlorobenzene,Hexachlorobenzene,Hexachlorobenzene,RF-0237-001-PPP,0.005,True
197494,1FE10284B3F6E516CE5573F908AA5863,DE,DE,P1020010A,-1,T999A,K005A,RF-0237-001-PPP,0.00012,4.0,VAL,2014,Hexachlorobenzene,Hexachlorobenzene,Hexachlorobenzene,RF-0237-001-PPP,0.005,True
197495,611D64AD81F3D5936779E7B58ADA57CD,DE,DE,P1020010A,-1,T999A,K005A,RF-0237-001-PPP,8e-05,4.0,VAL,2014,Hexachlorobenzene,Hexachlorobenzene,Hexachlorobenzene,RF-0237-001-PPP,0.005,True
197496,A21D2A5C66CA4FCB5D3EB5C7C2F73A47,DE,DE,P1020010A,-1,T999A,K005A,RF-0237-001-PPP,0.00012,4.0,VAL,2014,Hexachlorobenzene,Hexachlorobenzene,Hexachlorobenzene,RF-0237-001-PPP,0.005,True
197497,E0818B48ED77B787CE080CF5D95ADCC5,DE,DE,P1020010A,-1,T999A,K005A,RF-0237-001-PPP,8e-05,4.0,VAL,2014,Hexachlorobenzene,Hexachlorobenzene,Hexachlorobenzene,RF-0237-001-PPP,0.005,True
197498,3731A2348ABDA1DFC9345DDFAA0B1B45,DE,DE,P1020010A,-1,T999A,K005A,RF-0237-001-PPP,0.00012,4.0,VAL,2014,Hexachlorobenzene,Hexachlorobenzene,Hexachlorobenzene,RF-0237-001-PPP,0.005,True
197499,4909AFFAACFACACEE1272F84F76D03EC,DE,DE,P1020010A,-1,T999A,K005A,RF-0237-001-PPP,0.00012,4.0,VAL,2014,Hexachlorobenzene,Hexachlorobenzene,Hexachlorobenzene,RF-0237-001-PPP,0.005,True
197500,DEE18035FFD4FF041B20AC1FBD775C70,DE,DE,P1020010A,-1,T999A,K005A,RF-0237-001-PPP,8e-05,4.0,VAL,2014,Hexachlorobenzene,Hexachlorobenzene,Hexachlorobenzene,RF-0237-001-PPP,0.005,True
197501,3677959FB703B6A36FDB7D23D9556A1A,DE,DE,P1020010A,-1,T999A,K005A,RF-0237-001-PPP,8e-05,4.0,VAL,2014,Hexachlorobenzene,Hexachlorobenzene,Hexachlorobenzene,RF-0237-001-PPP,0.005,True
197502,AD407D8D010858E21C4F253BFFA08348,DE,DE,P1020010A,-1,T999A,K005A,RF-0237-001-PPP,8e-05,4.0,VAL,2014,Hexachlorobenzene,Hexachlorobenzene,Hexachlorobenzene,RF-0237-001-PPP,0.005,True
197503,B95B143C9F26B5847E07FB9FCE6F3089,DE,DE,P1020010A,-1,T999A,K005A,RF-0237-001-PPP,8e-05,4.0,VAL,2014,Hexachlorobenzene,Hexachlorobenzene,Hexachlorobenzene,RF-0237-001-PPP,0.005,True
197504,2AF6838B46B2AF5D8E55669CA052DCF5,DE,DE,P1020010A,-1,T999A,K005A,RF-0237-001-PPP,8e-05,4.0,VAL,2014,Hexachlorobenzene,Hexachlorobenzene,Hexachlorobenzene,RF-0237-001-PPP,0.005,True
197505,690CB4583B7DFD42F5731B53A50A5A54,DE,DE,P1020010A,-1,T999A,K005A,RF-0237-001-PPP,8e-05,4.0,VAL,2014,Hexachlorobenzene,Hexachlorobenzene,Hexachlorobenzene,RF-0237-001-PPP,0.005,True
197506,CC324AF2FE94BFE49EBF4617E5828818,DE,DE,P1020010A,-1,T999A,K005A,RF-0237-001-PPP,4e-05,4.0,VAL,2014,Hexachlorobenzene,Hexachlorobenzene,Hexachlorobenzene,RF-0237-001-PPP,0.005,True
197507,E182DE5E79FC6BA947B967647F390643,DE,DE,P1020010A,-1,T999A,K005A,RF-0237-001-PPP,8e-05,4.0,VAL,2014,Hexachlorobenzene,Hexachlorobenzene,Hexachlorobenzene,RF-0237-001-PPP,0.005,True
197508,6A628D850C1F336452643EB694959F1E,DE,DE,P1020010A,-1,T999A,K005A,RF-0237-001-PPP,0.00012,4.0,VAL,2014,Hexachlorobenzene,Hexachlorobenzene,Hexachlorobenzene,RF-0237-001-PPP,0.005,True
197510,BA16C0B76B8EEB60BB1D5A81D136A3FC,DE,DE,P1020010A,-1,T999A,K005A,RF-0237-001-PPP,4e-05,4.0,VAL,2014,Hexachlorobenzene,Hexachlorobenzene,Hexachlorobenzene,RF-0237-001-PPP,0.005,True
197511,6163E966B868E27D2BC3AC295514B9B0,DE,DE,P1020010A,-1,T999A,K005A,RF-0237-001-PPP,4e-05,4.0,VAL,2014,Hexachlorobenzene,Hexachlorobenzene,Hexachlorobenzene,RF-0237-001-PPP,0.005,True
197512,9B0BCAF4568DD7DFD76C18D22C634EA7,DE,DE,P1020010A,-1,T999A,K005A,RF-0237-001-PPP,8e-05,4.0,VAL,2014,Hexachlorobenzene,Hexachlorobenzene,Hexachlorobenzene,RF-0237-001-PPP,0.005,True
197513,A95D3930FA67C9FB7EA83AC7BE858378,DE,DE,P1020010A,-1,T999A,K005A,RF-0237-001-PPP,8e-05,4.0,VAL,2014,Hexachlorobenzene,Hexachlorobenzene,Hexachlorobenzene,RF-0237-001-PPP,0.005,True
197514,6D8F65DC491AAF1DB80673AC0DC386C1,DE,DE,P1020010A,-1,T999A,K005A,RF-0237-001-PPP,4e-05,4.0,VAL,2014,Hexachlorobenzene,Hexachlorobenzene,Hexachlorobenzene,RF-0237-001-PPP,0.005,True
197515,A5CFACC72D7E4804207EEBFD299D63FD,DE,DE,P1020010A,-1,T999A,K005A,RF-0237-001-PPP,8e-05,4.0,VAL,2014,Hexachlorobenzene,Hexachlorobenzene,Hexachlorobenzene,RF-0237-001-PPP,0.005,True
197516,78B912B05FCF6319BEE169B02A40B11C,DE,DE,P1020010A,-1,T999A,K005A,RF-0237-001-PPP,0.00012,4.0,VAL,2014,Hexachlorobenzene,Hexachlorobenzene,Hexachlorobenzene,RF-0237-001-PPP,0.005,True
197517,E6D801EE2B1E6775E246DB608CD46D12,DE,DE,P1020010A,-1,T999A,K005A,RF-0237-001-PPP,8e-05,4.0,VAL,2014,Hexachlorobenzene,Hexachlorobenzene,Hexachlorobenzene,RF-0237-001-PPP,0.005,True
197518,8B1B7E97C90F049F5B4503252144CF7F,DE,DE,P1020010A,-1,T999A,K005A,RF-0237-001-PPP,4e-05,4.0,VAL,2014,Hexachlorobenzene,Hexachlorobenzene,Hexachlorobenzene,RF-0237-001-PPP,0.005,True
197520,682C9204D0E57447B338FA81061374D5,DE,DE,P1020010A,-1,T999A,K005A,RF-0237-001-PPP,0.00016,4.0,VAL,2014,Hexachlorobenzene,Hexachlorobenzene,Hexachlorobenzene,RF-0237-001-PPP,0.005,True
197521,74A897CC4F1BB1415876ED0C970FB86D,DE,DE,P1020010A,-1,T999A,K005A,RF-0237-001-PPP,8e-05,4.0,VAL,2014,Hexachlorobenzene,Hexachlorobenzene,Hexachlorobenzene,RF-0237-001-PPP,0.005,True
197522,F559D2EDBF7EA106A8D81EDA8A1F2EFD,DE,DE,P1020010A,-1,T999A,K005A,RF-0237-001-PPP,4e-05,4.0,VAL,2014,Hexachlorobenzene,Hexachlorobenzene,Hexachlorobenzene,RF-0237-001-PPP,0.005,True
197523,D1E139E09BA41A977F92B27354DE59B0,DE,DE,P1020010A,-1,T999A,K005A,RF-0237-001-PPP,4e-05,4.0,VAL,2014,Hexachlorobenzene,Hexachlorobenzene,Hexachlorobenzene,RF-0237-001-PPP,0.005,True
197524,47C5BBC20D2B89C1AC8B8AE85FDA5451,DE,DE,P1020010A,-1,T999A,K005A,RF-0237-001-PPP,4e-05,4.0,VAL,2014,Hexachlorobenzene,Hexachlorobenzene,Hexachlorobenzene,RF-0237-001-PPP,0.005,True
197525,EAE91D242A69C8CF0903EF29F6D4F0F0,DE,DE,P1020010A,-1,T999A,K005A,RF-0237-001-PPP,8e-05,4.0,VAL,2014,Hexachlorobenzene,Hexachlorobenzene,Hexachlorobenzene,RF-0237-001-PPP,0.005,True
197526,88417675AD18F2998DE958F849D92BB6,DE,DE,P1020010A,-1,T999A,K005A,RF-0237-001-PPP,8e-05,4.0,VAL,2014,Hexachlorobenzene,Hexachlorobenzene,Hexachlorobenzene,RF-0237-001-PPP,0.005,True
197527,CC77DA4A47E2DF644179DD7F2A35FE8E,DE,DE,P1020010A,-1,T999A,K005A,RF-0237-001-PPP,8e-05,4.0,VAL,2014,Hexachlorobenzene,Hexachlorobenzene,Hexachlorobenzene,RF-0237-001-PPP,0.005,True
197528,88B2B592861A83B2B55AA82A083531E8,DE,DE,P1020010A,-1,T999A,K005A,RF-0237-001-PPP,4e-05,4.0,VAL,2014,Hexachlorobenzene,Hexachlorobenzene,Hexachlorobenzene,RF-0237-001-PPP,0.005,True
197529,8581A5ED452C859B2E31FDF63FFE5F52,DE,DE,P1020010A,-1,T999A,K005A,RF-0237-001-PPP,8e-05,4.0,VAL,2014,Hexachlorobenzene,Hexachlorobenzene,Hexachlorobenzene,RF-0237-001-PPP,0.005,True
197530,44BB772F491666D52C0AACDDE7616C8D,DE,DE,P1020010A,-1,T999A,K005A,RF-0237-001-PPP,8e-05,4.0,VAL,2014,Hexachlorobenzene,Hexachlorobenzene,Hexachlorobenzene,RF-0237-001-PPP,0.005,True
197531,FC9D49E7805F0607452F08FC87DCDFA0,DE,DE,P1020010A,-1,T999A,K005A,RF-0237-001-PPP,8e-05,4.0,VAL,2014,Hexachlorobenzene,Hexachlorobenzene,Hexachlorobenzene,RF-0237-001-PPP,0.005,True
197532,B08CB5B5B34583AA497F3DAA8BB4B197,DE,DE,P1020010A,-1,T999A,K005A,RF-0237-001-PPP,8e-05,4.0,VAL,2014,Hexachlorobenzene,Hexachlorobenzene,Hexachlorobenzene,RF-0237-001-PPP,0.005,True
197533,E08679E49985E5DB49666B1EBF5C134D,DE,DE,P1020010A,-1,T999A,K005A,RF-0237-001-PPP,8e-05,4.0,VAL,2014,Hexachlorobenzene,Hexachlorobenzene,Hexachlorobenzene,RF-0237-001-PPP,0.005,True
197534,AC2EC5066ACCFE9029EA2C763C7E8A40,DE,DE,P1020010A,-1,T999A,K005A,RF-0237-001-PPP,8e-05,4.0,VAL,2014,Hexachlorobenzene,Hexachlorobenzene,Hexachlorobenzene,RF-0237-001-PPP,0.005,True
197535,E536A4C9BC14788CF502A755B03AE2E5,DE,DE,P1020010A,-1,T999A,K005A,RF-0237-001-PPP,8e-05,4.0,VAL,2014,Hexachlorobenzene,Hexachlorobenzene,Hexachlorobenzene,RF-0237-001-PPP,0.005,True
197536,DDBF107FE1E212B0749F026235FD2006,DE,DE,P1020010A,-1,T999A,K005A,RF-0237-001-PPP,4e-05,4.0,VAL,2014,Hexachlorobenzene,Hexachlorobenzene,Hexachlorobenzene,RF-0237-001-PPP,0.005,True
197537,1B32B159086ABD0E6C31BE01345FCCAE,DE,DE,P1020010A,-1,T999A,K005A,RF-0237-001-PPP,0.00012,4.0,VAL,2014,Hexachlorobenzene,Hexachlorobenzene,Hexachlorobenzene,RF-0237-001-PPP,0.005,True
197538,55A5FF4A34259F7F1639B4B2B6A6670D,DE,DE,P1020010A,-1,T999A,K005A,RF-0237-001-PPP,8e-05,4.0,VAL,2014,Hexachlorobenzene,Hexachlorobenzene,Hexachlorobenzene,RF-0237-001-PPP,0.005,True
197539,DB7C55F09EFDB898EBA9D192DEFAF241,DE,DE,P1020010A,-1,T999A,K005A,RF-0237-001-PPP,4e-05,4.0,VAL,2014,Hexachlorobenzene,Hexachlorobenzene,Hexachlorobenzene,RF-0237-001-PPP,0.005,True
197540,EBC5A19A1515CDFE447CC1FDC7EAA534,DE,DE,P1020010A,-1,T999A,K005A,RF-0237-001-PPP,8e-05,4.0,VAL,2014,Hexachlorobenzene,Hexachlorobenzene,Hexachlorobenzene,RF-0237-001-PPP,0.005,True
197541,4D23E172BB581E24A0B45FBAB59AE9F9,DE,DE,P1020010A,-1,T999A,K005A,RF-0237-001-PPP,8e-05,4.0,VAL,2014,Hexachlorobenzene,Hexachlorobenzene,Hexachlorobenzene,RF-0237-001-PPP,0.005,True
197542,D9AEC970EADAAA261524FAAE86CB4576,DE,DE,P1020010A,-1,T999A,K005A,RF-0237-001-PPP,8e-05,4.0,VAL,2014,Hexachlorobenzene,Hexachlorobenzene,Hexachlorobenzene,RF-0237-001-PPP,0.005,True
197543,A5340DC5F758BDC30C62C4766149C099,DE,DE,P1020010A,-1,T999A,K005A,RF-0237-001-PPP,8e-05,4.0,VAL,2014,Hexachlorobenzene,Hexachlorobenzene,Hexachlorobenzene,RF-0237-001-PPP,0.005,True
197544,E2C98427555CD9B4EE883812F142EB31,DE,DE,P1020010A,-1,T999A,K005A,RF-0237-001-PPP,8e-05,4.0,VAL,2014,Hexachlorobenzene,Hexachlorobenzene,Hexachlorobenzene,RF-0237-001-PPP,0.005,True
197545,1236904309C937BAA7808FD4C1F7DF05,DE,DE,P1020010A,-1,T999A,K005A,RF-0237-001-PPP,4e-05,4.0,VAL,2014,Hexachlorobenzene,Hexachlorobenzene,Hexachlorobenzene,RF-0237-001-PPP,0.005,True
197547,613107CD2C82AFCE81836AC068FD2CA4,DE,DE,P1020010A,-1,T999A,K005A,RF-0237-001-PPP,8e-05,4.0,VAL,2014,Hexachlorobenzene,Hexachlorobenzene,Hexachlorobenzene,RF-0237-001-PPP,0.005,True
197548,F286DD06A5D24BBEA4C37CDE22F72D3E,DE,DE,P1020010A,-1,T999A,K005A,RF-0237-001-PPP,4e-05,4.0,VAL,2014,Hexachlorobenzene,Hexachlorobenzene,Hexachlorobenzene,RF-0237-001-PPP,0.005,True
197549,0AE80C7AE7B41408F713F33D1F3EE64B,DE,DE,P1020010A,-1,T999A,K005A,RF-0237-001-PPP,0.00012,4.0,VAL,2014,Hexachlorobenzene,Hexachlorobenzene,Hexachlorobenzene,RF-0237-001-PPP,0.005,True
197550,7E753B5895D90BD3033AF7C54C3A31D1,DE,DE,P1020010A,-1,T999A,K005A,RF-0237-001-PPP,4e-05,4.0,VAL,2014,Hexachlorobenzene,Hexachlorobenzene,Hexachlorobenzene,RF-0237-001-PPP,0.005,True
197551,0F3D1A5A1C0C12CA0CC366956367F42D,DE,DE,P1020010A,-1,T999A,K005A,RF-0237-001-PPP,8e-05,4.0,VAL,2014,Hexachlorobenzene,Hexachlorobenzene,Hexachlorobenzene,RF-0237-001-PPP,0.005,True
197552,72C38110DC3DE023D4B52A566020ADEB,DE,DE,P1020010A,-1,T999A,K005A,RF-0237-001-PPP,0.00012,4.0,VAL,2014,Hexachlorobenzene,Hexachlorobenzene,Hexachlorobenzene,RF-0237-001-PPP,0.005,True
197553,BB2E197414BBA38D83C2094A6683EB93,DE,DE,P1020010A,-1,T999A,K005A,RF-0237-001-PPP,8e-05,4.0,VAL,2014,Hexachlorobenzene,Hexachlorobenzene,Hexachlorobenzene,RF-0237-001-PPP,0.005,True
197554,EC995CB3772AAA43BC94CC888E77A424,DE,DE,P1020010A,-1,T999A,K005A,RF-0237-001-PPP,0.00012,4.0,VAL,2014,Hexachlorobenzene,Hexachlorobenzene,Hexachlorobenzene,RF-0237-001-PPP,0.005,True
197555,0E0481ED0CFE8CB12E3528F23255E130,DE,DE,P1020010A,-1,T999A,K005A,RF-0237-001-PPP,8e-05,4.0,VAL,2014,Hexachlorobenzene,Hexachlorobenzene,Hexachlorobenzene,RF-0237-001-PPP,0.005,True
197556,99A77A010747EE80122C3B0688E8196B,DE,DE,P1020010A,-1,T999A,K005A,RF-0237-001-PPP,4e-05,4.0,VAL,2014,Hexachlorobenzene,Hexachlorobenzene,Hexachlorobenzene,RF-0237-001-PPP,0.005,True
197557,29187BDE66B3E70AEBE278FD8C90311F,DE,DE,P1020010A,-1,T999A,K005A,RF-0237-001-PPP,0.000516,25.8,VAL,2014,Hexachlorobenzene,Hexachlorobenzene,Hexachlorobenzene,RF-0237-001-PPP,0.005,True
197559,D159B07FE0DE82BEF7D22C6832CF42EA,DE,DE,P1020010A,-1,T999A,K005A,RF-0237-001-PPP,0.000446,22.3,VAL,2014,Hexachlorobenzene,Hexachlorobenzene,Hexachlorobenzene,RF-0237-001-PPP,0.005,True
197560,268281576BB03D611600BC205F151583,DE,DE,P1020010A,-1,T999A,K005A,RF-0237-001-PPP,0.000432,21.6,VAL,2014,Hexachlorobenzene,Hexachlorobenzene,Hexachlorobenzene,RF-0237-001-PPP,0.005,True
197561,AB9F2F84242F81D05930315FEEF0DF00,DE,DE,P1020010A,-1,T999A,K005A,RF-0237-001-PPP,0.000506,25.3,VAL,2014,Hexachlorobenzene,Hexachlorobenzene,Hexachlorobenzene,RF-0237-001-PPP,0.005,True
197563,04CFDE8ABCB0FDB0BC6C84DD52AB1B89,DE,XX,P1020010A,-1,T999A,K005A,RF-0237-001-PPP,0.000496,24.8,VAL,2014,Hexachlorobenzene,Hexachlorobenzene,Hexachlorobenzene,RF-0237-001-PPP,0.005,True
197564,D9F6E1A365A35D90EF9884F26C26A3AB,DE,DE,P1020010A,-1,T999A,K005A,RF-0237-001-PPP,0.00053,26.5,VAL,2014,Hexachlorobenzene,Hexachlorobenzene,Hexachlorobenzene,RF-0237-001-PPP,0.005,True
197565,F7D6E46ADB34BF497B38350F8FE6C6B4,DE,DE,P1020010A,-1,T999A,K005A,RF-0237-001-PPP,0.000516,25.8,VAL,2014,Hexachlorobenzene,Hexachlorobenzene,Hexachlorobenzene,RF-0237-001-PPP,0.005,True
197567,5E5B44422DE2DD2A879C8E9B433C83A5,DE,DE,P1020010A,-1,T999A,K005A,RF-0237-001-PPP,0.000506,25.3,VAL,2014,Hexachlorobenzene,Hexachlorobenzene,Hexachlorobenzene,RF-0237-001-PPP,0.005,True
197568,431FC23AF2ABE62C63E02461B055D5F3,DE,AT,P1020010A,-1,T999A,K005A,RF-0237-001-PPP,0.000456,22.8,VAL,2014,Hexachlorobenzene,Hexachlorobenzene,Hexachlorobenzene,RF-0237-001-PPP,0.005,True
197569,976361FC92CD3A074D234949979264BD,DE,DE,P1020010A,-1,T999A,K005A,RF-0237-001-PPP,0.000238,23.8,VAL,2014,Hexachlorobenzene,Hexachlorobenzene,Hexachlorobenzene,RF-0237-001-PPP,0.005,True
197571,551E25DF7AB21B2F607CAD4F2E9F72F5,DE,DE,P1020010A,-1,T999A,K005A,RF-0237-001-PPP,0.000504,25.2,VAL,2014,Hexachlorobenzene,Hexachlorobenzene,Hexachlorobenzene,RF-0237-001-PPP,0.005,True
197573,3BE3F5EBF3D99A86679E388C616E586C,DE,DE,P1020010A,-1,T999A,K005A,RF-0237-001-PPP,0.000544,27.2,VAL,2014,Hexachlorobenzene,Hexachlorobenzene,Hexachlorobenzene,RF-0237-001-PPP,0.005,True
197574,3A8C3653D6C7E1D91FEB55AE67DEB6CC,DE,DE,P1020010A,-1,T999A,K005A,RF-0237-001-PPP,0.000292,14.6,VAL,2014,Hexachlorobenzene,Hexachlorobenzene,Hexachlorobenzene,RF-0237-001-PPP,0.005,True
197575,A5684DCA1FAFA93FCC4F5025E6E2A884,DE,DE,P1020010A,-1,T999A,K005A,RF-0237-001-PPP,0.000544,27.2,VAL,2014,Hexachlorobenzene,Hexachlorobenzene,Hexachlorobenzene,RF-0237-001-PPP,0.005,True
197576,6E1182F9CD8ECBDC226ECCC0323C7D96,DE,DE,P1020010A,-1,T999A,K005A,RF-0237-001-PPP,0.000504,25.2,VAL,2014,Hexachlorobenzene,Hexachlorobenzene,Hexachlorobenzene,RF-0237-001-PPP,0.005,True
197577,44E1EDB9B058F77C2E862A78CF7F20E8,DE,DE,P1020010A,-1,T999A,K005A,RF-0237-001-PPP,0.000506,25.3,VAL,2014,Hexachlorobenzene,Hexachlorobenzene,Hexachlorobenzene,RF-0237-001-PPP,0.005,True
197578,BE57617B1D0C7183029CBE6577A99B2D,DE,DE,P1020010A,-1,T999A,K005A,RF-0237-001-PPP,0.000518,25.9,VAL,2014,Hexachlorobenzene,Hexachlorobenzene,Hexachlorobenzene,RF-0237-001-PPP,0.005,True
197579,63B8EA6249226BEF0C3156301CC5B627,DE,DE,P1020010A,-1,T999A,K005A,RF-0237-001-PPP,0.00052,26.0,VAL,2014,Hexachlorobenzene,Hexachlorobenzene,Hexachlorobenzene,RF-0237-001-PPP,0.005,True
197582,73E7B842E71118896482983053B077E6,DE,DE,P1020010A,-1,T999A,K005A,RF-0237-001-PPP,0.000466,23.3,VAL,2014,Hexachlorobenzene,Hexachlorobenzene,Hexachlorobenzene,RF-0237-001-PPP,0.005,True
197583,62820144A203FC65815CBAF04E2CFEDD,DE,DE,P1020010A,-1,T999A,K005A,RF-0237-001-PPP,0.000528,26.4,VAL,2014,Hexachlorobenzene,Hexachlorobenzene,Hexachlorobenzene,RF-0237-001-PPP,0.005,True
197584,0782B6CA97E461130E03CFEFEC842F22,DE,DE,P1020010A,-1,T999A,K005A,RF-0237-001-PPP,0.0005,25.0,VAL,2014,Hexachlorobenzene,Hexachlorobenzene,Hexachlorobenzene,RF-0237-001-PPP,0.005,True
197585,501D81A11CC9C782D705AE0CF6B67E1D,DE,DE,P1020010A,-1,T999A,K005A,RF-0237-001-PPP,0.000512,25.6,VAL,2014,Hexachlorobenzene,Hexachlorobenzene,Hexachlorobenzene,RF-0237-001-PPP,0.005,True
197586,7058F634327AABF9034BF0C492302A43,DE,DE,P1020010A,-1,T999A,K005A,RF-0237-001-PPP,0.000508,25.4,VAL,2014,Hexachlorobenzene,Hexachlorobenzene,Hexachlorobenzene,RF-0237-001-PPP,0.005,True
197587,0FCD4AA6073182A71CF705E4A26BBF56,DE,DE,P1020010A,-1,T999A,K005A,RF-0237-001-PPP,0.000482,24.1,VAL,2014,Hexachlorobenzene,Hexachlorobenzene,Hexachlorobenzene,RF-0237-001-PPP,0.005,True
197588,E7973CFCCD051801EFB6DC7095C97BE7,DE,DE,P1020010A,-1,T999A,K005A,RF-0237-001-PPP,0.000478,23.9,VAL,2014,Hexachlorobenzene,Hexachlorobenzene,Hexachlorobenzene,RF-0237-001-PPP,0.005,True
197589,C69726382C1F1160562BC08268533E1B,DE,DE,P1020010A,-1,T999A,K005A,RF-0237-001-PPP,0.000476,23.8,VAL,2014,Hexachlorobenzene,Hexachlorobenzene,Hexachlorobenzene,RF-0237-001-PPP,0.005,True
197590,8A4AF562912EC338009B14DA9BA966D2,DE,DE,P1020010A,-1,T999A,K005A,RF-0237-001-PPP,0.000176,8.8,VAL,2014,Hexachlorobenzene,Hexachlorobenzene,Hexachlorobenzene,RF-0237-001-PPP,0.005,True
197591,AEE633C180A7B7417F82D92D1BAD3A10,DE,DE,P1020010A,-1,T999A,K005A,RF-0237-001-PPP,0.00055,27.5,VAL,2014,Hexachlorobenzene,Hexachlorobenzene,Hexachlorobenzene,RF-0237-001-PPP,0.005,True
197592,C0AF4DF3E7B3C71E78EF660F57D273C3,DE,DE,P1020010A,-1,T999A,K005A,RF-0237-001-PPP,0.000492,24.6,VAL,2014,Hexachlorobenzene,Hexachlorobenzene,Hexachlorobenzene,RF-0237-001-PPP,0.005,True
197593,A3C1D85A11C8530B7ECFC4365B8023E7,DE,DE,P1020010A,-1,T999A,K005A,RF-0237-001-PPP,0.000512,25.6,VAL,2014,Hexachlorobenzene,Hexachlorobenzene,Hexachlorobenzene,RF-0237-001-PPP,0.005,True
197594,C771CF075C0125AFAE4CDCF863C0A709,DE,DE,P1020010A,-1,T999A,K005A,RF-0237-001-PPP,0.000506,25.3,VAL,2014,Hexachlorobenzene,Hexachlorobenzene,Hexachlorobenzene,RF-0237-001-PPP,0.005,True
197596,10C4E7E21FF91484F3B0E6CEE939F055,DE,DE,P1020010A,-1,T999A,K005A,RF-0237-001-PPP,0.000576,28.8,VAL,2014,Hexachlorobenzene,Hexachlorobenzene,Hexachlorobenzene,RF-0237-001-PPP,0.005,True
197598,118BD8AAA22590346E5188A56D7460C5,DE,DE,P1020010A,-1,T999A,K005A,RF-0237-001-PPP,0.000506,25.3,VAL,2014,Hexachlorobenzene,Hexachlorobenzene,Hexachlorobenzene,RF-0237-001-PPP,0.005,True
197599,13A98294E24D52E74358018E10513AEA,DE,DE,P1020010A,-1,T999A,K005A,RF-0237-001-PPP,0.000508,25.4,VAL,2014,Hexachlorobenzene,Hexachlorobenzene,Hexachlorobenzene,RF-0237-001-PPP,0.005,True
197600,241D5E9C6B8C3E609E5B13508210342F,DE,DE,P1020010A,-1,T999A,K005A,RF-0237-001-PPP,0.000506,25.3,VAL,2014,Hexachlorobenzene,Hexachlorobenzene,Hexachlorobenzene,RF-0237-001-PPP,0.005,True
197601,A5CB3EEB8D65317452B29F35F1409451,DE,DE,P1020010A,-1,T999A,K005A,RF-0237-001-PPP,0.000492,24.6,VAL,2014,Hexachlorobenzene,Hexachlorobenzene,Hexachlorobenzene,RF-0237-001-PPP,0.005,True
197602,B220F4704A58182A96DB5C3A22814A26,DE,DE,P1020010A,-1,T999A,K005A,RF-0237-001-PPP,0.000199,19.9,VAL,2014,Hexachlorobenzene,Hexachlorobenzene,Hexachlorobenzene,RF-0237-001-PPP,0.005,True
197605,8BDA6AD47CE296D2915303D60B3A5064,DE,DE,P1020010A,-1,T999A,K005A,RF-0237-001-PPP,0.000178,8.9,VAL,2014,Hexachlorobenzene,Hexachlorobenzene,Hexachlorobenzene,RF-0237-001-PPP,0.005,True
197606,280980F0E15E4F169D625F1E689D05D5,DE,DE,P1020010A,-1,T999A,K005A,RF-0237-001-PPP,0.000753,25.1,VAL,2014,Hexachlorobenzene,Hexachlorobenzene,Hexachlorobenzene,RF-0237-001-PPP,0.005,True
197607,D779BD74514D41CCEB6116D66E04B3E0,DE,DE,P1020010A,-1,T999A,K005A,RF-0237-001-PPP,0.00012,4.0,VAL,2014,Hexachlorobenzene,Hexachlorobenzene,Hexachlorobenzene,RF-0237-001-PPP,0.005,True
197609,AB3E4BDE72D231CADAA5C7021F9CB2A2,DE,DE,P1020010A,-1,T999A,K005A,RF-0237-001-PPP,8e-05,4.0,VAL,2014,Hexachlorobenzene,Hexachlorobenzene,Hexachlorobenzene,RF-0237-001-PPP,0.005,True
198213,6C0D5C2390EB81062D35BB0562AB44C4,DE,DE,P1020010A,-1,T999A,K005A,RF-0263-001-PPP,0.0001,3.8,VAL,2014,Lindane,Lindane,Lindane (Gamma-isomer of hexachlorocyclohexane (HCH)),RF-0263-001-PPP,0.01,True
198214,2A1D0FC5085B211EB92B2FA9D9ADF082,DE,DE,P1020010A,-1,T999A,K005A,RF-0263-001-PPP,0.0001,1.5,VAL,2014,Lindane,Lindane,Lindane (Gamma-isomer of hexachlorocyclohexane (HCH)),RF-0263-001-PPP,0.01,True
198216,71DA2A57B4E2F9C686A7248002250280,DE,DE,P1020010A,-1,T999A,K005A,RF-0263-001-PPP,0.0001,3.8,VAL,2014,Lindane,Lindane,Lindane (Gamma-isomer of hexachlorocyclohexane (HCH)),RF-0263-001-PPP,0.01,True
198217,69EF3976EEFD18B2E3E44AC30D4C71DB,DE,DE,P1020010A,-1,T999A,K005A,RF-0263-001-PPP,0.0001,1.5,VAL,2014,Lindane,Lindane,Lindane (Gamma-isomer of hexachlorocyclohexane (HCH)),RF-0263-001-PPP,0.01,True
198222,DB37EAFB4A32BA3493EABD2339BC255D,DE,AT,P1020010A,-1,T999A,K005A,RF-0263-001-PPP,0.0001,3.8,VAL,2014,Lindane,Lindane,Lindane (Gamma-isomer of hexachlorocyclohexane (HCH)),RF-0263-001-PPP,0.01,True
198381,82EE18896EACDF2F4C765F054D427FAF,DE,DE,P1020010A,-1,T999A,K005A,RF-0277-001-PPP,0.0017,56.0,VAL,2014,Mercury compounds,Mercury compounds,Mercury compounds (sum of mercury compounds expressed as mercury),RF-0277-001-PPP,0.01,True
200509,1A39F4B392BF61797CBF3F622B336F28,DE,DE,P1020010A,-1,T999A,K005A,RF-0842-001-PPP,0.00152,4.0,VAL,2014,Permethrin (sum),Permethrin (sum),Permethrin (sum of isomers),RF-0842-001-PPP,0.0,True
200542,7B871E13C53512E6193EC97A7FE87A14,DE,DE,P1020010A,-1,T999A,K005A,RF-0842-001-PPP,0.00056,4.0,VAL,2014,Permethrin (sum),Permethrin (sum),Permethrin (sum of isomers),RF-0842-001-PPP,0.0,True
200658,C68894362689867BDF50C2584274BC01,DE,DE,P1020010A,-1,T999A,K005A,RF-0842-001-PPP,0.00112,4.0,VAL,2014,Permethrin (sum),Permethrin (sum),Permethrin (sum of isomers),RF-0842-001-PPP,0.0,True
201042,C9D161747AB63D7F9CB6BDBA46F85F18,DE,DE,P1020010A,-1,T999A,K005A,RF-1078-002-PPP,29.8,-1.0,VAL,2014,DDAC (mix),DDAC (mix),"Didecyldimethylammonium chloride (mixture of alkyl-quaternary ammonium salts with alkyl chain lengths of C8, C10 and C12)",RF-1078-002-PPP,0.1,True
201043,0ADA2CE05BD33EB3271748FF8CDE2887,DE,DE,P1020010A,-1,T999A,K005A,RF-1078-002-PPP,1.8,-1.0,VAL,2014,DDAC (mix),DDAC (mix),"Didecyldimethylammonium chloride (mixture of alkyl-quaternary ammonium salts with alkyl chain lengths of C8, C10 and C12)",RF-1078-002-PPP,0.1,True
201061,F25715AD0DB32AB76402D75D94A7FBBD,DE,DE,P1020010A,-1,T999A,K005A,RF-1078-002-PPP,21.8,-1.0,VAL,2014,DDAC (mix),DDAC (mix),"Didecyldimethylammonium chloride (mixture of alkyl-quaternary ammonium salts with alkyl chain lengths of C8, C10 and C12)",RF-1078-002-PPP,0.1,True
201062,6758E60B1A3149E3EE46F20FE3C70555,DE,DE,P1020010A,-1,T999A,K005A,RF-1078-002-PPP,0.81,-1.0,VAL,2014,DDAC (mix),DDAC (mix),"Didecyldimethylammonium chloride (mixture of alkyl-quaternary ammonium salts with alkyl chain lengths of C8, C10 and C12)",RF-1078-002-PPP,0.1,True
201064,016124A9D7E856F5ADC41D61514CF077,DE,DE,P1020010A,-1,T999A,K005A,RF-1078-002-PPP,0.66,-1.0,VAL,2014,DDAC (mix),DDAC (mix),"Didecyldimethylammonium chloride (mixture of alkyl-quaternary ammonium salts with alkyl chain lengths of C8, C10 and C12)",RF-1078-002-PPP,0.1,True
201065,4350A8AB6F3A2942623A700C4CB191F8,DE,DE,P1020010A,-1,T999A,K005A,RF-1078-002-PPP,4.82,-1.0,VAL,2014,DDAC (mix),DDAC (mix),"Didecyldimethylammonium chloride (mixture of alkyl-quaternary ammonium salts with alkyl chain lengths of C8, C10 and C12)",RF-1078-002-PPP,0.1,True
201069,B6A7636A165C810D4EDC7F7365D560C0,DE,DE,P1020010A,-1,T999A,K005A,RF-1078-002-PPP,1.46,-1.0,VAL,2014,DDAC (mix),DDAC (mix),"Didecyldimethylammonium chloride (mixture of alkyl-quaternary ammonium salts with alkyl chain lengths of C8, C10 and C12)",RF-1078-002-PPP,0.1,True
201070,90C244526E76FB718502A602511752EE,DE,DE,P1020010A,-1,T999A,K005A,RF-1078-002-PPP,0.53,-1.0,VAL,2014,DDAC (mix),DDAC (mix),"Didecyldimethylammonium chloride (mixture of alkyl-quaternary ammonium salts with alkyl chain lengths of C8, C10 and C12)",RF-1078-002-PPP,0.1,True
201071,F1F5FF9EF9C6DFC08C34E32737D8F121,DE,DE,P1020010A,-1,T999A,K005A,RF-1078-002-PPP,0.18,-1.0,VAL,2014,DDAC (mix),DDAC (mix),"Didecyldimethylammonium chloride (mixture of alkyl-quaternary ammonium salts with alkyl chain lengths of C8, C10 and C12)",RF-1078-002-PPP,0.1,True
201085,84E1633D9277884A87F8E11AECBE766F,DE,DE,P1020010A,-1,T999A,K005A,RF-1078-002-PPP,9.31,-1.0,VAL,2014,DDAC (mix),DDAC (mix),"Didecyldimethylammonium chloride (mixture of alkyl-quaternary ammonium salts with alkyl chain lengths of C8, C10 and C12)",RF-1078-002-PPP,0.1,True
201091,8329B0158FB9A9E7F9E936B120409EAF,DE,DE,P1020010A,-1,T999A,K005A,RF-1078-002-PPP,1.43,-1.0,VAL,2014,DDAC (mix),DDAC (mix),"Didecyldimethylammonium chloride (mixture of alkyl-quaternary ammonium salts with alkyl chain lengths of C8, C10 and C12)",RF-1078-002-PPP,0.1,True
201108,DAD17D5E1E2AB0B0050C3C3196E5C51F,DE,DE,P1020010A,-1,T999A,K005A,RF-1078-007-PPP,0.87,-1.0,VAL,2014,BAC 18,BAC 18,BAC 18,RF-1078-007-PPP,0.1,True
201125,7A7CB68AB33580E94D3E6013EDF4638D,DE,DE,P1020010A,-1,T999A,K005A,RF-1078-007-PPP,0.068,-1.0,VAL,2014,BAC 18,BAC 18,BAC 18,RF-1078-007-PPP,0.1,True
231145,73D00EBAF9AC7A2D3050C0717E052CCB,RO,RO,P1020010A,-1,T999A,K018A,RF-0021-001-PPP,0.0027,4.0,VAL,2014,Dieldrin (sum),Dieldrin (sum),Aldrin and Dieldrin (Aldrin and dieldrin combined expressed as dieldrin),RF-0021-001-PPP,0.006,True
231255,EBCAA44A5560D79B4822A2268B524C98,RO,RO,P1020010A,-1,T999A,K018A,RF-0119-001-PPP,0.0008,3.95,VAL,2014,DDT (sum),DDT (sum),"DDT (sum of p,p'-DDT, o,p'-DDT, p-p'-DDE and p,p'-TDE (DDD) expressed as DDT)",RF-0119-001-PPP,0.04,True
231256,73D00EBAF9AC7A2D3050C0717E052CCB,RO,RO,P1020010A,-1,T999A,K018A,RF-0119-001-PPP,0.0022,4.0,VAL,2014,DDT (sum),DDT (sum),"DDT (sum of p,p'-DDT, o,p'-DDT, p-p'-DDE and p,p'-TDE (DDD) expressed as DDT)",RF-0119-001-PPP,0.04,True
231264,12DA6E22E6EEBC8BE7832D6B9F3592E4,RO,RO,P1020010A,-1,T999A,K018A,RF-0119-001-PPP,0.0005,4.02,VAL,2014,DDT (sum),DDT (sum),"DDT (sum of p,p'-DDT, o,p'-DDT, p-p'-DDE and p,p'-TDE (DDD) expressed as DDT)",RF-0119-001-PPP,0.04,True
231417,73D00EBAF9AC7A2D3050C0717E052CCB,RO,RO,P1020010A,-1,T999A,K018A,RF-0236-006-PPP,0.001,4.0,VAL,2014,Heptachlor (sum of isomers),Heptachlor (sum of isomers),Heptachlor (sum of heptachlor and the cis and trans isomers of heptachlor epoxide),RF-0236-006-PPP,0.004,True
231435,12DA6E22E6EEBC8BE7832D6B9F3592E4,RO,RO,P1020010A,-1,T999A,K018A,RF-0237-001-PPP,0.0004,4.02,VAL,2014,Hexachlorobenzene,Hexachlorobenzene,Hexachlorobenzene,RF-0237-001-PPP,0.005,True
231437,B83DEA8F6D14AEBCCEC35B5365DD6256,RO,RO,P1020010A,-1,T999A,K018A,RF-0238-001-PPP,0.0006,4.0,VAL,2014,HCH-alpha,HCH-alpha,"Hexachlorocyclohexane (HCH), alpha-isomer",RF-0238-001-PPP,0.01,True
231438,EBCAA44A5560D79B4822A2268B524C98,RO,RO,P1020010A,-1,T999A,K018A,RF-0238-001-PPP,0.0006,3.95,VAL,2014,HCH-alpha,HCH-alpha,"Hexachlorocyclohexane (HCH), alpha-isomer",RF-0238-001-PPP,0.01,True
231439,73D00EBAF9AC7A2D3050C0717E052CCB,RO,RO,P1020010A,-1,T999A,K018A,RF-0238-001-PPP,0.0016,4.0,VAL,2014,HCH-alpha,HCH-alpha,"Hexachlorocyclohexane (HCH), alpha-isomer",RF-0238-001-PPP,0.01,True
234786,E9631CE7227304D6D7C210174DFF606A,BE,BE,P1020010A,-1,T999A,K005A,RF-0021-001-PPP,0.0004536,4.0,VAL,2014,Dieldrin (sum),Dieldrin (sum),Aldrin and Dieldrin (Aldrin and dieldrin combined expressed as dieldrin),RF-0021-001-PPP,0.006,True
234817,03A650AC0548B3685D996ECCACAE24CF,BE,BE,P1020010A,-1,T999A,K005A,RF-0021-001-PPP,0.0018188,4.0,VAL,2014,Dieldrin (sum),Dieldrin (sum),Aldrin and Dieldrin (Aldrin and dieldrin combined expressed as dieldrin),RF-0021-001-PPP,0.006,True
234886,E9631CE7227304D6D7C210174DFF606A,BE,BE,P1020010A,-1,T999A,K005A,RF-0021-003-PPP,0.0004536,4.0,VAL,2014,Dieldrin (sum),Dieldrin (sum),Dieldrin,RF-0021-003-PPP,0.006,True
234914,03A650AC0548B3685D996ECCACAE24CF,BE,BE,P1020010A,-1,T999A,K005A,RF-0021-003-PPP,0.0018188,4.0,VAL,2014,Dieldrin (sum),Dieldrin (sum),Dieldrin,RF-0021-003-PPP,0.006,True
235280,E9631CE7227304D6D7C210174DFF606A,BE,BE,P1020010A,-1,T999A,K005A,RF-0119-001-PPP,0.0012324,4.0,VAL,2014,DDT (sum),DDT (sum),"DDT (sum of p,p'-DDT, o,p'-DDT, p-p'-DDE and p,p'-TDE (DDD) expressed as DDT)",RF-0119-001-PPP,0.04,True
235305,BBA8D7CBE448CA6FDB26114A4ED30F11,BE,XX,P1020010A,-1,T999A,K005A,RF-0119-001-PPP,0.000452,4.0,VAL,2014,DDT (sum),DDT (sum),"DDT (sum of p,p'-DDT, o,p'-DDT, p-p'-DDE and p,p'-TDE (DDD) expressed as DDT)",RF-0119-001-PPP,0.04,True
235321,BAA10798ACBE8396CDF67363464ACBF0,BE,XX,P1020010A,-1,T999A,K005A,RF-0119-002-PPP,0.0004056,4.0,VAL,2014,DDT (sum),"DDE, p,p-","DDE, p,p-",RF-0119-002-PPP,0.04,True
235356,BBA8D7CBE448CA6FDB26114A4ED30F11,BE,XX,P1020010A,-1,T999A,K005A,RF-0119-002-PPP,0.000452,4.0,VAL,2014,DDT (sum),"DDE, p,p-","DDE, p,p-",RF-0119-002-PPP,0.04,True
235379,E9631CE7227304D6D7C210174DFF606A,BE,BE,P1020010A,-1,T999A,K005A,RF-0119-003-PPP,0.0008376,4.0,VAL,2014,DDT (sum),"DDT, o,p-","DDT, o,p-",RF-0119-003-PPP,0.04,True
235627,E9631CE7227304D6D7C210174DFF606A,BE,BE,P1020010A,-1,T999A,K005A,RF-0155-001-PPP,0.0004124,4.0,VAL,2014,Endosulfan (sum),Endosulfan (sum),Endosulfan (sum of alpha- and beta-isomers and endosulfan-sulphate expresses as endosulfan),RF-0155-001-PPP,0.05,True
235722,E9631CE7227304D6D7C210174DFF606A,BE,BE,P1020010A,-1,T999A,K005A,RF-0155-003-PPP,0.0004124,4.0,VAL,2014,Endosulfan (sum),"Endosulfan, beta-","Endosulfan, beta-",RF-0155-003-PPP,0.05,True
235765,BAA10798ACBE8396CDF67363464ACBF0,BE,XX,P1020010A,-1,T999A,K005A,RF-0155-004-PPP,0.0007208,4.0,VAL,2014,Endosulfan (sum),"Endosulfan, alpha-","Endosulfan, alpha-",RF-0155-004-PPP,0.05,True
236108,BAA10798ACBE8396CDF67363464ACBF0,BE,XX,P1020010A,-1,T999A,K005A,RF-0237-001-PPP,0.001326,4.0,VAL,2014,Hexachlorobenzene,Hexachlorobenzene,Hexachlorobenzene,RF-0237-001-PPP,0.005,True
236138,BBA8D7CBE448CA6FDB26114A4ED30F11,BE,XX,P1020010A,-1,T999A,K005A,RF-0237-001-PPP,0.000472,4.0,VAL,2014,Hexachlorobenzene,Hexachlorobenzene,Hexachlorobenzene,RF-0237-001-PPP,0.005,True
236204,BAA10798ACBE8396CDF67363464ACBF0,BE,XX,P1020010A,-1,T999A,K005A,RF-0239-002-PPP,0.0004908,4.0,VAL,2014,HCH-beta,HCH-beta,"Hexachlorocyclohexane (HCH), beta-isomer",RF-0239-002-PPP,0.01,True
236208,E18AC9D3D2D56AC2B71CE61CDBAED636,BE,BE,P1020010A,-1,T999A,K005A,RF-0239-002-PPP,0.0004172,4.0,VAL,2014,HCH-beta,HCH-beta,"Hexachlorocyclohexane (HCH), beta-isomer",RF-0239-002-PPP,0.01,True
236212,38F015C2AF780AF478BBF2369A8FE586,BE,BE,P1020010A,-1,T999A,K005A,RF-0239-002-PPP,0.0004036,4.0,VAL,2014,HCH-beta,HCH-beta,"Hexachlorocyclohexane (HCH), beta-isomer",RF-0239-002-PPP,0.01,True
236215,E9631CE7227304D6D7C210174DFF606A,BE,BE,P1020010A,-1,T999A,K005A,RF-0239-002-PPP,0.0004116,4.0,VAL,2014,HCH-beta,HCH-beta,"Hexachlorocyclohexane (HCH), beta-isomer",RF-0239-002-PPP,0.01,True
236232,D774BC78D032D323C2CF4055B6F76531,BE,BE,P1020010A,-1,T999A,K005A,RF-0239-002-PPP,0.0014708,4.0,VAL,2014,HCH-beta,HCH-beta,"Hexachlorocyclohexane (HCH), beta-isomer",RF-0239-002-PPP,0.01,True
239086,28AEC0067E88198D293F1325A8C45FC6,HU,SK,P1020010A,-1,T150A,K018A,RF-0171-001-PPP,0.0087,-1.0,LOQ,2014,Famoxadone,Famoxadone,Famoxadone,RF-0171-001-PPP,0.03,True
257604,F265868A93A7A4E98F52F43B7E8E9100,AT,AT,P1020010A,-1,T150A,K005A,RF-0237-001-PPP,0.0275,-1.0,VAL,2015,Hexachlorobenzene,Hexachlorobenzene,Hexachlorobenzene,RF-0237-001-PPP,0.005,True
257605,4027110586062E5E910848C8AD2D04CD,AT,AT,P1020010A,-1,T150A,K005A,RF-0237-001-PPP,0.012,-1.0,VAL,2015,Hexachlorobenzene,Hexachlorobenzene,Hexachlorobenzene,RF-0237-001-PPP,0.005,True
257606,64385ACBD3D0487CE34BEF5958E6ACEB,AT,AT,P1020010A,-1,T150A,K005A,RF-0237-001-PPP,0.0235,-1.0,VAL,2015,Hexachlorobenzene,Hexachlorobenzene,Hexachlorobenzene,RF-0237-001-PPP,0.005,True
257607,A91932D10187CA1FCF14C890E9D2588D,AT,AT,P1020010A,-1,T150A,K005A,RF-0237-001-PPP,0.006,-1.0,VAL,2015,Hexachlorobenzene,Hexachlorobenzene,Hexachlorobenzene,RF-0237-001-PPP,0.005,True
257608,4EC40A573FFA5035657B7FFD324DA624,AT,AT,P1020010A,-1,T150A,K005A,RF-0237-001-PPP,0.014,-1.0,VAL,2015,Hexachlorobenzene,Hexachlorobenzene,Hexachlorobenzene,RF-0237-001-PPP,0.005,True
259054,F8E3BCC72CBDC5DB4BADC373B657D0AD,AT,AT,P1020010A,-1,T150A,K005A,RF-0237-001-PPP,0.009,-1.0,VAL,2015,Hexachlorobenzene,Hexachlorobenzene,Hexachlorobenzene,RF-0237-001-PPP,0.005,True
259055,DB53D3486B0BDDE62EE7E3B3212DF519,AT,AT,P1020010A,-1,T150A,K005A,RF-0237-001-PPP,0.019,-1.0,VAL,2015,Hexachlorobenzene,Hexachlorobenzene,Hexachlorobenzene,RF-0237-001-PPP,0.005,True
260318,C72CB51F7761EA51DA28F3D454E26F59,CY,CY,P1020010A,A.01.000950,T999A,K005A,RF-0119-001-PPP,0.0038,4.08,VAL,2015,DDT (sum),DDT (sum),"DDT (sum of p,p'-DDT, o,p'-DDT, p-p'-DDE and p,p'-TDE (DDD) expressed as DDT)",RF-0119-001-PPP,0.04,True
260319,C72CB51F7761EA51DA28F3D454E26F59,CY,CY,P1020010A,A.01.000950,T999A,K005A,RF-0119-002-PPP,0.00345,4.08,VAL,2015,DDT (sum),"DDE, p,p-","DDE, p,p-",RF-0119-002-PPP,0.04,True
261709,E5498B462E0691BAD5E7699937F59890,DE,DE,P1020010A,-1,T999A,K005A,RF-0119-001-PPP,0.001,4.2,VAL,2015,DDT (sum),DDT (sum),"DDT (sum of p,p'-DDT, o,p'-DDT, p-p'-DDE and p,p'-TDE (DDD) expressed as DDT)",RF-0119-001-PPP,0.04,True
261808,6ABCD59EF88295A4F5C54196033328C6,DE,DE,P1020010A,-1,T999A,K005A,RF-00002582-PAR,0.612,-1.0,VAL,2015,Benzalkonium chloride,Benzalkonium chloride,Benzalkonium chloride (BAC),RF-00002582-PAR,0.1,True
261977,4E6EEB58603A5AE0708545298D8D02FB,DE,DE,P1020010A,-1,T999A,K005A,RF-0237-001-PPP,8e-05,4.0,VAL,2015,Hexachlorobenzene,Hexachlorobenzene,Hexachlorobenzene,RF-0237-001-PPP,0.005,True
262003,262A86AC30358FE567D16B58DE7BA506,DE,DE,P1020010A,-1,T999A,K005A,RF-0237-001-PPP,0.0005,28.4,VAL,2015,Hexachlorobenzene,Hexachlorobenzene,Hexachlorobenzene,RF-0237-001-PPP,0.005,True
262030,20109291FD8DCD7A0F3EE0A844EABAC7,DE,DE,P1020010A,-1,T999A,K005A,RF-0237-001-PPP,0.00016,4.0,VAL,2015,Hexachlorobenzene,Hexachlorobenzene,Hexachlorobenzene,RF-0237-001-PPP,0.005,True
262095,F3D9702C0F8707D5F660CCDC4E1F2BD1,DE,DE,P1020010A,-1,T999A,K005A,RF-0119-001-PPP,0.00028,4.0,VAL,2015,DDT (sum),DDT (sum),"DDT (sum of p,p'-DDT, o,p'-DDT, p-p'-DDE and p,p'-TDE (DDD) expressed as DDT)",RF-0119-001-PPP,0.04,True
262122,55E9C3D13EFB161413C4FDBB5CBB6DF8,DE,DE,P1020010A,-1,T999A,K005A,RF-0237-001-PPP,8e-05,4.0,VAL,2015,Hexachlorobenzene,Hexachlorobenzene,Hexachlorobenzene,RF-0237-001-PPP,0.005,True
262177,0FD42DC0BB88A091A47F99F800B81A59,DE,DE,P1020010A,-1,T999A,K005A,RF-0102-001-PPP,0.069,-1.0,VAL,2015,Copper compounds,Copper compounds,Copper compounds (copper),RF-0102-001-PPP,2.0,True
262186,9A07729E434B9E0E7B20CD304772BA05,DE,DE,P1020010A,-1,T999A,K005A,RF-0237-001-PPP,8e-05,4.0,VAL,2015,Hexachlorobenzene,Hexachlorobenzene,Hexachlorobenzene,RF-0237-001-PPP,0.005,True
262211,E3EC5DC00E39BF4339B0FA9639341937,DE,DE,P1020010A,-1,T999A,K005A,RF-0237-001-PPP,8e-05,4.0,VAL,2015,Hexachlorobenzene,Hexachlorobenzene,Hexachlorobenzene,RF-0237-001-PPP,0.005,True
262237,B8361F3907ABFAC79671C0C681D5C931,DE,DE,P1020010A,-1,T999A,K005A,RF-0237-001-PPP,8e-05,4.0,VAL,2015,Hexachlorobenzene,Hexachlorobenzene,Hexachlorobenzene,RF-0237-001-PPP,0.005,True
262344,083DCDF39FCB01153F684E2C75508E96,DE,DE,P1020010A,-1,T999A,K005A,RF-0119-001-PPP,8e-05,4.0,VAL,2015,DDT (sum),DDT (sum),"DDT (sum of p,p'-DDT, o,p'-DDT, p-p'-DDE and p,p'-TDE (DDD) expressed as DDT)",RF-0119-001-PPP,0.04,True
262349,462EAF499993753BD31616790454CE34,DE,DE,P1020010A,-1,T999A,K005A,RF-0102-001-PPP,0.103,-1.0,VAL,2015,Copper compounds,Copper compounds,Copper compounds (copper),RF-0102-001-PPP,2.0,True
262432,F5C68F06EA80338CD7FED6304A82D0BA,DE,DE,P1020010A,-1,T999A,K005A,RF-0237-001-PPP,4e-05,4.0,VAL,2015,Hexachlorobenzene,Hexachlorobenzene,Hexachlorobenzene,RF-0237-001-PPP,0.005,True
262466,FA9137C798B0507C1D42B608B2BC5DB2,DE,DE,P1020010A,-1,T999A,K005A,RF-0237-001-PPP,8e-05,4.0,VAL,2015,Hexachlorobenzene,Hexachlorobenzene,Hexachlorobenzene,RF-0237-001-PPP,0.005,True
262504,95678BA9C262B039B1E9FDE414C018E2,DE,DE,P1020010A,-1,T999A,K005A,RF-0119-001-PPP,0.00028,-1.0,VAL,2015,DDT (sum),DDT (sum),"DDT (sum of p,p'-DDT, o,p'-DDT, p-p'-DDE and p,p'-TDE (DDD) expressed as DDT)",RF-0119-001-PPP,0.04,True
262635,CD36132F48C81C68103DB8AEE67EF938,DE,DE,P1020010A,-1,T999A,K005A,RF-0119-001-PPP,0.0001,3.0,VAL,2015,DDT (sum),DDT (sum),"DDT (sum of p,p'-DDT, o,p'-DDT, p-p'-DDE and p,p'-TDE (DDD) expressed as DDT)",RF-0119-001-PPP,0.04,True
262638,262A86AC30358FE567D16B58DE7BA506,DE,DE,P1020010A,-1,T999A,K005A,RF-0119-001-PPP,0.0012,28.4,VAL,2015,DDT (sum),DDT (sum),"DDT (sum of p,p'-DDT, o,p'-DDT, p-p'-DDE and p,p'-TDE (DDD) expressed as DDT)",RF-0119-001-PPP,0.04,True
262713,083DCDF39FCB01153F684E2C75508E96,DE,DE,P1020010A,-1,T999A,K005A,RF-0237-001-PPP,0.00012,4.0,VAL,2015,Hexachlorobenzene,Hexachlorobenzene,Hexachlorobenzene,RF-0237-001-PPP,0.005,True
262776,B710ADD367587DDE0F154803AAF324E7,DE,DE,P1020010A,-1,T999A,K005A,RF-0119-001-PPP,0.00028,4.0,VAL,2015,DDT (sum),DDT (sum),"DDT (sum of p,p'-DDT, o,p'-DDT, p-p'-DDE and p,p'-TDE (DDD) expressed as DDT)",RF-0119-001-PPP,0.04,True
262780,F24FEB7B9E691B72D436173385F4F2CA,DE,DE,P1020010A,-1,T999A,K005A,RF-0119-001-PPP,0.00019,3.7,VAL,2015,DDT (sum),DDT (sum),"DDT (sum of p,p'-DDT, o,p'-DDT, p-p'-DDE and p,p'-TDE (DDD) expressed as DDT)",RF-0119-001-PPP,0.04,True
262905,4922AD9F19AE2FD35344C5D48683A39E,DE,DE,P1020010A,-1,T999A,K005A,RF-0119-001-PPP,8e-05,4.0,VAL,2015,DDT (sum),DDT (sum),"DDT (sum of p,p'-DDT, o,p'-DDT, p-p'-DDE and p,p'-TDE (DDD) expressed as DDT)",RF-0119-001-PPP,0.04,True
262977,82B19F16BD6AEEAA7F1F01570C6A0B82,DE,DE,P1020010A,-1,T999A,K005A,RF-0119-001-PPP,8e-05,-1.0,VAL,2015,DDT (sum),DDT (sum),"DDT (sum of p,p'-DDT, o,p'-DDT, p-p'-DDE and p,p'-TDE (DDD) expressed as DDT)",RF-0119-001-PPP,0.04,True
263143,CC5C926C3943C3DFD14B503BCC38D07C,DE,DE,P1020010A,-1,T999A,K005A,RF-0237-001-PPP,4e-05,4.0,VAL,2015,Hexachlorobenzene,Hexachlorobenzene,Hexachlorobenzene,RF-0237-001-PPP,0.005,True
263146,40A3788F52465890D105AF75D3ADAC4B,DE,DE,P1020010A,-1,T999A,K005A,RF-0237-001-PPP,8e-05,4.0,VAL,2015,Hexachlorobenzene,Hexachlorobenzene,Hexachlorobenzene,RF-0237-001-PPP,0.005,True
263294,9E81AB52E162E888835A41A3D7BD31E9,DE,DE,P1020010A,-1,T999A,K005A,RF-0237-001-PPP,8e-05,4.0,VAL,2015,Hexachlorobenzene,Hexachlorobenzene,Hexachlorobenzene,RF-0237-001-PPP,0.005,True
263341,FA9137C798B0507C1D42B608B2BC5DB2,DE,DE,P1020010A,-1,T999A,K005A,RF-0119-001-PPP,8e-05,4.0,VAL,2015,DDT (sum),DDT (sum),"DDT (sum of p,p'-DDT, o,p'-DDT, p-p'-DDE and p,p'-TDE (DDD) expressed as DDT)",RF-0119-001-PPP,0.04,True
263379,9F59902A4607FA4D810CF441CBE13D81,DE,DE,P1020010A,-1,T999A,K005A,RF-0237-001-PPP,8e-05,4.0,VAL,2015,Hexachlorobenzene,Hexachlorobenzene,Hexachlorobenzene,RF-0237-001-PPP,0.005,True
263433,DAFF8F133D999D500E3D0716F9D229C8,DE,DE,P1020010A,-1,T999A,K005A,RF-0119-001-PPP,0.00024,-1.0,VAL,2015,DDT (sum),DDT (sum),"DDT (sum of p,p'-DDT, o,p'-DDT, p-p'-DDE and p,p'-TDE (DDD) expressed as DDT)",RF-0119-001-PPP,0.04,True
263439,D22C32BA6A43391837627F2E6AB878E9,DE,DE,P1020010A,-1,T999A,K005A,RF-0119-001-PPP,8e-05,-1.0,VAL,2015,DDT (sum),DDT (sum),"DDT (sum of p,p'-DDT, o,p'-DDT, p-p'-DDE and p,p'-TDE (DDD) expressed as DDT)",RF-0119-001-PPP,0.04,True
263594,4E6FF5B2303285135E0A75F5ADD501F6,DE,DE,P1020010A,-1,T999A,K005A,RF-0237-001-PPP,8e-05,4.0,VAL,2015,Hexachlorobenzene,Hexachlorobenzene,Hexachlorobenzene,RF-0237-001-PPP,0.005,True
263598,3A1C1A2A7F519C69E63802BC8B55D598,DE,DE,P1020010A,-1,T999A,K005A,RF-0119-001-PPP,0.000156,4.2,VAL,2015,DDT (sum),DDT (sum),"DDT (sum of p,p'-DDT, o,p'-DDT, p-p'-DDE and p,p'-TDE (DDD) expressed as DDT)",RF-0119-001-PPP,0.04,True
263677,D22C32BA6A43391837627F2E6AB878E9,DE,DE,P1020010A,-1,T999A,K005A,RF-0237-001-PPP,8e-05,4.0,VAL,2015,Hexachlorobenzene,Hexachlorobenzene,Hexachlorobenzene,RF-0237-001-PPP,0.005,True
263755,430370C816C1D49187ABECC2E413ABD5,DE,DE,P1020010A,-1,T999A,K005A,RF-0237-001-PPP,8e-05,4.0,VAL,2015,Hexachlorobenzene,Hexachlorobenzene,Hexachlorobenzene,RF-0237-001-PPP,0.005,True
263845,9CB6696B7E93B0A676D6A5256B5346E7,DE,DE,P1020010A,-1,T999A,K005A,RF-0119-001-PPP,0.000234,3.6,VAL,2015,DDT (sum),DDT (sum),"DDT (sum of p,p'-DDT, o,p'-DDT, p-p'-DDE and p,p'-TDE (DDD) expressed as DDT)",RF-0119-001-PPP,0.04,True
263883,7AFC526EC26DDAAF2EF573E60D888768,DE,DE,P1020010A,-1,T999A,K005A,RF-0237-001-PPP,8e-05,4.0,VAL,2015,Hexachlorobenzene,Hexachlorobenzene,Hexachlorobenzene,RF-0237-001-PPP,0.005,True
263895,B8361F3907ABFAC79671C0C681D5C931,DE,DE,P1020010A,-1,T999A,K005A,RF-0119-001-PPP,0.00016,-1.0,VAL,2015,DDT (sum),DDT (sum),"DDT (sum of p,p'-DDT, o,p'-DDT, p-p'-DDE and p,p'-TDE (DDD) expressed as DDT)",RF-0119-001-PPP,0.04,True
263924,0953FED549002D699314755BF5DD7E78,DE,DE,P1020010A,-1,T999A,K005A,RF-0237-001-PPP,0.00016,4.0,VAL,2015,Hexachlorobenzene,Hexachlorobenzene,Hexachlorobenzene,RF-0237-001-PPP,0.005,True
263984,6939C5A08D8AEC8D7E0D89CA31FD6775,DE,DE,P1020010A,-1,T999A,K005A,RF-0237-001-PPP,8e-05,4.0,VAL,2015,Hexachlorobenzene,Hexachlorobenzene,Hexachlorobenzene,RF-0237-001-PPP,0.005,True
264031,391D6154937EECE9E4813471A58DE953,DE,DE,P1020010A,-1,T999A,K005A,RF-0237-001-PPP,8e-05,4.0,VAL,2015,Hexachlorobenzene,Hexachlorobenzene,Hexachlorobenzene,RF-0237-001-PPP,0.005,True
264041,7E64FFF08DB18A3FB17BE82733CF7E33,DE,DE,P1020010A,-1,T999A,K005A,RF-0237-001-PPP,8e-05,4.0,VAL,2015,Hexachlorobenzene,Hexachlorobenzene,Hexachlorobenzene,RF-0237-001-PPP,0.005,True
264048,7E64FFF08DB18A3FB17BE82733CF7E33,DE,DE,P1020010A,-1,T999A,K005A,RF-0119-001-PPP,8e-05,4.0,VAL,2015,DDT (sum),DDT (sum),"DDT (sum of p,p'-DDT, o,p'-DDT, p-p'-DDE and p,p'-TDE (DDD) expressed as DDT)",RF-0119-001-PPP,0.04,True
264172,F38E7F284E7147528731F6E24BBA5BDA,DE,DE,P1020010A,-1,T999A,K005A,RF-0237-001-PPP,8e-05,4.0,VAL,2015,Hexachlorobenzene,Hexachlorobenzene,Hexachlorobenzene,RF-0237-001-PPP,0.005,True
264201,4922AD9F19AE2FD35344C5D48683A39E,DE,DE,P1020010A,-1,T999A,K005A,RF-0237-001-PPP,8e-05,4.0,VAL,2015,Hexachlorobenzene,Hexachlorobenzene,Hexachlorobenzene,RF-0237-001-PPP,0.005,True
264213,9CB6696B7E93B0A676D6A5256B5346E7,DE,DE,P1020010A,-1,T999A,K005A,RF-0237-001-PPP,0.00016,3.6,VAL,2015,Hexachlorobenzene,Hexachlorobenzene,Hexachlorobenzene,RF-0237-001-PPP,0.005,True
264327,446596C29B95A192EBA828878C7AAF81,DE,DE,P1020010A,-1,T999A,K005A,RF-0237-001-PPP,0.00012,4.0,VAL,2015,Hexachlorobenzene,Hexachlorobenzene,Hexachlorobenzene,RF-0237-001-PPP,0.005,True
264341,5E97994FC0CCA0E40AE3237C9F2352CB,DE,DE,P1020010A,-1,T999A,K005A,RF-0277-001-PPP,0.0039,55.0,VAL,2015,Mercury compounds,Mercury compounds,Mercury compounds (sum of mercury compounds expressed as mercury),RF-0277-001-PPP,0.01,True
264362,22181B836E6875A9F0A46A46C893F5B2,DE,DE,P1020010A,-1,T999A,K005A,RF-0237-001-PPP,8e-05,4.0,VAL,2015,Hexachlorobenzene,Hexachlorobenzene,Hexachlorobenzene,RF-0237-001-PPP,0.005,True
264462,123C791AA1D4AC67450D995C1EF0E53D,DE,DE,P1020010A,-1,T999A,K005A,RF-0237-001-PPP,8e-05,4.0,VAL,2015,Hexachlorobenzene,Hexachlorobenzene,Hexachlorobenzene,RF-0237-001-PPP,0.005,True
264467,53442E4B09CEE56EDD2277B3C9AE912E,DE,DE,P1020010A,-1,T999A,K005A,RF-0237-001-PPP,4e-05,4.0,VAL,2015,Hexachlorobenzene,Hexachlorobenzene,Hexachlorobenzene,RF-0237-001-PPP,0.005,True
264501,82B19F16BD6AEEAA7F1F01570C6A0B82,DE,DE,P1020010A,-1,T999A,K005A,RF-0237-001-PPP,8e-05,4.0,VAL,2015,Hexachlorobenzene,Hexachlorobenzene,Hexachlorobenzene,RF-0237-001-PPP,0.005,True
264586,CC5C926C3943C3DFD14B503BCC38D07C,DE,DE,P1020010A,-1,T999A,K005A,RF-0119-001-PPP,0.00012,4.0,VAL,2015,DDT (sum),DDT (sum),"DDT (sum of p,p'-DDT, o,p'-DDT, p-p'-DDE and p,p'-TDE (DDD) expressed as DDT)",RF-0119-001-PPP,0.04,True
264730,7BC33169CEFC43969691726AEEB00A9C,DE,DE,P1020010A,-1,T999A,K005A,RF-0119-001-PPP,0.0004,3.6,VAL,2015,DDT (sum),DDT (sum),"DDT (sum of p,p'-DDT, o,p'-DDT, p-p'-DDE and p,p'-TDE (DDD) expressed as DDT)",RF-0119-001-PPP,0.04,True
264772,7923F6E8B078E4C840B7AB5C83BD0B0B,DE,DE,P1020010A,-1,T999A,K005A,RF-00002582-PAR,2.9,-1.0,VAL,2015,Benzalkonium chloride,Benzalkonium chloride,Benzalkonium chloride (BAC),RF-00002582-PAR,0.1,True
264787,CE507AF85C23E0162CD1063330CEF4F5,DE,DE,P1020010A,-1,T999A,K005A,RF-0263-001-PPP,7e-06,1.4,VAL,2015,Lindane,Lindane,Lindane (Gamma-isomer of hexachlorocyclohexane (HCH)),RF-0263-001-PPP,0.01,True
264821,B4019C26C61C5696B8993048CF12C1B0,DE,DE,P1020010A,-1,T999A,K005A,RF-00002582-PAR,0.047,-1.0,VAL,2015,Benzalkonium chloride,Benzalkonium chloride,Benzalkonium chloride (BAC),RF-00002582-PAR,0.1,True
264834,6AD4ADA50616D1BE37352DB7ABE798FC,DE,DE,P1020010A,-1,T999A,K005A,RF-0119-001-PPP,0.000112,10.0,VAL,2015,DDT (sum),DDT (sum),"DDT (sum of p,p'-DDT, o,p'-DDT, p-p'-DDE and p,p'-TDE (DDD) expressed as DDT)",RF-0119-001-PPP,0.04,True
265246,15462AE7D767803677037526A11C2897,DE,DE,P1020010A,-1,T999A,K005A,RF-0119-001-PPP,0.003,-1.0,VAL,2015,DDT (sum),DDT (sum),"DDT (sum of p,p'-DDT, o,p'-DDT, p-p'-DDE and p,p'-TDE (DDD) expressed as DDT)",RF-0119-001-PPP,0.04,True
265445,61390FCFE05A84AAD90165F70342C3AB,DE,DE,P1020010A,-1,T999A,K005A,RF-0237-001-PPP,0.0002,-1.0,VAL,2015,Hexachlorobenzene,Hexachlorobenzene,Hexachlorobenzene,RF-0237-001-PPP,0.005,True
265546,CBB1DB93D3B98BA4FAE23B000A385593,DE,DE,P1020010A,-1,T999A,K005A,RF-0237-001-PPP,0.0001,-1.0,VAL,2015,Hexachlorobenzene,Hexachlorobenzene,Hexachlorobenzene,RF-0237-001-PPP,0.005,True
265621,D126926CE9D608EDAAF3F7E12E0208ED,DE,DE,P1020010A,-1,T999A,K005A,RF-0237-001-PPP,0.0001,-1.0,VAL,2015,Hexachlorobenzene,Hexachlorobenzene,Hexachlorobenzene,RF-0237-001-PPP,0.005,True
265985,FE2707A65BF61F7BD3A72FEB5454BA90,DE,DE,P1020010A,-1,T999A,K005A,RF-0237-001-PPP,0.001,-1.0,VAL,2015,Hexachlorobenzene,Hexachlorobenzene,Hexachlorobenzene,RF-0237-001-PPP,0.005,True
267652,A9350521D6C5C93F88EE327B482F84B0,DE,DE,P1020010A,-1,T999A,K005A,RF-0237-001-PPP,0.00069,23.0,VAL,2015,Hexachlorobenzene,Hexachlorobenzene,Hexachlorobenzene,RF-0237-001-PPP,0.005,True
268224,BA483F29CE25BFEDCEDF9CA27D33A688,DE,DE,P1020010A,-1,T999A,K005A,RF-0237-001-PPP,0.0002,-1.0,VAL,2015,Hexachlorobenzene,Hexachlorobenzene,Hexachlorobenzene,RF-0237-001-PPP,0.005,True
268225,98073D575C66F13C5FF409DA30EE0AFD,DE,DE,P1020010A,-1,T999A,K005A,RF-0237-001-PPP,0.0001,-1.0,VAL,2015,Hexachlorobenzene,Hexachlorobenzene,Hexachlorobenzene,RF-0237-001-PPP,0.005,True
268433,5F63C3D5C10ECF7F3AA4A678A4EB8215,DE,DE,P1020010A,-1,T999A,K005A,RF-0237-001-PPP,0.0001,-1.0,VAL,2015,Hexachlorobenzene,Hexachlorobenzene,Hexachlorobenzene,RF-0237-001-PPP,0.005,True
268459,89071E9F1CD33BD4494226B7BEE5B203,DE,DE,P1020010A,-1,T999A,K005A,RF-0237-001-PPP,0.001,-1.0,VAL,2015,Hexachlorobenzene,Hexachlorobenzene,Hexachlorobenzene,RF-0237-001-PPP,0.005,True
269438,15462AE7D767803677037526A11C2897,DE,DE,P1020010A,-1,T999A,K005A,RF-0237-001-PPP,0.001,-1.0,VAL,2015,Hexachlorobenzene,Hexachlorobenzene,Hexachlorobenzene,RF-0237-001-PPP,0.005,True
269778,A9350521D6C5C93F88EE327B482F84B0,DE,DE,P1020010A,-1,T999A,K005A,RF-0119-001-PPP,0.00161,23.0,VAL,2015,DDT (sum),DDT (sum),"DDT (sum of p,p'-DDT, o,p'-DDT, p-p'-DDE and p,p'-TDE (DDD) expressed as DDT)",RF-0119-001-PPP,0.04,True
270261,970B70EC3D1CAEE800915B1AE8D5AB4E,DE,DE,P1020010A,-1,T999A,K005A,RF-00002582-PAR,0.014,-1.0,VAL,2015,Benzalkonium chloride,Benzalkonium chloride,Benzalkonium chloride (BAC),RF-00002582-PAR,0.1,True
270368,E54F476A43E0AD6CFAD3579041F9A028,DE,DE,P1020010A,-1,T999A,K005A,RF-1078-002-PPP,0.412,-1.0,VAL,2015,DDAC (mix),DDAC (mix),"Didecyldimethylammonium chloride (mixture of alkyl-quaternary ammonium salts with alkyl chain lengths of C8, C10 and C12)",RF-1078-002-PPP,0.1,True
270370,2DD3D835CD56BD29A82A35CEF324E428,DE,DE,P1020010A,-1,T999A,K005A,RF-1078-002-PPP,2.29,-1.0,VAL,2015,DDAC (mix),DDAC (mix),"Didecyldimethylammonium chloride (mixture of alkyl-quaternary ammonium salts with alkyl chain lengths of C8, C10 and C12)",RF-1078-002-PPP,0.1,True
270371,A21D36B82587C4EC7999E4770DFDF179,DE,DE,P1020010A,-1,T999A,K005A,RF-00002582-PAR,0.031,-1.0,VAL,2015,Benzalkonium chloride,Benzalkonium chloride,Benzalkonium chloride (BAC),RF-00002582-PAR,0.1,True
270374,17BDEF50B3278994DBEC4800DD913083,DE,DE,P1020010A,-1,T999A,K005A,RF-1078-002-PPP,19.65,-1.0,VAL,2015,DDAC (mix),DDAC (mix),"Didecyldimethylammonium chloride (mixture of alkyl-quaternary ammonium salts with alkyl chain lengths of C8, C10 and C12)",RF-1078-002-PPP,0.1,True
270381,641307E2A9E927ED99BF748661C2C17A,DE,DE,P1020010A,-1,T999A,K005A,RF-00002582-PAR,1.519,-1.0,VAL,2015,Benzalkonium chloride,Benzalkonium chloride,Benzalkonium chloride (BAC),RF-00002582-PAR,0.1,True
270384,7AB135826FCA8FD074773649AE915E0E,DE,DE,P1020010A,-1,T999A,K005A,RF-00002582-PAR,0.07,-1.0,VAL,2015,Benzalkonium chloride,Benzalkonium chloride,Benzalkonium chloride (BAC),RF-00002582-PAR,0.1,True
270385,C9FD2F050FE594A9A4578C0F2115EC7C,DE,DE,P1020010A,-1,T999A,K005A,RF-1078-002-PPP,6.74,-1.0,VAL,2015,DDAC (mix),DDAC (mix),"Didecyldimethylammonium chloride (mixture of alkyl-quaternary ammonium salts with alkyl chain lengths of C8, C10 and C12)",RF-1078-002-PPP,0.1,True
270387,589BEEDDDA7EAEBE4DEC54C6F81C7D26,DE,DE,P1020010A,-1,T999A,K005A,RF-00002582-PAR,6.25,-1.0,VAL,2015,Benzalkonium chloride,Benzalkonium chloride,Benzalkonium chloride (BAC),RF-00002582-PAR,0.1,True
270388,755996130FEACF0C06228A4A0ADD74FE,DE,DE,P1020010A,-1,T999A,K005A,RF-1078-002-PPP,3.88,-1.0,VAL,2015,DDAC (mix),DDAC (mix),"Didecyldimethylammonium chloride (mixture of alkyl-quaternary ammonium salts with alkyl chain lengths of C8, C10 and C12)",RF-1078-002-PPP,0.1,True
270390,CA4C1E0935FDE6A2BDEE9DA90D46FF80,DE,DE,P1020010A,-1,T999A,K005A,RF-00002582-PAR,0.98,-1.0,VAL,2015,Benzalkonium chloride,Benzalkonium chloride,Benzalkonium chloride (BAC),RF-00002582-PAR,0.1,True
270391,589BEEDDDA7EAEBE4DEC54C6F81C7D26,DE,DE,P1020010A,-1,T999A,K005A,RF-1078-002-PPP,6.74,-1.0,VAL,2015,DDAC (mix),DDAC (mix),"Didecyldimethylammonium chloride (mixture of alkyl-quaternary ammonium salts with alkyl chain lengths of C8, C10 and C12)",RF-1078-002-PPP,0.1,True
270395,8CE3A25B2AF01C4CC8858EBDB54705CB,DE,DE,P1020010A,-1,T999A,K005A,RF-1078-002-PPP,4.54,-1.0,VAL,2015,DDAC (mix),DDAC (mix),"Didecyldimethylammonium chloride (mixture of alkyl-quaternary ammonium salts with alkyl chain lengths of C8, C10 and C12)",RF-1078-002-PPP,0.1,True
270404,C2FB66AF96D3090062A4501D0B107BAF,DE,DE,P1020010A,-1,T999A,K005A,RF-00002582-PAR,0.15,-1.0,VAL,2015,Benzalkonium chloride,Benzalkonium chloride,Benzalkonium chloride (BAC),RF-00002582-PAR,0.1,True
270407,4754B8766265C49DE26A047265D6CB18,DE,DE,P1020010A,-1,T999A,K005A,RF-1078-002-PPP,20.9,-1.0,VAL,2015,DDAC (mix),DDAC (mix),"Didecyldimethylammonium chloride (mixture of alkyl-quaternary ammonium salts with alkyl chain lengths of C8, C10 and C12)",RF-1078-002-PPP,0.1,True
270413,EBAC7D859C5DE0168EF0EF2DD81DA689,DE,DE,P1020010A,-1,T999A,K005A,RF-1078-002-PPP,4.28,-1.0,VAL,2015,DDAC (mix),DDAC (mix),"Didecyldimethylammonium chloride (mixture of alkyl-quaternary ammonium salts with alkyl chain lengths of C8, C10 and C12)",RF-1078-002-PPP,0.1,True
270466,84703B7B508680EA525D9EC2721340A7,DE,DE,P1020010A,-1,T999A,K005A,RF-00002582-PAR,0.08,-1.0,VAL,2015,Benzalkonium chloride,Benzalkonium chloride,Benzalkonium chloride (BAC),RF-00002582-PAR,0.1,True
270492,7B23690B7851D4055830157327BD6B89,DE,DE,P1020010A,-1,T999A,K005A,RF-00002582-PAR,0.304,-1.0,VAL,2015,Benzalkonium chloride,Benzalkonium chloride,Benzalkonium chloride (BAC),RF-00002582-PAR,0.1,True
270496,B955007E5062CF37CBDCBD75063A841C,DE,DE,P1020010A,-1,T999A,K005A,RF-00002582-PAR,0.658,-1.0,VAL,2015,Benzalkonium chloride,Benzalkonium chloride,Benzalkonium chloride (BAC),RF-00002582-PAR,0.1,True
270498,3C937A9476911E7040BEC01EEBBBA5DF,DE,DE,P1020010A,-1,T999A,K005A,RF-1078-002-PPP,4.82,-1.0,VAL,2015,DDAC (mix),DDAC (mix),"Didecyldimethylammonium chloride (mixture of alkyl-quaternary ammonium salts with alkyl chain lengths of C8, C10 and C12)",RF-1078-002-PPP,0.1,True
270501,3C937A9476911E7040BEC01EEBBBA5DF,DE,DE,P1020010A,-1,T999A,K005A,RF-00002582-PAR,3.21,-1.0,VAL,2015,Benzalkonium chloride,Benzalkonium chloride,Benzalkonium chloride (BAC),RF-00002582-PAR,0.1,True
270515,8D34A9B5821268C82685348D34CA37FE,DE,DE,P1020010A,-1,T999A,K005A,RF-0237-001-PPP,0.0002,3.57,VAL,2015,Hexachlorobenzene,Hexachlorobenzene,Hexachlorobenzene,RF-0237-001-PPP,0.005,True
270617,8D34A9B5821268C82685348D34CA37FE,DE,DE,P1020010A,-1,T999A,K005A,RF-0119-001-PPP,0.0007,3.57,VAL,2015,DDT (sum),DDT (sum),"DDT (sum of p,p'-DDT, o,p'-DDT, p-p'-DDE and p,p'-TDE (DDD) expressed as DDT)",RF-0119-001-PPP,0.04,True
270925,BDEE6B3D96A24BE2ECBF052647A93D49,DE,DE,P1020010A,-1,T999A,K005A,RF-0277-001-PPP,0.0092,-1.0,VAL,2015,Mercury compounds,Mercury compounds,Mercury compounds (sum of mercury compounds expressed as mercury),RF-0277-001-PPP,0.01,True
271411,D4E0DCB1849FBE593C364B6A6791DC61,DE,DE,P1020010A,-1,T999A,K005A,RF-0237-001-PPP,0.000627,20.9,VAL,2015,Hexachlorobenzene,Hexachlorobenzene,Hexachlorobenzene,RF-0237-001-PPP,0.005,True
272934,CE507AF85C23E0162CD1063330CEF4F5,DE,DE,P1020010A,-1,T999A,K005A,RF-0119-001-PPP,3.1e-05,1.4,VAL,2015,DDT (sum),DDT (sum),"DDT (sum of p,p'-DDT, o,p'-DDT, p-p'-DDE and p,p'-TDE (DDD) expressed as DDT)",RF-0119-001-PPP,0.04,True
272960,F3B00FA466D98F30768BC5CC06B13A6C,DE,DE,P1020010A,-1,T999A,K005A,RF-0119-001-PPP,7.1e-05,3.2,VAL,2015,DDT (sum),DDT (sum),"DDT (sum of p,p'-DDT, o,p'-DDT, p-p'-DDE and p,p'-TDE (DDD) expressed as DDT)",RF-0119-001-PPP,0.04,True
272965,4AB19CF0FA383C047D3BCAEE132CD51F,DE,DE,P1020010A,-1,T999A,K005A,RF-0119-001-PPP,0.000147,3.3,VAL,2015,DDT (sum),DDT (sum),"DDT (sum of p,p'-DDT, o,p'-DDT, p-p'-DDE and p,p'-TDE (DDD) expressed as DDT)",RF-0119-001-PPP,0.04,True
273012,7A1BA06949D96492C187887533F7B692,DE,DE,P1020010A,-1,T999A,K005A,RF-0237-001-PPP,8e-05,4.0,VAL,2015,Hexachlorobenzene,Hexachlorobenzene,Hexachlorobenzene,RF-0237-001-PPP,0.005,True
273020,27EE3D9B91830D96D07643D2851DEDFA,DE,DE,P1020010A,-1,T999A,K005A,RF-0119-001-PPP,0.00012,4.0,VAL,2015,DDT (sum),DDT (sum),"DDT (sum of p,p'-DDT, o,p'-DDT, p-p'-DDE and p,p'-TDE (DDD) expressed as DDT)",RF-0119-001-PPP,0.04,True
273028,6F0432B7F653962C57296A2D27D2CA46,DE,DE,P1020010A,-1,T999A,K005A,RF-0237-001-PPP,8e-05,4.0,VAL,2015,Hexachlorobenzene,Hexachlorobenzene,Hexachlorobenzene,RF-0237-001-PPP,0.005,True
273057,BC35B4D0B3C9F69EDAF95186F8654FD4,DE,DE,P1020010A,-1,T999A,K005A,RF-0102-001-PPP,0.053,-1.0,VAL,2015,Copper compounds,Copper compounds,Copper compounds (copper),RF-0102-001-PPP,2.0,True
273090,922CD76F7BFF69A1814A850A771FC689,DE,DE,P1020010A,-1,T999A,K005A,RF-0102-001-PPP,0.057,-1.0,VAL,2015,Copper compounds,Copper compounds,Copper compounds (copper),RF-0102-001-PPP,2.0,True
273102,97C650131135540C00F4106C73BC5C1C,DE,DE,P1020010A,-1,T999A,K005A,RF-0119-001-PPP,7.1e-05,3.2,VAL,2015,DDT (sum),DDT (sum),"DDT (sum of p,p'-DDT, o,p'-DDT, p-p'-DDE and p,p'-TDE (DDD) expressed as DDT)",RF-0119-001-PPP,0.04,True
273118,300A1F8BACBC88EAE3FED5CD68A56D9A,DE,DE,P1020010A,-1,T999A,K005A,RF-0119-001-PPP,0.0004,4.0,VAL,2015,DDT (sum),DDT (sum),"DDT (sum of p,p'-DDT, o,p'-DDT, p-p'-DDE and p,p'-TDE (DDD) expressed as DDT)",RF-0119-001-PPP,0.04,True
273163,27EE3D9B91830D96D07643D2851DEDFA,DE,DE,P1020010A,-1,T999A,K005A,RF-0237-001-PPP,8e-05,4.0,VAL,2015,Hexachlorobenzene,Hexachlorobenzene,Hexachlorobenzene,RF-0237-001-PPP,0.005,True
273164,0668C21EDF2B41B439869FFA31A434EC,DE,DE,P1020010A,-1,T999A,K005A,RF-0119-001-PPP,0.000112,4.1,VAL,2015,DDT (sum),DDT (sum),"DDT (sum of p,p'-DDT, o,p'-DDT, p-p'-DDE and p,p'-TDE (DDD) expressed as DDT)",RF-0119-001-PPP,0.04,True
273184,A454CEDCA4AF310856425A40F7A118B4,DE,DE,P1020010A,-1,T999A,K005A,RF-0237-001-PPP,8e-05,4.0,VAL,2015,Hexachlorobenzene,Hexachlorobenzene,Hexachlorobenzene,RF-0237-001-PPP,0.005,True
273204,A9A6728EC177363AAB630905707ED41B,DE,DE,P1020010A,-1,T999A,K005A,RF-0237-001-PPP,0.00012,4.0,VAL,2015,Hexachlorobenzene,Hexachlorobenzene,Hexachlorobenzene,RF-0237-001-PPP,0.005,True
273213,9C16A26F745D1920218481F6461DC8D4,DE,DE,P1020010A,-1,T999A,K005A,RF-0237-001-PPP,0.00016,4.0,VAL,2015,Hexachlorobenzene,Hexachlorobenzene,Hexachlorobenzene,RF-0237-001-PPP,0.005,True
273237,BC35B4D0B3C9F69EDAF95186F8654FD4,DE,DE,P1020010A,-1,T999A,K005A,RF-0119-001-PPP,8e-05,4.0,VAL,2015,DDT (sum),DDT (sum),"DDT (sum of p,p'-DDT, o,p'-DDT, p-p'-DDE and p,p'-TDE (DDD) expressed as DDT)",RF-0119-001-PPP,0.04,True
273247,17D78458022BAB20283C41B3E972D814,DE,DE,P1020010A,-1,T999A,K005A,RF-0237-001-PPP,0.0008,4.0,VAL,2015,Hexachlorobenzene,Hexachlorobenzene,Hexachlorobenzene,RF-0237-001-PPP,0.005,True
273255,9361D21238A3761C99409F781DED660C,DE,DE,P1020010A,-1,T999A,K005A,RF-0237-001-PPP,8e-05,4.0,VAL,2015,Hexachlorobenzene,Hexachlorobenzene,Hexachlorobenzene,RF-0237-001-PPP,0.005,True
273273,049EC75ECA2A03EA1108C50218DD3D7F,DE,DE,P1020010A,-1,T999A,K005A,RF-0237-001-PPP,8e-05,4.0,VAL,2015,Hexachlorobenzene,Hexachlorobenzene,Hexachlorobenzene,RF-0237-001-PPP,0.005,True
273278,0361E49051BC4C519D2C759E8BB7E858,DE,XX,P1020010A,-1,T999A,K005A,RF-0237-001-PPP,8e-05,4.0,VAL,2015,Hexachlorobenzene,Hexachlorobenzene,Hexachlorobenzene,RF-0237-001-PPP,0.005,True
273292,9361D21238A3761C99409F781DED660C,DE,DE,P1020010A,-1,T999A,K005A,RF-0102-001-PPP,0.063,-1.0,VAL,2015,Copper compounds,Copper compounds,Copper compounds (copper),RF-0102-001-PPP,2.0,True
273303,B9DB862049C0640D2FB61DCA79EEB967,DE,DE,P1020010A,-1,T999A,K005A,RF-0119-001-PPP,0.00012,4.0,VAL,2015,DDT (sum),DDT (sum),"DDT (sum of p,p'-DDT, o,p'-DDT, p-p'-DDE and p,p'-TDE (DDD) expressed as DDT)",RF-0119-001-PPP,0.04,True
273332,A454CEDCA4AF310856425A40F7A118B4,DE,DE,P1020010A,-1,T999A,K005A,RF-0119-001-PPP,0.00012,4.0,VAL,2015,DDT (sum),DDT (sum),"DDT (sum of p,p'-DDT, o,p'-DDT, p-p'-DDE and p,p'-TDE (DDD) expressed as DDT)",RF-0119-001-PPP,0.04,True
273353,D65494B45156E196F95F004973C478D0,DE,XX,P1020010A,-1,T999A,K005A,RF-0102-001-PPP,0.051,-1.0,VAL,2015,Copper compounds,Copper compounds,Copper compounds (copper),RF-0102-001-PPP,2.0,True
273387,9C16A26F745D1920218481F6461DC8D4,DE,DE,P1020010A,-1,T999A,K005A,RF-0102-001-PPP,0.073,-1.0,VAL,2015,Copper compounds,Copper compounds,Copper compounds (copper),RF-0102-001-PPP,2.0,True
273411,A9A6728EC177363AAB630905707ED41B,DE,DE,P1020010A,-1,T999A,K005A,RF-0119-001-PPP,0.00024,4.0,VAL,2015,DDT (sum),DDT (sum),"DDT (sum of p,p'-DDT, o,p'-DDT, p-p'-DDE and p,p'-TDE (DDD) expressed as DDT)",RF-0119-001-PPP,0.04,True
273417,EB1C411B34E1903BDF3767792E27DF88,DE,XX,P1020010A,-1,T999A,K005A,RF-0102-001-PPP,0.1,-1.0,VAL,2015,Copper compounds,Copper compounds,Copper compounds (copper),RF-0102-001-PPP,2.0,True
273426,EE2D37F9AA45EFFF3861A260B4B240BF,DE,XX,P1020010A,-1,T999A,K005A,RF-0102-001-PPP,0.11,-1.0,VAL,2015,Copper compounds,Copper compounds,Copper compounds (copper),RF-0102-001-PPP,2.0,True
273444,4AB19CF0FA383C047D3BCAEE132CD51F,DE,DE,P1020010A,-1,T999A,K005A,RF-0239-002-PPP,6.6e-05,3.3,VAL,2015,HCH-beta,HCH-beta,"Hexachlorocyclohexane (HCH), beta-isomer",RF-0239-002-PPP,0.01,True
273451,0B5BA8DF4360F43C046DB18733467068,DE,DE,P1020010A,-1,T999A,K005A,RF-0237-001-PPP,8e-05,4.0,VAL,2015,Hexachlorobenzene,Hexachlorobenzene,Hexachlorobenzene,RF-0237-001-PPP,0.005,True
273483,0D72C99EB0082E5FF631E16F4A06DCCD,DE,DE,P1020010A,-1,T999A,K005A,RF-0119-001-PPP,8e-05,4.0,VAL,2015,DDT (sum),DDT (sum),"DDT (sum of p,p'-DDT, o,p'-DDT, p-p'-DDE and p,p'-TDE (DDD) expressed as DDT)",RF-0119-001-PPP,0.04,True
273486,0D72C99EB0082E5FF631E16F4A06DCCD,DE,DE,P1020010A,-1,T999A,K005A,RF-0237-001-PPP,8e-05,4.0,VAL,2015,Hexachlorobenzene,Hexachlorobenzene,Hexachlorobenzene,RF-0237-001-PPP,0.005,True
273496,D7685DE192ED657F922D671681463696,DE,DE,P1020010A,-1,T999A,K005A,RF-0237-001-PPP,8e-05,4.0,VAL,2015,Hexachlorobenzene,Hexachlorobenzene,Hexachlorobenzene,RF-0237-001-PPP,0.005,True
273503,4877FC5AB34D49F16371284BE2897215,DE,XX,P1020010A,-1,T999A,K005A,RF-0237-001-PPP,8e-05,4.0,VAL,2015,Hexachlorobenzene,Hexachlorobenzene,Hexachlorobenzene,RF-0237-001-PPP,0.005,True
273506,EDCBE8F117F737D074286D2C48E5D92B,DE,DE,P1020010A,-1,T999A,K005A,RF-0119-001-PPP,8e-05,4.0,VAL,2015,DDT (sum),DDT (sum),"DDT (sum of p,p'-DDT, o,p'-DDT, p-p'-DDE and p,p'-TDE (DDD) expressed as DDT)",RF-0119-001-PPP,0.04,True
273622,47E9051061BF6BFC3555D1AA3FA70BA2,DE,DE,P1020010A,-1,T999A,K005A,RF-0119-001-PPP,0.0006,4.0,VAL,2015,DDT (sum),DDT (sum),"DDT (sum of p,p'-DDT, o,p'-DDT, p-p'-DDE and p,p'-TDE (DDD) expressed as DDT)",RF-0119-001-PPP,0.04,True
273634,37024575D704B474484D28E914279801,DE,DE,P1020010A,-1,T999A,K005A,RF-00002582-PAR,1.929,-1.0,VAL,2015,Benzalkonium chloride,Benzalkonium chloride,Benzalkonium chloride (BAC),RF-00002582-PAR,0.1,True
273676,686361F83487B94453FA189C2BAC590F,DE,DE,P1020010A,-1,T999A,K005A,RF-0119-001-PPP,8.9e-05,4.0,VAL,2015,DDT (sum),DDT (sum),"DDT (sum of p,p'-DDT, o,p'-DDT, p-p'-DDE and p,p'-TDE (DDD) expressed as DDT)",RF-0119-001-PPP,0.04,True
273724,EFA867E94A4837C01452A62EA8A52828,DE,DE,P1020010A,-1,T999A,K005A,RF-0237-001-PPP,0.0006,22.6,VAL,2015,Hexachlorobenzene,Hexachlorobenzene,Hexachlorobenzene,RF-0237-001-PPP,0.005,True
273729,DB659C6535983786ACDADAFC4CBD78FF,DE,DE,P1020010A,-1,T999A,K005A,RF-0119-001-PPP,0.0035,28.7,VAL,2015,DDT (sum),DDT (sum),"DDT (sum of p,p'-DDT, o,p'-DDT, p-p'-DDE and p,p'-TDE (DDD) expressed as DDT)",RF-0119-001-PPP,0.04,True
273751,F355AF275F95B004986A4520CE06DC3F,DE,DE,P1020010A,-1,T999A,K005A,RF-00002582-PAR,2.36,-1.0,VAL,2015,Benzalkonium chloride,Benzalkonium chloride,Benzalkonium chloride (BAC),RF-00002582-PAR,0.1,True
273794,2AACBB24C3C4D8AFCEB2928B0858D6CD,DE,DE,P1020010A,-1,T999A,K005A,RF-0119-001-PPP,0.0006,3.6,VAL,2015,DDT (sum),DDT (sum),"DDT (sum of p,p'-DDT, o,p'-DDT, p-p'-DDE and p,p'-TDE (DDD) expressed as DDT)",RF-0119-001-PPP,0.04,True
273806,D1A33F3AC2767E0E9413BBC287B96F7A,DE,DE,P1020010A,-1,T999A,K005A,RF-0237-001-PPP,8e-05,4.0,VAL,2015,Hexachlorobenzene,Hexachlorobenzene,Hexachlorobenzene,RF-0237-001-PPP,0.005,True
273829,BC35B4D0B3C9F69EDAF95186F8654FD4,DE,DE,P1020010A,-1,T999A,K005A,RF-0237-001-PPP,8e-05,4.0,VAL,2015,Hexachlorobenzene,Hexachlorobenzene,Hexachlorobenzene,RF-0237-001-PPP,0.005,True
273887,86F338FA961D6713D172E10D3245747D,DE,XX,P1020010A,-1,T999A,K005A,RF-0237-001-PPP,4e-05,4.0,VAL,2015,Hexachlorobenzene,Hexachlorobenzene,Hexachlorobenzene,RF-0237-001-PPP,0.005,True
273903,9361D21238A3761C99409F781DED660C,DE,DE,P1020010A,-1,T999A,K005A,RF-0119-001-PPP,8e-05,4.0,VAL,2015,DDT (sum),DDT (sum),"DDT (sum of p,p'-DDT, o,p'-DDT, p-p'-DDE and p,p'-TDE (DDD) expressed as DDT)",RF-0119-001-PPP,0.04,True
273908,D7685DE192ED657F922D671681463696,DE,DE,P1020010A,-1,T999A,K005A,RF-0102-001-PPP,0.065,-1.0,VAL,2015,Copper compounds,Copper compounds,Copper compounds (copper),RF-0102-001-PPP,2.0,True
273913,D1A33F3AC2767E0E9413BBC287B96F7A,DE,DE,P1020010A,-1,T999A,K005A,RF-0119-001-PPP,8e-05,4.0,VAL,2015,DDT (sum),DDT (sum),"DDT (sum of p,p'-DDT, o,p'-DDT, p-p'-DDE and p,p'-TDE (DDD) expressed as DDT)",RF-0119-001-PPP,0.04,True
273952,6F0432B7F653962C57296A2D27D2CA46,DE,DE,P1020010A,-1,T999A,K005A,RF-0119-001-PPP,8e-05,4.0,VAL,2015,DDT (sum),DDT (sum),"DDT (sum of p,p'-DDT, o,p'-DDT, p-p'-DDE and p,p'-TDE (DDD) expressed as DDT)",RF-0119-001-PPP,0.04,True
274115,EDCBE8F117F737D074286D2C48E5D92B,DE,DE,P1020010A,-1,T999A,K005A,RF-0237-001-PPP,4e-05,4.0,VAL,2015,Hexachlorobenzene,Hexachlorobenzene,Hexachlorobenzene,RF-0237-001-PPP,0.005,True
274171,B9DB862049C0640D2FB61DCA79EEB967,DE,DE,P1020010A,-1,T999A,K005A,RF-0237-001-PPP,8e-05,4.0,VAL,2015,Hexachlorobenzene,Hexachlorobenzene,Hexachlorobenzene,RF-0237-001-PPP,0.005,True
274182,7A1BA06949D96492C187887533F7B692,DE,DE,P1020010A,-1,T999A,K005A,RF-0119-001-PPP,8e-05,4.0,VAL,2015,DDT (sum),DDT (sum),"DDT (sum of p,p'-DDT, o,p'-DDT, p-p'-DDE and p,p'-TDE (DDD) expressed as DDT)",RF-0119-001-PPP,0.04,True
274212,300A1F8BACBC88EAE3FED5CD68A56D9A,DE,DE,P1020010A,-1,T999A,K005A,RF-0237-001-PPP,8e-05,4.0,VAL,2015,Hexachlorobenzene,Hexachlorobenzene,Hexachlorobenzene,RF-0237-001-PPP,0.005,True
274267,6DCA15F28612B76446609B8D10E27639,DE,XX,P1020010A,-1,T999A,K005A,RF-0237-001-PPP,4e-05,4.0,VAL,2015,Hexachlorobenzene,Hexachlorobenzene,Hexachlorobenzene,RF-0237-001-PPP,0.005,True
274291,E0DE5AAAA57D84FC9452873C3F760A83,DE,XX,P1020010A,-1,T999A,K005A,RF-0842-001-PPP,0.00128,4.0,VAL,2015,Permethrin (sum),Permethrin (sum),Permethrin (sum of isomers),RF-0842-001-PPP,0.0,True
274299,7EF078AD5E373118E9EAF5CE92E0F4D4,DE,XX,P1020010A,-1,T999A,K005A,RF-0237-001-PPP,8e-05,4.0,VAL,2015,Hexachlorobenzene,Hexachlorobenzene,Hexachlorobenzene,RF-0237-001-PPP,0.005,True
274319,7A96B49B27FEACD950645ABB08690A17,DE,DE,P1020010A,-1,T999A,K005A,RF-0237-001-PPP,8e-05,4.0,VAL,2015,Hexachlorobenzene,Hexachlorobenzene,Hexachlorobenzene,RF-0237-001-PPP,0.005,True
274393,3049F7431A8CED380C10685AEDF3AA4D,DE,DE,P1020010A,-1,T999A,K005A,RF-0237-001-PPP,0.00012,4.0,VAL,2015,Hexachlorobenzene,Hexachlorobenzene,Hexachlorobenzene,RF-0237-001-PPP,0.005,True
274456,7EF078AD5E373118E9EAF5CE92E0F4D4,DE,XX,P1020010A,-1,T999A,K005A,RF-0102-001-PPP,0.05,-1.0,VAL,2015,Copper compounds,Copper compounds,Copper compounds (copper),RF-0102-001-PPP,2.0,True
274560,686361F83487B94453FA189C2BAC590F,DE,DE,P1020010A,-1,T999A,K005A,RF-0263-001-PPP,2.8e-05,4.0,VAL,2015,Lindane,Lindane,Lindane (Gamma-isomer of hexachlorocyclohexane (HCH)),RF-0263-001-PPP,0.01,True
274659,A454CEDCA4AF310856425A40F7A118B4,DE,DE,P1020010A,-1,T999A,K005A,RF-0102-001-PPP,0.051,-1.0,VAL,2015,Copper compounds,Copper compounds,Copper compounds (copper),RF-0102-001-PPP,2.0,True
274668,0B5BA8DF4360F43C046DB18733467068,DE,DE,P1020010A,-1,T999A,K005A,RF-0102-001-PPP,0.054,-1.0,VAL,2015,Copper compounds,Copper compounds,Copper compounds (copper),RF-0102-001-PPP,2.0,True
274712,922CD76F7BFF69A1814A850A771FC689,DE,DE,P1020010A,-1,T999A,K005A,RF-0237-001-PPP,4e-05,4.0,VAL,2015,Hexachlorobenzene,Hexachlorobenzene,Hexachlorobenzene,RF-0237-001-PPP,0.005,True
274779,97C650131135540C00F4106C73BC5C1C,DE,DE,P1020010A,-1,T999A,K005A,RF-0263-001-PPP,2.5e-05,3.2,VAL,2015,Lindane,Lindane,Lindane (Gamma-isomer of hexachlorocyclohexane (HCH)),RF-0263-001-PPP,0.01,True
274805,05B0DBEAD8245ABFF4D173D7981F4CF1,DE,DE,P1020010A,-1,T999A,K005A,RF-0237-001-PPP,8e-05,4.0,VAL,2015,Hexachlorobenzene,Hexachlorobenzene,Hexachlorobenzene,RF-0237-001-PPP,0.005,True
274859,F3B00FA466D98F30768BC5CC06B13A6C,DE,DE,P1020010A,-1,T999A,K005A,RF-0263-001-PPP,3.2e-05,3.2,VAL,2015,Lindane,Lindane,Lindane (Gamma-isomer of hexachlorocyclohexane (HCH)),RF-0263-001-PPP,0.01,True
274933,E594E617E17A0278E99EE252ACB9DC5F,DE,DE,P1020010A,-1,T999A,K005A,RF-0237-001-PPP,8e-05,4.0,VAL,2015,Hexachlorobenzene,Hexachlorobenzene,Hexachlorobenzene,RF-0237-001-PPP,0.005,True
275041,B9F9C00E655068AC57FECEFF8038EB9A,DE,XX,P1020010A,-1,T999A,K005A,RF-0102-001-PPP,0.05,-1.0,VAL,2015,Copper compounds,Copper compounds,Copper compounds (copper),RF-0102-001-PPP,2.0,True
275042,EDCBE8F117F737D074286D2C48E5D92B,DE,DE,P1020010A,-1,T999A,K005A,RF-0102-001-PPP,0.062,-1.0,VAL,2015,Copper compounds,Copper compounds,Copper compounds (copper),RF-0102-001-PPP,2.0,True
275064,05B0DBEAD8245ABFF4D173D7981F4CF1,DE,DE,P1020010A,-1,T999A,K005A,RF-0119-001-PPP,8e-05,4.0,VAL,2015,DDT (sum),DDT (sum),"DDT (sum of p,p'-DDT, o,p'-DDT, p-p'-DDE and p,p'-TDE (DDD) expressed as DDT)",RF-0119-001-PPP,0.04,True
275069,4AB19CF0FA383C047D3BCAEE132CD51F,DE,DE,P1020010A,-1,T999A,K005A,RF-0263-001-PPP,3.3e-05,3.3,VAL,2015,Lindane,Lindane,Lindane (Gamma-isomer of hexachlorocyclohexane (HCH)),RF-0263-001-PPP,0.01,True
275090,D65494B45156E196F95F004973C478D0,DE,XX,P1020010A,-1,T999A,K005A,RF-0237-001-PPP,8e-05,4.0,VAL,2015,Hexachlorobenzene,Hexachlorobenzene,Hexachlorobenzene,RF-0237-001-PPP,0.005,True
275108,990B89FFD11B34D45E4449730D857999,DE,DE,P1020010A,-1,T999A,K005A,RF-0237-001-PPP,8e-05,4.0,VAL,2015,Hexachlorobenzene,Hexachlorobenzene,Hexachlorobenzene,RF-0237-001-PPP,0.005,True
275109,E594E617E17A0278E99EE252ACB9DC5F,DE,DE,P1020010A,-1,T999A,K005A,RF-0119-001-PPP,8e-05,4.0,VAL,2015,DDT (sum),DDT (sum),"DDT (sum of p,p'-DDT, o,p'-DDT, p-p'-DDE and p,p'-TDE (DDD) expressed as DDT)",RF-0119-001-PPP,0.04,True
275112,27EE3D9B91830D96D07643D2851DEDFA,DE,DE,P1020010A,-1,T999A,K005A,RF-0102-001-PPP,0.057,-1.0,VAL,2015,Copper compounds,Copper compounds,Copper compounds (copper),RF-0102-001-PPP,2.0,True
275157,D7685DE192ED657F922D671681463696,DE,DE,P1020010A,-1,T999A,K005A,RF-0119-001-PPP,0.00016,4.0,VAL,2015,DDT (sum),DDT (sum),"DDT (sum of p,p'-DDT, o,p'-DDT, p-p'-DDE and p,p'-TDE (DDD) expressed as DDT)",RF-0119-001-PPP,0.04,True
275175,990B89FFD11B34D45E4449730D857999,DE,DE,P1020010A,-1,T999A,K005A,RF-0119-001-PPP,0.00016,4.0,VAL,2015,DDT (sum),DDT (sum),"DDT (sum of p,p'-DDT, o,p'-DDT, p-p'-DDE and p,p'-TDE (DDD) expressed as DDT)",RF-0119-001-PPP,0.04,True
275191,696F19EEBCF719D6F19C08D07B44A957,DE,DE,P1020010A,-1,T999A,K005A,RF-0102-001-PPP,0.057,-1.0,VAL,2015,Copper compounds,Copper compounds,Copper compounds (copper),RF-0102-001-PPP,2.0,True
275194,B4483EF84391088D3F51E3E5137CB510,DE,DE,P1020010A,-1,T999A,K005A,RF-0119-001-PPP,0.000123,3.9,VAL,2015,DDT (sum),DDT (sum),"DDT (sum of p,p'-DDT, o,p'-DDT, p-p'-DDE and p,p'-TDE (DDD) expressed as DDT)",RF-0119-001-PPP,0.04,True
275259,6F0432B7F653962C57296A2D27D2CA46,DE,DE,P1020010A,-1,T999A,K005A,RF-0102-001-PPP,0.052,-1.0,VAL,2015,Copper compounds,Copper compounds,Copper compounds (copper),RF-0102-001-PPP,2.0,True
275278,22DF79D8196CBA387582B11DB1716928,DE,XX,P1020010A,-1,T999A,K005A,RF-0237-001-PPP,8e-05,4.0,VAL,2015,Hexachlorobenzene,Hexachlorobenzene,Hexachlorobenzene,RF-0237-001-PPP,0.005,True
275285,22DF79D8196CBA387582B11DB1716928,DE,XX,P1020010A,-1,T999A,K005A,RF-0102-001-PPP,0.053,-1.0,VAL,2015,Copper compounds,Copper compounds,Copper compounds (copper),RF-0102-001-PPP,2.0,True
275303,17D78458022BAB20283C41B3E972D814,DE,DE,P1020010A,-1,T999A,K005A,RF-0119-001-PPP,0.00016,4.0,VAL,2015,DDT (sum),DDT (sum),"DDT (sum of p,p'-DDT, o,p'-DDT, p-p'-DDE and p,p'-TDE (DDD) expressed as DDT)",RF-0119-001-PPP,0.04,True
275304,86F338FA961D6713D172E10D3245747D,DE,XX,P1020010A,-1,T999A,K005A,RF-0102-001-PPP,0.05,-1.0,VAL,2015,Copper compounds,Copper compounds,Copper compounds (copper),RF-0102-001-PPP,2.0,True
275318,6DCA15F28612B76446609B8D10E27639,DE,XX,P1020010A,-1,T999A,K005A,RF-0102-001-PPP,0.053,-1.0,VAL,2015,Copper compounds,Copper compounds,Copper compounds (copper),RF-0102-001-PPP,2.0,True
275322,9C16A26F745D1920218481F6461DC8D4,DE,DE,P1020010A,-1,T999A,K005A,RF-0119-001-PPP,0.00036,4.0,VAL,2015,DDT (sum),DDT (sum),"DDT (sum of p,p'-DDT, o,p'-DDT, p-p'-DDE and p,p'-TDE (DDD) expressed as DDT)",RF-0119-001-PPP,0.04,True
275340,EE2D37F9AA45EFFF3861A260B4B240BF,DE,XX,P1020010A,-1,T999A,K005A,RF-0237-001-PPP,8e-05,4.0,VAL,2015,Hexachlorobenzene,Hexachlorobenzene,Hexachlorobenzene,RF-0237-001-PPP,0.005,True
275365,7A1BA06949D96492C187887533F7B692,DE,DE,P1020010A,-1,T999A,K005A,RF-0102-001-PPP,0.063,-1.0,VAL,2015,Copper compounds,Copper compounds,Copper compounds (copper),RF-0102-001-PPP,2.0,True
275370,EB1C411B34E1903BDF3767792E27DF88,DE,XX,P1020010A,-1,T999A,K005A,RF-0237-001-PPP,8e-05,4.0,VAL,2015,Hexachlorobenzene,Hexachlorobenzene,Hexachlorobenzene,RF-0237-001-PPP,0.005,True
275395,696F19EEBCF719D6F19C08D07B44A957,DE,DE,P1020010A,-1,T999A,K005A,RF-0237-001-PPP,8e-05,4.0,VAL,2015,Hexachlorobenzene,Hexachlorobenzene,Hexachlorobenzene,RF-0237-001-PPP,0.005,True
275408,B9F9C00E655068AC57FECEFF8038EB9A,DE,XX,P1020010A,-1,T999A,K005A,RF-0237-001-PPP,0.00012,4.0,VAL,2015,Hexachlorobenzene,Hexachlorobenzene,Hexachlorobenzene,RF-0237-001-PPP,0.005,True
275427,4877FC5AB34D49F16371284BE2897215,DE,XX,P1020010A,-1,T999A,K005A,RF-0102-001-PPP,0.054,-1.0,VAL,2015,Copper compounds,Copper compounds,Copper compounds (copper),RF-0102-001-PPP,2.0,True
275886,8EDAABC45182401AF54BF548B2B21421,DE,DE,P1020010A,-1,T999A,K005A,RF-0237-001-PPP,0.0001,-1.0,VAL,2015,Hexachlorobenzene,Hexachlorobenzene,Hexachlorobenzene,RF-0237-001-PPP,0.005,True
302800,17E95CB8365E6C6C3E7872C5F4B90647,RO,RO,P1020010A,-1,T999A,K018A,RF-0021-001-PPP,0.001,4.0,VAL,2015,Dieldrin (sum),Dieldrin (sum),Aldrin and Dieldrin (Aldrin and dieldrin combined expressed as dieldrin),RF-0021-001-PPP,0.006,True
302801,17E95CB8365E6C6C3E7872C5F4B90647,RO,RO,P1020010A,-1,T999A,K018A,RF-0075-005-PPP,0.0013,4.0,VAL,2015,Chlordane (sum),Chlordane (sum),Chlordane (sum of cis- and trans-isomers and oxychlordane expressed as chlordane),RF-0075-005-PPP,0.002,True
302803,17E95CB8365E6C6C3E7872C5F4B90647,RO,RO,P1020010A,-1,T999A,K018A,RF-0119-001-PPP,0.0014,4.0,VAL,2015,DDT (sum),DDT (sum),"DDT (sum of p,p'-DDT, o,p'-DDT, p-p'-DDE and p,p'-TDE (DDD) expressed as DDT)",RF-0119-001-PPP,0.04,True
302807,17E95CB8365E6C6C3E7872C5F4B90647,RO,RO,P1020010A,-1,T999A,K018A,RF-0237-001-PPP,0.0006,4.0,VAL,2015,Hexachlorobenzene,Hexachlorobenzene,Hexachlorobenzene,RF-0237-001-PPP,0.005,True
302808,17E95CB8365E6C6C3E7872C5F4B90647,RO,RO,P1020010A,-1,T999A,K018A,RF-0238-001-PPP,0.0026,4.0,VAL,2015,HCH-alpha,HCH-alpha,"Hexachlorocyclohexane (HCH), alpha-isomer",RF-0238-001-PPP,0.01,True
302813,BCAD7CEF5EA3B8986D3A17FD3093F423,RO,RO,P1020010A,-1,T999A,K018A,RF-0075-005-PPP,0.0016,4.0,VAL,2015,Chlordane (sum),Chlordane (sum),Chlordane (sum of cis- and trans-isomers and oxychlordane expressed as chlordane),RF-0075-005-PPP,0.002,True
302815,BCAD7CEF5EA3B8986D3A17FD3093F423,RO,RO,P1020010A,-1,T999A,K018A,RF-0119-001-PPP,0.0015,4.0,VAL,2015,DDT (sum),DDT (sum),"DDT (sum of p,p'-DDT, o,p'-DDT, p-p'-DDE and p,p'-TDE (DDD) expressed as DDT)",RF-0119-001-PPP,0.04,True
302819,BCAD7CEF5EA3B8986D3A17FD3093F423,RO,RO,P1020010A,-1,T999A,K018A,RF-0237-001-PPP,0.0015,4.0,VAL,2015,Hexachlorobenzene,Hexachlorobenzene,Hexachlorobenzene,RF-0237-001-PPP,0.005,True
302820,BCAD7CEF5EA3B8986D3A17FD3093F423,RO,RO,P1020010A,-1,T999A,K018A,RF-0238-001-PPP,0.0035,4.0,VAL,2015,HCH-alpha,HCH-alpha,"Hexachlorocyclohexane (HCH), alpha-isomer",RF-0238-001-PPP,0.01,True
302839,D030EDAC9411BA41F0BC135157B94145,RO,RO,P1020010A,-1,T999A,K018A,RF-0075-005-PPP,0.0017,4.0,VAL,2015,Chlordane (sum),Chlordane (sum),Chlordane (sum of cis- and trans-isomers and oxychlordane expressed as chlordane),RF-0075-005-PPP,0.002,True
302841,D030EDAC9411BA41F0BC135157B94145,RO,RO,P1020010A,-1,T999A,K018A,RF-0119-001-PPP,0.0013,4.0,VAL,2015,DDT (sum),DDT (sum),"DDT (sum of p,p'-DDT, o,p'-DDT, p-p'-DDE and p,p'-TDE (DDD) expressed as DDT)",RF-0119-001-PPP,0.04,True
302843,C9A334A4B27DF02A1EDDDA90B05DAB17,RO,RO,P1020010A,-1,T999A,K018A,RF-0075-005-PPP,0.0016,4.0,VAL,2015,Chlordane (sum),Chlordane (sum),Chlordane (sum of cis- and trans-isomers and oxychlordane expressed as chlordane),RF-0075-005-PPP,0.002,True
302845,C9A334A4B27DF02A1EDDDA90B05DAB17,RO,RO,P1020010A,-1,T999A,K018A,RF-0119-001-PPP,0.0012,4.0,VAL,2015,DDT (sum),DDT (sum),"DDT (sum of p,p'-DDT, o,p'-DDT, p-p'-DDE and p,p'-TDE (DDD) expressed as DDT)",RF-0119-001-PPP,0.04,True
302849,C9A334A4B27DF02A1EDDDA90B05DAB17,RO,RO,P1020010A,-1,T999A,K018A,RF-0237-001-PPP,0.0024,4.0,VAL,2015,Hexachlorobenzene,Hexachlorobenzene,Hexachlorobenzene,RF-0237-001-PPP,0.005,True
302867,224A7670E20E096C5938B94D5F1BD75F,RO,RO,P1020010A,-1,T999A,K018A,RF-0266-003-PPP,0.0006,4.0,VAL,2015,Malathion (sum),Malathion,Malathion,RF-0266-003-PPP,0.02,False
302879,E0F3997A478A77916C2E007EBCDC50D5,RO,RO,P1020010A,-1,T999A,K018A,RF-0123-001-PPP,0.00044,4.0,VAL,2015,Diazinon,Diazinon,Diazinon,RF-0123-001-PPP,0.02,True
302892,78CC800812820F228B8A70E4D79BA1EA,RO,RO,P1020010A,-1,T999A,K018A,RF-0021-001-PPP,0.0043,4.0,VAL,2015,Dieldrin (sum),Dieldrin (sum),Aldrin and Dieldrin (Aldrin and dieldrin combined expressed as dieldrin),RF-0021-001-PPP,0.006,True
302893,78CC800812820F228B8A70E4D79BA1EA,RO,RO,P1020010A,-1,T999A,K018A,RF-0075-005-PPP,0.0017,4.0,VAL,2015,Chlordane (sum),Chlordane (sum),Chlordane (sum of cis- and trans-isomers and oxychlordane expressed as chlordane),RF-0075-005-PPP,0.002,True
302895,78CC800812820F228B8A70E4D79BA1EA,RO,RO,P1020010A,-1,T999A,K018A,RF-0119-001-PPP,0.0027,4.0,VAL,2015,DDT (sum),DDT (sum),"DDT (sum of p,p'-DDT, o,p'-DDT, p-p'-DDE and p,p'-TDE (DDD) expressed as DDT)",RF-0119-001-PPP,0.04,True
302912,78CC800812820F228B8A70E4D79BA1EA,RO,RO,P1020010A,-1,T999A,K018A,RF-0238-001-PPP,0.0028,4.0,VAL,2015,HCH-alpha,HCH-alpha,"Hexachlorocyclohexane (HCH), alpha-isomer",RF-0238-001-PPP,0.01,True
302917,978CFCCF70110757C9E5BB65028FE10B,RO,RO,P1020010A,-1,T999A,K018A,RF-0075-005-PPP,0.0006,4.0,VAL,2015,Chlordane (sum),Chlordane (sum),Chlordane (sum of cis- and trans-isomers and oxychlordane expressed as chlordane),RF-0075-005-PPP,0.002,True
302922,978CFCCF70110757C9E5BB65028FE10B,RO,RO,P1020010A,-1,T999A,K018A,RF-0236-006-PPP,0.001,4.0,VAL,2015,Heptachlor (sum of isomers),Heptachlor (sum of isomers),Heptachlor (sum of heptachlor and the cis and trans isomers of heptachlor epoxide),RF-0236-006-PPP,0.004,True
302924,978CFCCF70110757C9E5BB65028FE10B,RO,RO,P1020010A,-1,T999A,K018A,RF-0238-001-PPP,0.0024,4.0,VAL,2015,HCH-alpha,HCH-alpha,"Hexachlorocyclohexane (HCH), alpha-isomer",RF-0238-001-PPP,0.01,True
302926,978CFCCF70110757C9E5BB65028FE10B,RO,RO,P1020010A,-1,T999A,K018A,RF-0263-001-PPP,0.0005,4.0,VAL,2015,Lindane,Lindane,Lindane (Gamma-isomer of hexachlorocyclohexane (HCH)),RF-0263-001-PPP,0.01,True
302967,BEA1698E1F8043F3DD0E6F14C339A197,RO,RO,P1020010A,-1,T999A,K018A,RF-0119-006-PPP,0.006,3.8,VAL,2015,DDT (sum),"DDT, p,p-","DDT, p,p-",RF-0119-006-PPP,0.04,True
303482,7AF0C4D898678AB90D375A79B916FD3A,RO,RO,P1020010A,-1,T999A,K018A,RF-0119-001-PPP,0.0096,3.56,VAL,2015,DDT (sum),DDT (sum),"DDT (sum of p,p'-DDT, o,p'-DDT, p-p'-DDE and p,p'-TDE (DDD) expressed as DDT)",RF-0119-001-PPP,0.04,True
303494,20337C24E8E98942D5560D2296DA2A4B,RO,RO,P1020010A,-1,T999A,K018A,RF-0119-001-PPP,0.0104,3.93,VAL,2015,DDT (sum),DDT (sum),"DDT (sum of p,p'-DDT, o,p'-DDT, p-p'-DDE and p,p'-TDE (DDD) expressed as DDT)",RF-0119-001-PPP,0.04,True
310967,9963B23B85E88560E3D00F58972361DE,BE,BE,P1020010A,-1,T999A,K018A,RF-0119-007-PPP,0.01178,100.0,VAL,2015,DDT (sum),"DDE, o,p-","DDE, o,p-",RF-0119-007-PPP,0.04,True
310993,4834CD8BDE8A7EEF7E545A4728EC48B1,BE,BE,P1020010A,-1,T999A,K018A,RF-0119-001-PPP,0.0111,100.0,VAL,2015,DDT (sum),DDT (sum),"DDT (sum of p,p'-DDT, o,p'-DDT, p-p'-DDE and p,p'-TDE (DDD) expressed as DDT)",RF-0119-001-PPP,0.04,True
311042,4834CD8BDE8A7EEF7E545A4728EC48B1,BE,BE,P1020010A,-1,T999A,K018A,RF-0119-002-PPP,0.0111,100.0,VAL,2015,DDT (sum),"DDE, p,p-","DDE, p,p-",RF-0119-002-PPP,0.04,True
311074,9963B23B85E88560E3D00F58972361DE,BE,BE,P1020010A,-1,T999A,K018A,RF-0119-001-PPP,0.01178,100.0,VAL,2015,DDT (sum),DDT (sum),"DDT (sum of p,p'-DDT, o,p'-DDT, p-p'-DDE and p,p'-TDE (DDD) expressed as DDT)",RF-0119-001-PPP,0.04,True
311183,9963B23B85E88560E3D00F58972361DE,BE,BE,P1020010A,-1,T999A,K018A,RF-0239-002-PPP,0.01048,100.0,VAL,2015,HCH-beta,HCH-beta,"Hexachlorocyclohexane (HCH), beta-isomer",RF-0239-002-PPP,0.01,True
311348,77A04EC8A2D849739661C0EAB5E4CE1B,HR,HR,P1020010A,-1,T150A,K018A,RF-0155-003-PPP,0.002,-1.0,VAL,2015,Endosulfan (sum),"Endosulfan, beta-","Endosulfan, beta-",RF-0155-003-PPP,0.05,True
311380,87CBEFE2A95603627D8B2E7197A040F1,HR,HR,P1020010A,-1,T150A,K005A,RF-0237-001-PPP,0.0011,-1.0,VAL,2015,Hexachlorobenzene,Hexachlorobenzene,Hexachlorobenzene,RF-0237-001-PPP,0.005,True
311417,140213FC6FE14CAA2F3C1753B5B0D978,HR,HR,P1020010A,-1,T150A,K005A,RF-0237-001-PPP,0.0008,-1.0,VAL,2015,Hexachlorobenzene,Hexachlorobenzene,Hexachlorobenzene,RF-0237-001-PPP,0.005,True
311468,1718ABB1B951565CDB4021C4647398C8,HR,HR,P1020010A,-1,T999A,K005A,RF-0119-003-PPP,0.002,-1.0,VAL,2015,DDT (sum),"DDT, o,p-","DDT, o,p-",RF-0119-003-PPP,0.04,True
311540,0AD9EB229A8E39BCA15BC5B7A88278E9,HR,HR,P1020010A,-1,T150A,K005A,RF-0237-001-PPP,0.0011,-1.0,VAL,2015,Hexachlorobenzene,Hexachlorobenzene,Hexachlorobenzene,RF-0237-001-PPP,0.005,True
311662,3957649C46103A7CBB816C4050042B88,HR,HR,P1020010A,-1,T150A,K005A,RF-0082-001-PPP,0.002,-1.0,VAL,2015,Chlorobenzilate,Chlorobenzilate,Chlorobenzilate,RF-0082-001-PPP,0.1,True
311664,3957649C46103A7CBB816C4050042B88,HR,HR,P1020010A,-1,T150A,K005A,RF-0119-004-PPP,0.005,-1.0,VAL,2015,DDT (sum),"DDD, p,p-","DDD, p,p-",RF-0119-004-PPP,0.04,True
311665,3957649C46103A7CBB816C4050042B88,HR,HR,P1020010A,-1,T150A,K005A,RF-0119-002-PPP,0.005,-1.0,VAL,2015,DDT (sum),"DDE, p,p-","DDE, p,p-",RF-0119-002-PPP,0.04,True
311667,3957649C46103A7CBB816C4050042B88,HR,HR,P1020010A,-1,T150A,K005A,RF-0119-006-PPP,0.005,-1.0,VAL,2015,DDT (sum),"DDT, p,p-","DDT, p,p-",RF-0119-006-PPP,0.04,True
311678,3957649C46103A7CBB816C4050042B88,HR,HR,P1020010A,-1,T150A,K005A,RF-0238-001-PPP,0.001,-1.0,VAL,2015,HCH-alpha,HCH-alpha,"Hexachlorocyclohexane (HCH), alpha-isomer",RF-0238-001-PPP,0.01,True
311681,3957649C46103A7CBB816C4050042B88,HR,HR,P1020010A,-1,T150A,K005A,RF-0295-001-PPP,0.002,-1.0,VAL,2015,Methoxychlor,Methoxychlor,Methoxychlor,RF-0295-001-PPP,0.01,True
311907,2FC922448B7DA32691A3D986A022154D,HR,HR,P1020010A,-1,T150A,K005A,RF-0237-001-PPP,0.0011,-1.0,VAL,2015,Hexachlorobenzene,Hexachlorobenzene,Hexachlorobenzene,RF-0237-001-PPP,0.005,True
311962,B399F4E4E5B19F8F899ED9FD8A24970C,HR,HR,P1020010A,-1,T150A,K005A,RF-0075-003-PPP,0.001,-1.0,VAL,2015,Chlordane (sum),"Chlordane, trans-","Chlordane, trans-",RF-0075-003-PPP,0.002,True
311978,B399F4E4E5B19F8F899ED9FD8A24970C,HR,HR,P1020010A,-1,T150A,K005A,RF-0237-001-PPP,0.001,-1.0,VAL,2015,Hexachlorobenzene,Hexachlorobenzene,Hexachlorobenzene,RF-0237-001-PPP,0.005,True
312011,B399F4E4E5B19F8F899ED9FD8A24970C,HR,HR,P1020010A,-1,T150A,K005A,RF-0295-001-PPP,0.002,-1.0,VAL,2015,Methoxychlor,Methoxychlor,Methoxychlor,RF-0295-001-PPP,0.01,True
312125,6A7956FA050CD710AB1B7AAE577A1A78,HR,HR,P1020010A,-1,T150A,K005A,RF-0237-001-PPP,0.001,-1.0,VAL,2015,Hexachlorobenzene,Hexachlorobenzene,Hexachlorobenzene,RF-0237-001-PPP,0.005,True
312129,6A7956FA050CD710AB1B7AAE577A1A78,HR,HR,P1020010A,-1,T150A,K005A,RF-0295-001-PPP,0.002,-1.0,VAL,2015,Methoxychlor,Methoxychlor,Methoxychlor,RF-0295-001-PPP,0.01,True
312172,CA037850A2088B216D6B8163076D518E,HR,HR,P1020010A,-1,T150A,K005A,RF-0237-001-PPP,0.0011,-1.0,VAL,2015,Hexachlorobenzene,Hexachlorobenzene,Hexachlorobenzene,RF-0237-001-PPP,0.005,True
335136,5CABAF9050CB5CC8139E8D1A7AAF3CE4,CY,CY,P1020010A,A.01.000950,T999A,K005A,RF-0119-002-PPP,0.0033,4.05,VAL,2016,DDT (sum),"DDE, p,p-","DDE, p,p-",RF-0119-002-PPP,0.04,True
335680,DC1D87049E5C36A8168560B5EAA6F29F,CY,CY,P1020010A,A.01.000950,T999A,K018A,RF-0119-001-PPP,0.007,3.93,VAL,2016,DDT (sum),DDT (sum),"DDT (sum of p,p'-DDT, o,p'-DDT, p-p'-DDE and p,p'-TDE (DDD) expressed as DDT)",RF-0119-001-PPP,0.04,True
335681,DC1D87049E5C36A8168560B5EAA6F29F,CY,CY,P1020010A,A.01.000950,T999A,K018A,RF-0119-002-PPP,0.006,3.93,VAL,2016,DDT (sum),"DDE, p,p-","DDE, p,p-",RF-0119-002-PPP,0.04,True
336032,5CABAF9050CB5CC8139E8D1A7AAF3CE4,CY,CY,P1020010A,A.01.000950,T999A,K005A,RF-0119-001-PPP,0.0037,4.05,VAL,2016,DDT (sum),DDT (sum),"DDT (sum of p,p'-DDT, o,p'-DDT, p-p'-DDE and p,p'-TDE (DDD) expressed as DDT)",RF-0119-001-PPP,0.04,True
339224,D1AAF04F5248B97314F0EE4963F7B0D4,DE,DE,P1020010A,N_A,T999A,K005A,RF-0119-001-PPP,0.00024,4.0,VAL,2016,DDT (sum),DDT (sum),"DDT (sum of p,p'-DDT, o,p'-DDT, p-p'-DDE and p,p'-TDE (DDD) expressed as DDT)",RF-0119-001-PPP,0.04,True
339345,5AC4CF48FF5400DF30F61F1D5492F42F,DE,DE,P1020010A,N_A,T999A,K005A,RF-0102-001-PPP,0.055,-1.0,VAL,2016,Copper compounds,Copper compounds,Copper compounds (copper),RF-0102-001-PPP,2.0,True
339387,CFE51BA08A15D9EC54F3491EBF81F00E,DE,DE,P1020010A,N_A,T999A,K005A,RF-0119-001-PPP,0.00028,4.0,VAL,2016,DDT (sum),DDT (sum),"DDT (sum of p,p'-DDT, o,p'-DDT, p-p'-DDE and p,p'-TDE (DDD) expressed as DDT)",RF-0119-001-PPP,0.04,True
339445,625432D959CBBAB827A17B046DDB4BED,DE,DE,P1020010A,N_A,T999A,K005A,RF-0237-001-PPP,4.2e-05,1.4,VAL,2016,Hexachlorobenzene,Hexachlorobenzene,Hexachlorobenzene,RF-0237-001-PPP,0.005,True
339522,C77A5CA4F0B08EC44AF17B5A07561F91,DE,DE,P1020010A,N_A,T999A,K005A,RF-0102-001-PPP,0.05,-1.0,VAL,2016,Copper compounds,Copper compounds,Copper compounds (copper),RF-0102-001-PPP,2.0,True
339525,0C2D75C9AD5DA624AB6905B1484C2BA9,DE,DE,P1020010A,N_A,T999A,K005A,RF-0102-001-PPP,0.053,-1.0,VAL,2016,Copper compounds,Copper compounds,Copper compounds (copper),RF-0102-001-PPP,2.0,True
340009,C5011780FE4779E8029E9CF853BD94FE,DE,DE,P1020010A,N_A,T999A,K005A,RF-0119-001-PPP,8e-05,-1.0,VAL,2016,DDT (sum),DDT (sum),"DDT (sum of p,p'-DDT, o,p'-DDT, p-p'-DDE and p,p'-TDE (DDD) expressed as DDT)",RF-0119-001-PPP,0.04,True
340045,710443636AAFBDAEC45719FFD21B55DC,DE,DE,P1020010A,N_A,T999A,K005A,RF-0237-001-PPP,0.000114,3.8,VAL,2016,Hexachlorobenzene,Hexachlorobenzene,Hexachlorobenzene,RF-0237-001-PPP,0.005,True
340046,D6345EDA78BA722EAB8A28E06C5DD715,DE,DE,P1020010A,N_A,T999A,K005A,RF-0237-001-PPP,0.00016,4.0,VAL,2016,Hexachlorobenzene,Hexachlorobenzene,Hexachlorobenzene,RF-0237-001-PPP,0.005,True
340047,21E715B1E04C9FFDE0E5CC347C835E83,DE,DE,P1020010A,N_A,T999A,K005A,RF-0237-001-PPP,0.0002,4.0,VAL,2016,Hexachlorobenzene,Hexachlorobenzene,Hexachlorobenzene,RF-0237-001-PPP,0.005,True
340085,1F1BBB523F164C19870DED8F51DBD2CE,DE,DE,P1020010A,N_A,T999A,K005A,RF-0119-001-PPP,0.000114,3.8,VAL,2016,DDT (sum),DDT (sum),"DDT (sum of p,p'-DDT, o,p'-DDT, p-p'-DDE and p,p'-TDE (DDD) expressed as DDT)",RF-0119-001-PPP,0.04,True
340087,C3C88923190F1EE8458CA237A4192648,DE,DE,P1020010A,N_A,T999A,K005A,RF-0119-001-PPP,7e-05,3.5,VAL,2016,DDT (sum),DDT (sum),"DDT (sum of p,p'-DDT, o,p'-DDT, p-p'-DDE and p,p'-TDE (DDD) expressed as DDT)",RF-0119-001-PPP,0.04,True
340096,8ADAC72B746EA67EE201E2E822FD69F3,DE,DE,P1020010A,N_A,T999A,K005A,RF-0237-001-PPP,0.000117,3.9,VAL,2016,Hexachlorobenzene,Hexachlorobenzene,Hexachlorobenzene,RF-0237-001-PPP,0.005,True
340156,EE429D48D49735B40B306D33BC7CAD24,DE,DE,P1020010A,N_A,T999A,K005A,RF-0263-001-PPP,3.6e-05,4.0,VAL,2016,Lindane,Lindane,Lindane (Gamma-isomer of hexachlorocyclohexane (HCH)),RF-0263-001-PPP,0.01,True
340250,B1DF5B78CD30B125AE76E0773B346B19,DE,DE,P1020010A,N_A,T999A,K005A,RF-0237-001-PPP,0.000117,3.9,VAL,2016,Hexachlorobenzene,Hexachlorobenzene,Hexachlorobenzene,RF-0237-001-PPP,0.005,True
340251,65F7E493B4C0E7DCB36B9A3F842B8176,DE,DE,P1020010A,N_A,T999A,K005A,RF-0237-001-PPP,0.00012,4.0,VAL,2016,Hexachlorobenzene,Hexachlorobenzene,Hexachlorobenzene,RF-0237-001-PPP,0.005,True
340287,74C7777E4F94CD4565D51CE0BC415ABA,DE,DE,P1020010A,N_A,T999A,K005A,RF-0237-001-PPP,0.000102,3.4,VAL,2016,Hexachlorobenzene,Hexachlorobenzene,Hexachlorobenzene,RF-0237-001-PPP,0.005,True
340288,1F1BBB523F164C19870DED8F51DBD2CE,DE,DE,P1020010A,N_A,T999A,K005A,RF-0237-001-PPP,7.6e-05,3.8,VAL,2016,Hexachlorobenzene,Hexachlorobenzene,Hexachlorobenzene,RF-0237-001-PPP,0.005,True
340289,5EFC2BC142F96C0B987476C36ACC2378,DE,DE,P1020010A,N_A,T999A,K005A,RF-0237-001-PPP,5.8e-05,2.9,VAL,2016,Hexachlorobenzene,Hexachlorobenzene,Hexachlorobenzene,RF-0237-001-PPP,0.005,True
340290,842A0DCBC48C1F7C786385788138E4E8,DE,DE,P1020010A,N_A,T999A,K005A,RF-0237-001-PPP,2.8e-05,1.4,VAL,2016,Hexachlorobenzene,Hexachlorobenzene,Hexachlorobenzene,RF-0237-001-PPP,0.005,True
340291,DABF2CF0A4DEE24C0126D0430302DEA5,DE,DE,P1020010A,N_A,T999A,K005A,RF-0237-001-PPP,0.000102,3.4,VAL,2016,Hexachlorobenzene,Hexachlorobenzene,Hexachlorobenzene,RF-0237-001-PPP,0.005,True
340292,E8240613913EBE643E5E347B159E3BCB,DE,DE,P1020010A,N_A,T999A,K005A,RF-0237-001-PPP,7.4e-05,3.7,VAL,2016,Hexachlorobenzene,Hexachlorobenzene,Hexachlorobenzene,RF-0237-001-PPP,0.005,True
340293,2D69A6EF5607E004F7AAE12E567458CD,DE,DE,P1020010A,N_A,T999A,K005A,RF-0237-001-PPP,0.000105,3.5,VAL,2016,Hexachlorobenzene,Hexachlorobenzene,Hexachlorobenzene,RF-0237-001-PPP,0.005,True
340350,625432D959CBBAB827A17B046DDB4BED,DE,DE,P1020010A,N_A,T999A,K005A,RF-0119-001-PPP,2.8e-05,1.4,VAL,2016,DDT (sum),DDT (sum),"DDT (sum of p,p'-DDT, o,p'-DDT, p-p'-DDE and p,p'-TDE (DDD) expressed as DDT)",RF-0119-001-PPP,0.04,True
340382,8FAEA7604783FCA0B971646641C28B0A,DE,DE,P1020010A,N_A,T999A,K005A,RF-00000015-CHE,0.018,-1.0,VAL,2016,Chlorate,Chlorate,Chlorate,RF-00000015-CHE,0.1,True
340479,ACA50CC7BB1C935FE574DDD396C38979,DE,DE,P1020010A,N_A,T999A,K005A,RF-0237-001-PPP,7e-05,3.5,VAL,2016,Hexachlorobenzene,Hexachlorobenzene,Hexachlorobenzene,RF-0237-001-PPP,0.005,True
340480,0A27B3343728152E791E1DCB7AD8DD75,DE,DE,P1020010A,N_A,T999A,K005A,RF-0237-001-PPP,9.9e-05,3.3,VAL,2016,Hexachlorobenzene,Hexachlorobenzene,Hexachlorobenzene,RF-0237-001-PPP,0.005,True
340481,939D6A78DBD7D5B0C34A0B1012EE3AC6,DE,DE,P1020010A,N_A,T999A,K005A,RF-0237-001-PPP,4.2e-05,1.4,VAL,2016,Hexachlorobenzene,Hexachlorobenzene,Hexachlorobenzene,RF-0237-001-PPP,0.005,True
340554,8FAEA7604783FCA0B971646641C28B0A,DE,DE,P1020010A,N_A,T999A,K005A,RF-0237-001-PPP,0.00024,4.0,VAL,2016,Hexachlorobenzene,Hexachlorobenzene,Hexachlorobenzene,RF-0237-001-PPP,0.005,True
340629,585ED46995C921A5C0F06AD1B3ABD05C,DE,DE,P1020010A,N_A,T999A,K005A,RF-0237-001-PPP,4.2e-05,1.4,VAL,2016,Hexachlorobenzene,Hexachlorobenzene,Hexachlorobenzene,RF-0237-001-PPP,0.005,True
340867,D95F799C8C0DCE96779ED113C4F3A2DE,DE,DE,P1020010A,N_A,T999A,K005A,RF-0237-001-PPP,0.00016,4.0,VAL,2016,Hexachlorobenzene,Hexachlorobenzene,Hexachlorobenzene,RF-0237-001-PPP,0.005,True
340868,F11CBBC1E601FB6F546BFB6083B32EEF,DE,DE,P1020010A,N_A,T999A,K005A,RF-0237-001-PPP,0.000132,4.4,VAL,2016,Hexachlorobenzene,Hexachlorobenzene,Hexachlorobenzene,RF-0237-001-PPP,0.005,True
340950,DA74219B45EEFA456B246ECB455136B4,DE,DE,P1020010A,N_A,T999A,K005A,RF-0237-001-PPP,0.000117,3.9,VAL,2016,Hexachlorobenzene,Hexachlorobenzene,Hexachlorobenzene,RF-0237-001-PPP,0.005,True
341156,3908D20FFDA61E179EF23BE47D90EA42,DE,DE,P1020010A,N_A,T999A,K005A,RF-0120-001-PPP,0.00116,4.0,VAL,2016,Deltamethrin,Deltamethrin,Deltamethrin (cis-deltamethrin),RF-0120-001-PPP,0.05,True
341256,6C9EB72237C9BD1B628CA51043173730,DE,DE,P1020010A,N_A,T999A,K005A,RF-0112-001-PPP,0.00164,4.0,VAL,2016,Cypermethrin (sum),Cypermethrin (sum),Cypermethrin (Cypermethrin including other mixtures of constituent isomers (sum of isomers)),RF-0112-001-PPP,0.05,True
341526,6C9EB72237C9BD1B628CA51043173730,DE,DE,P1020010A,N_A,T999A,K005A,RF-0119-001-PPP,0.0012,-1.0,VAL,2016,DDT (sum),DDT (sum),"DDT (sum of p,p'-DDT, o,p'-DDT, p-p'-DDE and p,p'-TDE (DDD) expressed as DDT)",RF-0119-001-PPP,0.04,True
341734,334A50FAF3DB52B2945F93872DAAC59F,DE,DE,P1020010A,N_A,T999A,K005A,RF-0237-001-PPP,3.6e-05,3.6,VAL,2016,Hexachlorobenzene,Hexachlorobenzene,Hexachlorobenzene,RF-0237-001-PPP,0.005,True
341830,1F4451D7686D78A30506C263B42D1ECD,DE,DE,P1020010A,N_A,T999A,K005A,RF-0237-001-PPP,7.4e-05,3.7,VAL,2016,Hexachlorobenzene,Hexachlorobenzene,Hexachlorobenzene,RF-0237-001-PPP,0.005,True
341882,AEE94B37C2F8D89300DBED5D998E1A3C,DE,DE,P1020010A,N_A,T999A,K005A,RF-0119-001-PPP,0.00088,4.0,VAL,2016,DDT (sum),DDT (sum),"DDT (sum of p,p'-DDT, o,p'-DDT, p-p'-DDE and p,p'-TDE (DDD) expressed as DDT)",RF-0119-001-PPP,0.04,True
341885,8FAEA7604783FCA0B971646641C28B0A,DE,DE,P1020010A,N_A,T999A,K005A,RF-0119-001-PPP,8e-05,-1.0,VAL,2016,DDT (sum),DDT (sum),"DDT (sum of p,p'-DDT, o,p'-DDT, p-p'-DDE and p,p'-TDE (DDD) expressed as DDT)",RF-0119-001-PPP,0.04,True
341923,96F48904A2098DBC01943CDB4BEEC362,DE,DE,P1020010A,N_A,T999A,K005A,RF-0237-001-PPP,4e-05,4.0,VAL,2016,Hexachlorobenzene,Hexachlorobenzene,Hexachlorobenzene,RF-0237-001-PPP,0.005,True
342507,238E70D68FC639B41817255F5B265121,DE,AT,P1020010A,N_A,T999A,K005A,RF-0237-001-PPP,4.8e-05,1.6,VAL,2016,Hexachlorobenzene,Hexachlorobenzene,Hexachlorobenzene,RF-0237-001-PPP,0.005,True
342508,DB61AC3D15FADF303BF98597746B5F7D,DE,AT,P1020010A,N_A,T999A,K005A,RF-0237-001-PPP,0.000114,3.8,VAL,2016,Hexachlorobenzene,Hexachlorobenzene,Hexachlorobenzene,RF-0237-001-PPP,0.005,True
342509,9F21453DD8AAAC9BDB5D29D0D50E595F,DE,DE,P1020010A,N_A,T999A,K005A,RF-0237-001-PPP,4.2e-05,1.4,VAL,2016,Hexachlorobenzene,Hexachlorobenzene,Hexachlorobenzene,RF-0237-001-PPP,0.005,True
342510,F5CD34F97D5C9F6E9DD4336C3ABA19B9,DE,DE,P1020010A,N_A,T999A,K005A,RF-0237-001-PPP,3.5e-05,3.5,VAL,2016,Hexachlorobenzene,Hexachlorobenzene,Hexachlorobenzene,RF-0237-001-PPP,0.005,True
342549,198673890EA1D3BD2F869BCE777BF34C,DE,DE,P1020010A,N_A,T999A,K005A,RF-0237-001-PPP,0.000148,3.7,VAL,2016,Hexachlorobenzene,Hexachlorobenzene,Hexachlorobenzene,RF-0237-001-PPP,0.005,True
342551,5A3DD6305F3162F1436048D9558E6C83,DE,DE,P1020010A,N_A,T999A,K005A,RF-0237-001-PPP,4.2e-05,1.4,VAL,2016,Hexachlorobenzene,Hexachlorobenzene,Hexachlorobenzene,RF-0237-001-PPP,0.005,True
342552,F70BE9F63B98C25AE28D6A40F80DD2E1,DE,AT,P1020010A,N_A,T999A,K005A,RF-0237-001-PPP,4.5e-05,1.5,VAL,2016,Hexachlorobenzene,Hexachlorobenzene,Hexachlorobenzene,RF-0237-001-PPP,0.005,True
343352,662C0C87D6EDDEEBB36017516098D04B,DE,DE,P1020010A,N_A,T999A,K005A,RF-0237-001-PPP,2.8e-05,1.4,VAL,2016,Hexachlorobenzene,Hexachlorobenzene,Hexachlorobenzene,RF-0237-001-PPP,0.005,True
343426,A17427F754DACE07691FC0CC670C0A22,DE,DE,P1020010A,N_A,T999A,K005A,RF-0237-001-PPP,0.000102,3.4,VAL,2016,Hexachlorobenzene,Hexachlorobenzene,Hexachlorobenzene,RF-0237-001-PPP,0.005,True
343541,599FFEF99DB432F98AC05293D44686BE,DE,DE,P1020010A,N_A,T999A,K005A,RF-0237-001-PPP,0.00016,4.0,VAL,2016,Hexachlorobenzene,Hexachlorobenzene,Hexachlorobenzene,RF-0237-001-PPP,0.005,True
343542,4CCA876A468FFC08DEE8F513E9080068,DE,DE,P1020010A,N_A,T999A,K005A,RF-0237-001-PPP,0.000152,3.8,VAL,2016,Hexachlorobenzene,Hexachlorobenzene,Hexachlorobenzene,RF-0237-001-PPP,0.005,True
343543,BEDA56D367F354C67F97DB0264216FCD,DE,DE,P1020010A,N_A,T999A,K005A,RF-0237-001-PPP,0.00012,4.0,VAL,2016,Hexachlorobenzene,Hexachlorobenzene,Hexachlorobenzene,RF-0237-001-PPP,0.005,True
343544,35452B9B6E6D43DC72E023283EF897E8,DE,DE,P1020010A,N_A,T999A,K005A,RF-0237-001-PPP,4.2e-05,1.4,VAL,2016,Hexachlorobenzene,Hexachlorobenzene,Hexachlorobenzene,RF-0237-001-PPP,0.005,True
343590,7D10E0272CBD748139648BCF1DC910C3,DE,DE,P1020010A,N_A,T999A,K005A,RF-0237-001-PPP,0.000114,3.8,VAL,2016,Hexachlorobenzene,Hexachlorobenzene,Hexachlorobenzene,RF-0237-001-PPP,0.005,True
343591,4FD2092FAE3761C4668FC9A1EB50D9F4,DE,DE,P1020010A,N_A,T999A,K005A,RF-0237-001-PPP,0.00012,4.0,VAL,2016,Hexachlorobenzene,Hexachlorobenzene,Hexachlorobenzene,RF-0237-001-PPP,0.005,True
344360,92768E76B54F0402C9A65C873DE18976,DE,DE,P1020010A,N_A,T999A,K005A,RF-0102-001-PPP,0.06,-1.0,VAL,2016,Copper compounds,Copper compounds,Copper compounds (copper),RF-0102-001-PPP,2.0,True
344362,A4EAA5A27B60AE49E87BE17F057D9A24,DE,DE,P1020010A,N_A,T999A,K005A,RF-0102-001-PPP,0.071,-1.0,VAL,2016,Copper compounds,Copper compounds,Copper compounds (copper),RF-0102-001-PPP,2.0,True
344457,15F92CC5ACC5C06559584675DCF33DAC,DE,DE,P1020010A,N_A,T999A,K005A,RF-0119-001-PPP,0.00012,-1.0,VAL,2016,DDT (sum),DDT (sum),"DDT (sum of p,p'-DDT, o,p'-DDT, p-p'-DDE and p,p'-TDE (DDD) expressed as DDT)",RF-0119-001-PPP,0.04,True
344875,C3C88923190F1EE8458CA237A4192648,DE,DE,P1020010A,N_A,T999A,K005A,RF-0237-001-PPP,0.00014,3.5,VAL,2016,Hexachlorobenzene,Hexachlorobenzene,Hexachlorobenzene,RF-0237-001-PPP,0.005,True
345153,66C492D0DBBCC459AB1D84CAA4CF80B2,DE,DE,P1020010A,N_A,T999A,K005A,RF-0237-001-PPP,3.4e-05,1.7,VAL,2016,Hexachlorobenzene,Hexachlorobenzene,Hexachlorobenzene,RF-0237-001-PPP,0.005,True
345290,BEDA56D367F354C67F97DB0264216FCD,DE,DE,P1020010A,N_A,T999A,K005A,RF-0119-001-PPP,8e-05,-1.0,VAL,2016,DDT (sum),DDT (sum),"DDT (sum of p,p'-DDT, o,p'-DDT, p-p'-DDE and p,p'-TDE (DDD) expressed as DDT)",RF-0119-001-PPP,0.04,True
345453,02A0A983B7FCC52B4FB2018361CCA554,DE,DE,P1020010A,N_A,T999A,K005A,RF-0119-001-PPP,7.2e-05,3.6,VAL,2016,DDT (sum),DDT (sum),"DDT (sum of p,p'-DDT, o,p'-DDT, p-p'-DDE and p,p'-TDE (DDD) expressed as DDT)",RF-0119-001-PPP,0.04,True
345454,710443636AAFBDAEC45719FFD21B55DC,DE,DE,P1020010A,N_A,T999A,K005A,RF-0119-001-PPP,7.6e-05,3.8,VAL,2016,DDT (sum),DDT (sum),"DDT (sum of p,p'-DDT, o,p'-DDT, p-p'-DDE and p,p'-TDE (DDD) expressed as DDT)",RF-0119-001-PPP,0.04,True
345697,C5011780FE4779E8029E9CF853BD94FE,DE,DE,P1020010A,N_A,T999A,K005A,RF-0237-001-PPP,0.00024,4.0,VAL,2016,Hexachlorobenzene,Hexachlorobenzene,Hexachlorobenzene,RF-0237-001-PPP,0.005,True
346492,2DCC8C570A30BECC721B3753EE37BE40,DE,DE,P1020010A,N_A,T999A,K005A,RF-0237-001-PPP,0.00016,4.0,VAL,2016,Hexachlorobenzene,Hexachlorobenzene,Hexachlorobenzene,RF-0237-001-PPP,0.005,True
346493,02A0A983B7FCC52B4FB2018361CCA554,DE,DE,P1020010A,N_A,T999A,K005A,RF-0237-001-PPP,0.000108,3.6,VAL,2016,Hexachlorobenzene,Hexachlorobenzene,Hexachlorobenzene,RF-0237-001-PPP,0.005,True
346494,15F92CC5ACC5C06559584675DCF33DAC,DE,DE,P1020010A,N_A,T999A,K005A,RF-0237-001-PPP,0.00024,4.0,VAL,2016,Hexachlorobenzene,Hexachlorobenzene,Hexachlorobenzene,RF-0237-001-PPP,0.005,True
346708,E57E856C098F8A931C5EB9FAF8B0CAC1,DE,DE,P1020010A,N_A,T999A,K005A,RF-0102-001-PPP,0.066,-1.0,VAL,2016,Copper compounds,Copper compounds,Copper compounds (copper),RF-0102-001-PPP,2.0,True
346709,F94F285823ACEAAE31E8271AA4379988,DE,DE,P1020010A,N_A,T999A,K005A,RF-0102-001-PPP,0.06,-1.0,VAL,2016,Copper compounds,Copper compounds,Copper compounds (copper),RF-0102-001-PPP,2.0,True
346710,428DB97D199068A96FB5503C5C2930C8,DE,DE,P1020010A,N_A,T999A,K005A,RF-0102-001-PPP,0.056,-1.0,VAL,2016,Copper compounds,Copper compounds,Copper compounds (copper),RF-0102-001-PPP,2.0,True
346713,E7B138CD906F2BB9204398EA8A23BB26,DE,DE,P1020010A,N_A,T999A,K005A,RF-0102-001-PPP,0.053,-1.0,VAL,2016,Copper compounds,Copper compounds,Copper compounds (copper),RF-0102-001-PPP,2.0,True
347086,1A5D1483909C4498253AEB5ADF4AB6D0,DE,DE,P1020010A,N_A,T999A,K005A,RF-0237-001-PPP,4e-05,4.0,VAL,2016,Hexachlorobenzene,Hexachlorobenzene,Hexachlorobenzene,RF-0237-001-PPP,0.005,True
347151,AD9ADF71F6FB38E735A9F29CBE386503,DE,DE,P1020010A,N_A,T999A,K005A,RF-0237-001-PPP,6.8e-05,3.4,VAL,2016,Hexachlorobenzene,Hexachlorobenzene,Hexachlorobenzene,RF-0237-001-PPP,0.005,True
347152,05B6A437AC3D4DBC75A02AF7E5F40167,DE,DE,P1020010A,N_A,T999A,K005A,RF-0237-001-PPP,6e-05,3.0,VAL,2016,Hexachlorobenzene,Hexachlorobenzene,Hexachlorobenzene,RF-0237-001-PPP,0.005,True
347185,D03920DEF3962150F5F1ED630DA5F066,DE,DE,P1020010A,N_A,T999A,K005A,RF-0119-001-PPP,0.00024,4.0,VAL,2016,DDT (sum),DDT (sum),"DDT (sum of p,p'-DDT, o,p'-DDT, p-p'-DDE and p,p'-TDE (DDD) expressed as DDT)",RF-0119-001-PPP,0.04,True
347186,02212F33D8A46F0AD8D30731D79FF8CE,DE,DE,P1020010A,N_A,T999A,K005A,RF-0119-001-PPP,0.00024,4.0,VAL,2016,DDT (sum),DDT (sum),"DDT (sum of p,p'-DDT, o,p'-DDT, p-p'-DDE and p,p'-TDE (DDD) expressed as DDT)",RF-0119-001-PPP,0.04,True
347623,D95F799C8C0DCE96779ED113C4F3A2DE,DE,DE,P1020010A,N_A,T999A,K005A,RF-0119-001-PPP,8e-05,4.0,VAL,2016,DDT (sum),DDT (sum),"DDT (sum of p,p'-DDT, o,p'-DDT, p-p'-DDE and p,p'-TDE (DDD) expressed as DDT)",RF-0119-001-PPP,0.04,True
347624,C67E3875523F6DE83E5AA6479682C768,DE,DE,P1020010A,N_A,T999A,K005A,RF-0119-001-PPP,8.9e-05,4.0,VAL,2016,DDT (sum),DDT (sum),"DDT (sum of p,p'-DDT, o,p'-DDT, p-p'-DDE and p,p'-TDE (DDD) expressed as DDT)",RF-0119-001-PPP,0.04,True
347625,1A5D1483909C4498253AEB5ADF4AB6D0,DE,DE,P1020010A,N_A,T999A,K005A,RF-0119-001-PPP,0.00012,-1.0,VAL,2016,DDT (sum),DDT (sum),"DDT (sum of p,p'-DDT, o,p'-DDT, p-p'-DDE and p,p'-TDE (DDD) expressed as DDT)",RF-0119-001-PPP,0.04,True
347626,7D10E0272CBD748139648BCF1DC910C3,DE,DE,P1020010A,N_A,T999A,K005A,RF-0119-001-PPP,3.8e-05,3.8,VAL,2016,DDT (sum),DDT (sum),"DDT (sum of p,p'-DDT, o,p'-DDT, p-p'-DDE and p,p'-TDE (DDD) expressed as DDT)",RF-0119-001-PPP,0.04,True
347636,6B4CCBB68A49726E64D53E8D29DBA353,DE,DE,P1020010A,N_A,T999A,K005A,RF-00002582-PAR,0.15,-1.0,VAL,2016,Benzalkonium chloride,Benzalkonium chloride,Benzalkonium chloride (BAC),RF-00002582-PAR,0.1,True
347762,DA74219B45EEFA456B246ECB455136B4,DE,DE,P1020010A,N_A,T999A,K005A,RF-0119-001-PPP,7.8e-05,3.9,VAL,2016,DDT (sum),DDT (sum),"DDT (sum of p,p'-DDT, o,p'-DDT, p-p'-DDE and p,p'-TDE (DDD) expressed as DDT)",RF-0119-001-PPP,0.04,True
364755,BE02E667AE9F223A06108B6EE25B74BE,IE,IE,P1020000A,N_A,T999A,K005A,RF-0271-005-PPP,0.39,-1.0,VAL,2016,-1,-1,-1,-1,-1.0,-1
365426,BE02E667AE9F223A06108B6EE25B74BE,IE,IE,P1020000A,N_A,T999A,K005A,RF-0273-003-PPP,0.35,-1.0,VAL,2016,Mecoprop (sum),Mecoprop (sum),Mecoprop (sum of mecoprop-p and mecoprop expressed as mecoprop),RF-0273-003-PPP,0.01,True
370237,BE02E667AE9F223A06108B6EE25B74BE,IE,IE,P1020000A,N_A,T999A,K005A,RF-0010-003-PPP,0.29,-1.0,VAL,2016,"2,4-D (sum)","2,4-D","2,4-D",RF-0010-003-PPP,0.01,True
395762,D25F69F5FB17C9A66B830BA8B85E9EBA,RO,RO,P1020010A,N_A,T999A,K018A,RF-0237-001-PPP,0.0011,3.1,VAL,2016,Hexachlorobenzene,Hexachlorobenzene,Hexachlorobenzene,RF-0237-001-PPP,0.005,True
395900,0A13C65FFFDFA1124A345A2BC2A15A91,RO,RO,P1020010A,N_A,T999A,K018A,RF-0075-005-PPP,0.0009,4.0,VAL,2016,Chlordane (sum),Chlordane (sum),Chlordane (sum of cis- and trans-isomers and oxychlordane expressed as chlordane),RF-0075-005-PPP,0.002,True
395921,93C2963849A4F308896CA993C1975E8D,RO,RO,P1020010A,N_A,T999A,K018A,RF-0075-005-PPP,0.0007,4.0,VAL,2016,Chlordane (sum),Chlordane (sum),Chlordane (sum of cis- and trans-isomers and oxychlordane expressed as chlordane),RF-0075-005-PPP,0.002,True
395961,93C2963849A4F308896CA993C1975E8D,RO,RO,P1020010A,N_A,T999A,K018A,RF-0119-001-PPP,0.0009,4.0,VAL,2016,DDT (sum),DDT (sum),"DDT (sum of p,p'-DDT, o,p'-DDT, p-p'-DDE and p,p'-TDE (DDD) expressed as DDT)",RF-0119-001-PPP,0.04,True
395990,E0B907121D8C5301836EE811D2C27337,RO,RO,P1020010A,N_A,T999A,K018A,RF-0075-005-PPP,0.0011,4.0,VAL,2016,Chlordane (sum),Chlordane (sum),Chlordane (sum of cis- and trans-isomers and oxychlordane expressed as chlordane),RF-0075-005-PPP,0.002,True
395992,E0B907121D8C5301836EE811D2C27337,RO,RO,P1020010A,N_A,T999A,K018A,RF-0119-001-PPP,0.0006,4.0,VAL,2016,DDT (sum),DDT (sum),"DDT (sum of p,p'-DDT, o,p'-DDT, p-p'-DDE and p,p'-TDE (DDD) expressed as DDT)",RF-0119-001-PPP,0.04,True
395998,4739024B592970B2C95B9715F36CBFA7,RO,RO,P1020010A,N_A,T999A,K018A,RF-0238-001-PPP,0.0022,4.0,VAL,2016,HCH-alpha,HCH-alpha,"Hexachlorocyclohexane (HCH), alpha-isomer",RF-0238-001-PPP,0.01,True
396002,93C2963849A4F308896CA993C1975E8D,RO,RO,P1020010A,N_A,T999A,K018A,RF-0238-001-PPP,0.0032,4.0,VAL,2016,HCH-alpha,HCH-alpha,"Hexachlorocyclohexane (HCH), alpha-isomer",RF-0238-001-PPP,0.01,True
396050,0A13C65FFFDFA1124A345A2BC2A15A91,RO,RO,P1020010A,N_A,T999A,K018A,RF-0237-001-PPP,0.0017,4.0,VAL,2016,Hexachlorobenzene,Hexachlorobenzene,Hexachlorobenzene,RF-0237-001-PPP,0.005,True
396108,C15D29DB5EAEDAA26987CE4D8AC2103E,RO,RO,P1020010A,N_A,T999A,K018A,RF-0075-005-PPP,0.0005,4.0,VAL,2016,Chlordane (sum),Chlordane (sum),Chlordane (sum of cis- and trans-isomers and oxychlordane expressed as chlordane),RF-0075-005-PPP,0.002,True
396110,C15D29DB5EAEDAA26987CE4D8AC2103E,RO,RO,P1020010A,N_A,T999A,K018A,RF-0119-001-PPP,0.0011,4.0,VAL,2016,DDT (sum),DDT (sum),"DDT (sum of p,p'-DDT, o,p'-DDT, p-p'-DDE and p,p'-TDE (DDD) expressed as DDT)",RF-0119-001-PPP,0.04,True
396116,448611F72F59DB36A86540F2CAEC64C6,RO,RO,P1020010A,N_A,T999A,K018A,RF-0075-005-PPP,0.0017,4.0,VAL,2016,Chlordane (sum),Chlordane (sum),Chlordane (sum of cis- and trans-isomers and oxychlordane expressed as chlordane),RF-0075-005-PPP,0.002,True
396142,448611F72F59DB36A86540F2CAEC64C6,RO,RO,P1020010A,N_A,T999A,K018A,RF-0119-001-PPP,0.0008,4.0,VAL,2016,DDT (sum),DDT (sum),"DDT (sum of p,p'-DDT, o,p'-DDT, p-p'-DDE and p,p'-TDE (DDD) expressed as DDT)",RF-0119-001-PPP,0.04,True
396218,448611F72F59DB36A86540F2CAEC64C6,RO,RO,P1020010A,N_A,T999A,K018A,RF-0237-001-PPP,0.0026,4.0,VAL,2016,Hexachlorobenzene,Hexachlorobenzene,Hexachlorobenzene,RF-0237-001-PPP,0.005,True
396219,448611F72F59DB36A86540F2CAEC64C6,RO,RO,P1020010A,N_A,T999A,K018A,RF-0238-001-PPP,0.0028,4.0,VAL,2016,HCH-alpha,HCH-alpha,"Hexachlorocyclohexane (HCH), alpha-isomer",RF-0238-001-PPP,0.01,True
396228,840E9EB37736C71E23BFDDE42BE4F766,RO,RO,P1020010A,N_A,T999A,K018A,RF-0075-005-PPP,0.0009,4.0,VAL,2016,Chlordane (sum),Chlordane (sum),Chlordane (sum of cis- and trans-isomers and oxychlordane expressed as chlordane),RF-0075-005-PPP,0.002,True
396287,C15D29DB5EAEDAA26987CE4D8AC2103E,RO,RO,P1020010A,N_A,T999A,K018A,RF-0236-006-PPP,0.0006,4.0,VAL,2016,Heptachlor (sum of isomers),Heptachlor (sum of isomers),Heptachlor (sum of heptachlor and the cis and trans isomers of heptachlor epoxide),RF-0236-006-PPP,0.004,True
396317,840E9EB37736C71E23BFDDE42BE4F766,RO,RO,P1020010A,N_A,T999A,K018A,RF-0119-001-PPP,0.0019,4.0,VAL,2016,DDT (sum),DDT (sum),"DDT (sum of p,p'-DDT, o,p'-DDT, p-p'-DDE and p,p'-TDE (DDD) expressed as DDT)",RF-0119-001-PPP,0.04,True
396343,840E9EB37736C71E23BFDDE42BE4F766,RO,RO,P1020010A,N_A,T999A,K018A,RF-0236-006-PPP,0.0028,4.0,VAL,2016,Heptachlor (sum of isomers),Heptachlor (sum of isomers),Heptachlor (sum of heptachlor and the cis and trans isomers of heptachlor epoxide),RF-0236-006-PPP,0.004,True
396344,840E9EB37736C71E23BFDDE42BE4F766,RO,RO,P1020010A,N_A,T999A,K018A,RF-0237-001-PPP,0.0013,4.0,VAL,2016,Hexachlorobenzene,Hexachlorobenzene,Hexachlorobenzene,RF-0237-001-PPP,0.005,True
399695,5A1769FDE1508BBF0BC849121CF0978A,IT,IT,P1020000A,N_A,T999A,K005A,RF-1078-004-PPP,0.012,-1.0,VAL,2016,BAC 12,BAC 12,BAC 12,RF-1078-004-PPP,0.1,True
399905,5A1769FDE1508BBF0BC849121CF0978A,IT,IT,P1020000A,N_A,T999A,K005A,RF-00002582-PAR,0.012,-1.0,VAL,2016,Benzalkonium chloride,Benzalkonium chloride,Benzalkonium chloride (BAC),RF-00002582-PAR,0.1,True
400240,E90230D8224221008543CEA66CEE1670,IT,IT,P1020000A,N_A,T150A,K005A,RF-1078-005-PPP,0.017,-1.0,VAL,2016,BAC 14,BAC 14,BAC 14,RF-1078-005-PPP,0.1,True
400551,9C6BCE3BD51A4A2E633036DF7F5D1E48,IT,IT,P1020000A,N_A,T150A,K005A,RF-1078-005-PPP,0.052,-1.0,VAL,2016,BAC 14,BAC 14,BAC 14,RF-1078-005-PPP,0.1,True
400850,E90230D8224221008543CEA66CEE1670,IT,IT,P1020000A,N_A,T150A,K005A,RF-1078-004-PPP,0.015,-1.0,VAL,2016,BAC 12,BAC 12,BAC 12,RF-1078-004-PPP,0.1,True
400913,66B81E54ECD58D55CDC3D28C5BB9DB44,IT,IT,P1020000A,N_A,T999A,K005A,RF-1078-004-PPP,0.03,-1.0,VAL,2016,BAC 12,BAC 12,BAC 12,RF-1078-004-PPP,0.1,True
401955,9C6BCE3BD51A4A2E633036DF7F5D1E48,IT,IT,P1020000A,N_A,T150A,K005A,RF-1078-004-PPP,0.089,-1.0,VAL,2016,BAC 12,BAC 12,BAC 12,RF-1078-004-PPP,0.1,True
402123,66B81E54ECD58D55CDC3D28C5BB9DB44,IT,IT,P1020000A,N_A,T999A,K005A,RF-1078-005-PPP,0.032,-1.0,VAL,2016,BAC 14,BAC 14,BAC 14,RF-1078-005-PPP,0.1,True
411728,25AF61B4F29277D860D18D3002F577CC,BE,BE,P1020010A,N_A,T999A,K005A,RF-0119-001-PPP,0.05801,4.0,VAL,2016,DDT (sum),DDT (sum),"DDT (sum of p,p'-DDT, o,p'-DDT, p-p'-DDE and p,p'-TDE (DDD) expressed as DDT)",RF-0119-001-PPP,0.04,True
412081,30708B159424318AF158B1B1F62C344B,BE,BE,P1020010A,N_A,T999A,K005A,RF-0119-007-PPP,0.02598,4.0,VAL,2016,DDT (sum),"DDE, o,p-","DDE, o,p-",RF-0119-007-PPP,0.04,True
412122,30708B159424318AF158B1B1F62C344B,BE,BE,P1020010A,N_A,T999A,K005A,RF-0119-001-PPP,0.02598,4.0,VAL,2016,DDT (sum),DDT (sum),"DDT (sum of p,p'-DDT, o,p'-DDT, p-p'-DDE and p,p'-TDE (DDD) expressed as DDT)",RF-0119-001-PPP,0.04,True
412304,E37750153F9D298D8C4EC46FC4692ED6,BE,BE,P1020010A,N_A,T999A,K005A,RF-0119-003-PPP,0.01859,4.0,VAL,2016,DDT (sum),"DDT, o,p-","DDT, o,p-",RF-0119-003-PPP,0.04,True
412357,2BB109B46C291C761375CDF80351CB9D,BE,BE,P1020010A,N_A,T999A,K005A,RF-0021-001-PPP,0.01375,4.0,VAL,2016,Dieldrin (sum),Dieldrin (sum),Aldrin and Dieldrin (Aldrin and dieldrin combined expressed as dieldrin),RF-0021-001-PPP,0.006,True
412673,119C314C8BD206D915707CD8865E9BCC,BE,BE,P1020010A,N_A,T999A,K005A,RF-0119-003-PPP,0.01531,4.0,VAL,2016,DDT (sum),"DDT, o,p-","DDT, o,p-",RF-0119-003-PPP,0.04,True
412685,119C314C8BD206D915707CD8865E9BCC,BE,BE,P1020010A,N_A,T999A,K005A,RF-0119-001-PPP,0.01531,4.0,VAL,2016,DDT (sum),DDT (sum),"DDT (sum of p,p'-DDT, o,p'-DDT, p-p'-DDE and p,p'-TDE (DDD) expressed as DDT)",RF-0119-001-PPP,0.04,True
412981,7FE861D73CEE800601BEB49E018E8469,BE,BE,P1020010A,N_A,T999A,K005A,RF-0237-001-PPP,0.03066,4.0,VAL,2016,Hexachlorobenzene,Hexachlorobenzene,Hexachlorobenzene,RF-0237-001-PPP,0.005,True
412986,7FE861D73CEE800601BEB49E018E8469,BE,BE,P1020010A,N_A,T999A,K005A,RF-0119-007-PPP,0.02201,4.0,VAL,2016,DDT (sum),"DDE, o,p-","DDE, o,p-",RF-0119-007-PPP,0.04,True
413046,7FE861D73CEE800601BEB49E018E8469,BE,BE,P1020010A,N_A,T999A,K005A,RF-0119-006-PPP,0.01776,4.0,VAL,2016,DDT (sum),"DDT, p,p-","DDT, p,p-",RF-0119-006-PPP,0.04,True
413049,7FE861D73CEE800601BEB49E018E8469,BE,BE,P1020010A,N_A,T999A,K005A,RF-0239-002-PPP,0.01095,4.0,VAL,2016,HCH-beta,HCH-beta,"Hexachlorocyclohexane (HCH), beta-isomer",RF-0239-002-PPP,0.01,True
413129,7FE861D73CEE800601BEB49E018E8469,BE,BE,P1020010A,N_A,T999A,K005A,RF-0119-001-PPP,0.03977,4.0,VAL,2016,DDT (sum),DDT (sum),"DDT (sum of p,p'-DDT, o,p'-DDT, p-p'-DDE and p,p'-TDE (DDD) expressed as DDT)",RF-0119-001-PPP,0.04,True
413285,2BB109B46C291C761375CDF80351CB9D,BE,BE,P1020010A,N_A,T999A,K005A,RF-0021-003-PPP,0.01375,4.0,VAL,2016,Dieldrin (sum),Dieldrin (sum),Dieldrin,RF-0021-003-PPP,0.006,True
413430,E37750153F9D298D8C4EC46FC4692ED6,BE,BE,P1020010A,N_A,T999A,K005A,RF-0119-001-PPP,0.01859,4.0,VAL,2016,DDT (sum),DDT (sum),"DDT (sum of p,p'-DDT, o,p'-DDT, p-p'-DDE and p,p'-TDE (DDD) expressed as DDT)",RF-0119-001-PPP,0.04,True
413445,25AF61B4F29277D860D18D3002F577CC,BE,BE,P1020010A,N_A,T999A,K005A,RF-0119-006-PPP,0.0202,4.0,VAL,2016,DDT (sum),"DDT, p,p-","DDT, p,p-",RF-0119-006-PPP,0.04,True
413478,25AF61B4F29277D860D18D3002F577CC,BE,BE,P1020010A,N_A,T999A,K005A,RF-0119-003-PPP,0.03781,4.0,VAL,2016,DDT (sum),"DDT, o,p-","DDT, o,p-",RF-0119-003-PPP,0.04,True
430312,370299DF1E136E3660BFF82A373FECEF,GB,GB,P1020010A,N_A,T999A,K005A,RF-1078-004-PPP,0.1,-1.0,VAL,2016,BAC 12,BAC 12,BAC 12,RF-1078-004-PPP,0.1,True
430315,370299DF1E136E3660BFF82A373FECEF,GB,GB,P1020010A,N_A,T999A,K005A,RF-00002582-PAR,0.1,-1.0,VAL,2016,Benzalkonium chloride,Benzalkonium chloride,Benzalkonium chloride (BAC),RF-00002582-PAR,0.1,True
444317,066EF6ADF6354120C7069AB99DAD59FB,GB,GB,P1020010A,N_A,T999A,K005A,RF-1078-004-PPP,0.09,-1.0,VAL,2016,BAC 12,BAC 12,BAC 12,RF-1078-004-PPP,0.1,True
444852,066EF6ADF6354120C7069AB99DAD59FB,GB,GB,P1020010A,N_A,T999A,K005A,RF-00002582-PAR,0.09,-1.0,VAL,2016,Benzalkonium chloride,Benzalkonium chloride,Benzalkonium chloride (BAC),RF-00002582-PAR,0.1,True
447462,8A509B95BEEA143E13F3D84A0369C60E,GB,GB,P1020010A,N_A,T999A,K005A,RF-1078-004-PPP,0.06,-1.0,VAL,2016,BAC 12,BAC 12,BAC 12,RF-1078-004-PPP,0.1,True
447854,8A509B95BEEA143E13F3D84A0369C60E,GB,GB,P1020010A,N_A,T999A,K005A,RF-00002582-PAR,0.06,-1.0,VAL,2016,Benzalkonium chloride,Benzalkonium chloride,Benzalkonium chloride (BAC),RF-00002582-PAR,0.1,True
454852,6454592DB962B905230EB6037084CDEA,CZ,XX,P1020010A,A.01.000950,T999A,K005A,RF-0119-002-PPP,6.9883e-05,0.9,VAL,2017,DDT (sum),"DDE, p,p-","DDE, p,p-",RF-0119-002-PPP,0.04,True
454932,6454592DB962B905230EB6037084CDEA,CZ,XX,P1020010A,A.01.000950,T999A,K005A,RF-0237-001-PPP,3.78986e-05,0.9,VAL,2017,Hexachlorobenzene,Hexachlorobenzene,Hexachlorobenzene,RF-0237-001-PPP,0.005,True
454938,DA84485DC68BB5BA2F991AB7B2DC22C0,CZ,XX,P1020010A,A.01.000950,T999A,K005A,RF-0119-002-PPP,4.53428e-05,0.92,VAL,2017,DDT (sum),"DDE, p,p-","DDE, p,p-",RF-0119-002-PPP,0.04,True
454968,6454592DB962B905230EB6037084CDEA,CZ,XX,P1020010A,A.01.000950,T999A,K005A,RF-0119-006-PPP,1.08146e-05,0.9,VAL,2017,DDT (sum),"DDT, p,p-","DDT, p,p-",RF-0119-006-PPP,0.04,True
454996,DA84485DC68BB5BA2F991AB7B2DC22C0,CZ,XX,P1020010A,A.01.000950,T999A,K005A,RF-0237-001-PPP,1.84328e-05,0.92,VAL,2017,Hexachlorobenzene,Hexachlorobenzene,Hexachlorobenzene,RF-0237-001-PPP,0.005,True
455007,DA84485DC68BB5BA2F991AB7B2DC22C0,CZ,XX,P1020010A,A.01.000950,T999A,K005A,RF-0263-001-PPP,1.19636e-05,0.92,VAL,2017,Lindane,Lindane,Lindane (Gamma-isomer of hexachlorocyclohexane (HCH)),RF-0263-001-PPP,0.01,True
455011,DA84485DC68BB5BA2F991AB7B2DC22C0,CZ,XX,P1020010A,A.01.000950,T999A,K005A,RF-0119-006-PPP,6.1028e-06,0.92,VAL,2017,DDT (sum),"DDT, p,p-","DDT, p,p-",RF-0119-006-PPP,0.04,True
455018,6454592DB962B905230EB6037084CDEA,CZ,XX,P1020010A,A.01.000950,T999A,K005A,RF-0263-001-PPP,1.30265e-05,0.9,VAL,2017,Lindane,Lindane,Lindane (Gamma-isomer of hexachlorocyclohexane (HCH)),RF-0263-001-PPP,0.01,True
460888,335A12561C1F7731147AA4033528F8BD,DE,DE,P1020010A,N_A,T999A,K005A,RF-0119-001-PPP,0.00016,4.0,VAL,2017,DDT (sum),DDT (sum),"DDT (sum of p,p'-DDT, o,p'-DDT, p-p'-DDE and p,p'-TDE (DDD) expressed as DDT)",RF-0119-001-PPP,0.04,True
460889,059C2DEB7283B62FC745BD202E05F13A,DE,XX,P1020010A,N_A,T999A,K005A,RF-0102-001-PPP,0.084,-1.0,VAL,2017,Copper compounds,Copper compounds,Copper compounds (copper),RF-0102-001-PPP,2.0,True
460890,2F54E0858D9C3B9248543E0D1FCAC345,DE,DE,P1020010A,N_A,T999A,K005A,RF-0102-001-PPP,0.4,-1.0,VAL,2017,Copper compounds,Copper compounds,Copper compounds (copper),RF-0102-001-PPP,2.0,True
460891,614A74572359991737DADDAB9086FD54,DE,DE,P1020010A,N_A,T999A,K005A,RF-0102-001-PPP,0.635,-1.0,VAL,2017,Copper compounds,Copper compounds,Copper compounds (copper),RF-0102-001-PPP,2.0,True
460892,02E81F336D2D5EC77401C3B4DF055925,DE,DE,P1020010A,N_A,T999A,K005A,RF-0102-001-PPP,0.45,-1.0,VAL,2017,Copper compounds,Copper compounds,Copper compounds (copper),RF-0102-001-PPP,2.0,True
460893,E32124B191B57B3D8AA29FF8FD3A75BE,DE,DE,P1020010A,N_A,T999A,K005A,RF-0102-001-PPP,0.05,-1.0,VAL,2017,Copper compounds,Copper compounds,Copper compounds (copper),RF-0102-001-PPP,2.0,True
460894,D0298F7269487DBD084DAD1FD8590373,DE,DE,P1020010A,N_A,T999A,K005A,RF-0102-001-PPP,0.4,-1.0,VAL,2017,Copper compounds,Copper compounds,Copper compounds (copper),RF-0102-001-PPP,2.0,True
460895,9F84738744BE3DFE61FD82911536CFA4,DE,DE,P1020010A,N_A,T999A,K005A,RF-0102-001-PPP,0.4,-1.0,VAL,2017,Copper compounds,Copper compounds,Copper compounds (copper),RF-0102-001-PPP,2.0,True
460896,8F42DDC3F875428EF99EE6A6E3E7A80E,DE,DE,P1020010A,N_A,T999A,K005A,RF-0102-001-PPP,0.423,-1.0,VAL,2017,Copper compounds,Copper compounds,Copper compounds (copper),RF-0102-001-PPP,2.0,True
460897,23B012478B9F9DBA20CEDD5223653BD5,DE,XX,P1020010A,N_A,T999A,K005A,RF-0237-001-PPP,8e-05,4.0,VAL,2017,Hexachlorobenzene,Hexachlorobenzene,Hexachlorobenzene,RF-0237-001-PPP,0.005,True
460898,F504FEB31231EEB1FC652DCB43EB15D6,DE,DE,P1020010A,N_A,T999A,K005A,RF-0102-001-PPP,0.053,-1.0,VAL,2017,Copper compounds,Copper compounds,Copper compounds (copper),RF-0102-001-PPP,2.0,True
460899,06F99015EE5BF2D31166A6F9DC063446,DE,DE,P1020010A,N_A,T999A,K005A,RF-0102-001-PPP,0.389,-1.0,VAL,2017,Copper compounds,Copper compounds,Copper compounds (copper),RF-0102-001-PPP,2.0,True
460900,39AF2C0BBF46BB0FEC9D80AEDBA882FA,DE,DE,P1020010A,N_A,T999A,K005A,RF-0102-001-PPP,0.49,-1.0,VAL,2017,Copper compounds,Copper compounds,Copper compounds (copper),RF-0102-001-PPP,2.0,True
460901,AC0923A42C845679363861B0D91EC2F7,DE,DE,P1020010A,N_A,T999A,K005A,RF-0237-001-PPP,0.00012,4.0,VAL,2017,Hexachlorobenzene,Hexachlorobenzene,Hexachlorobenzene,RF-0237-001-PPP,0.005,True
460902,7D9062E60D59DF57296416F0015D1EDE,DE,DE,P1020010A,N_A,T999A,K005A,RF-0102-001-PPP,0.4,-1.0,VAL,2017,Copper compounds,Copper compounds,Copper compounds (copper),RF-0102-001-PPP,2.0,True
460903,0DE1738879FCDDB2A06EE4041B10200C,DE,XX,P1020010A,N_A,T999A,K005A,RF-0102-001-PPP,0.061,-1.0,VAL,2017,Copper compounds,Copper compounds,Copper compounds (copper),RF-0102-001-PPP,2.0,True
460904,335A12561C1F7731147AA4033528F8BD,DE,DE,P1020010A,N_A,T999A,K005A,RF-0237-001-PPP,8e-05,4.0,VAL,2017,Hexachlorobenzene,Hexachlorobenzene,Hexachlorobenzene,RF-0237-001-PPP,0.005,True
460905,117C4C373F1BC5F94FB653F4244A1114,DE,DE,P1020010A,N_A,T999A,K005A,RF-0237-001-PPP,8e-05,4.0,VAL,2017,Hexachlorobenzene,Hexachlorobenzene,Hexachlorobenzene,RF-0237-001-PPP,0.005,True
460906,02735BC443741C7F8A528D3217C50214,DE,DE,P1020010A,N_A,T999A,K005A,RF-0237-001-PPP,8e-05,4.0,VAL,2017,Hexachlorobenzene,Hexachlorobenzene,Hexachlorobenzene,RF-0237-001-PPP,0.005,True
460907,9820C9A738AC8CF9B2D292E0A67E4C9E,DE,DE,P1020010A,N_A,T999A,K005A,RF-0119-002-PPP,4e-05,4.0,VAL,2017,DDT (sum),"DDE, p,p-","DDE, p,p-",RF-0119-002-PPP,0.04,True
460908,60CAD43A71C4EAF899D71C67789A79F8,DE,DE,P1020010A,N_A,T999A,K005A,RF-0119-002-PPP,8e-05,4.0,VAL,2017,DDT (sum),"DDE, p,p-","DDE, p,p-",RF-0119-002-PPP,0.04,True
460909,FB787ECA84CCF2289F097A8C47997DB6,DE,DE,P1020010A,N_A,T999A,K005A,RF-0102-001-PPP,0.449,-1.0,VAL,2017,Copper compounds,Copper compounds,Copper compounds (copper),RF-0102-001-PPP,2.0,True
460910,05F08FC1F033237D5C3D9720BAF62BF2,DE,DE,P1020010A,N_A,T999A,K005A,RF-0102-001-PPP,0.057,-1.0,VAL,2017,Copper compounds,Copper compounds,Copper compounds (copper),RF-0102-001-PPP,2.0,True
460911,38152D2B145B65E00135FA18068F2FB0,DE,XX,P1020010A,N_A,T999A,K005A,RF-0102-001-PPP,0.051,-1.0,VAL,2017,Copper compounds,Copper compounds,Copper compounds (copper),RF-0102-001-PPP,2.0,True
460912,A63D838E7BA3C13235826CD02BCF3A7A,DE,DE,P1020010A,N_A,T999A,K005A,RF-0102-001-PPP,0.052,-1.0,VAL,2017,Copper compounds,Copper compounds,Copper compounds (copper),RF-0102-001-PPP,2.0,True
460913,BC645B3B1CA0480DAD0A48857C5EFEF8,DE,DE,P1020010A,N_A,T999A,K005A,RF-0102-001-PPP,0.059,-1.0,VAL,2017,Copper compounds,Copper compounds,Copper compounds (copper),RF-0102-001-PPP,2.0,True
460914,B1DA6A5906CB7704A32E674A3B155BC9,DE,DE,P1020010A,N_A,T999A,K005A,RF-0102-001-PPP,0.054,-1.0,VAL,2017,Copper compounds,Copper compounds,Copper compounds (copper),RF-0102-001-PPP,2.0,True
460915,68E2FEDE72ABEE5ADC2CA77268DA183A,DE,DE,P1020010A,N_A,T999A,K005A,RF-0102-001-PPP,0.367,-1.0,VAL,2017,Copper compounds,Copper compounds,Copper compounds (copper),RF-0102-001-PPP,2.0,True
460916,335A12561C1F7731147AA4033528F8BD,DE,DE,P1020010A,N_A,T999A,K005A,RF-0119-002-PPP,0.00016,4.0,VAL,2017,DDT (sum),"DDE, p,p-","DDE, p,p-",RF-0119-002-PPP,0.04,True
460917,01DB09DBC9547578982A14DDD600F067,DE,DE,P1020010A,N_A,T999A,K005A,RF-0119-002-PPP,8e-05,4.0,VAL,2017,DDT (sum),"DDE, p,p-","DDE, p,p-",RF-0119-002-PPP,0.04,True
460918,23B012478B9F9DBA20CEDD5223653BD5,DE,XX,P1020010A,N_A,T999A,K005A,RF-0119-002-PPP,8e-05,4.0,VAL,2017,DDT (sum),"DDE, p,p-","DDE, p,p-",RF-0119-002-PPP,0.04,True
460919,8A77E43F192BB2E6F8AB5EB18D7D62D8,DE,DE,P1020010A,N_A,T999A,K005A,RF-0102-001-PPP,0.055,-1.0,VAL,2017,Copper compounds,Copper compounds,Copper compounds (copper),RF-0102-001-PPP,2.0,True
460920,03187488A969E932CE5B867C72737815,DE,DE,P1020010A,N_A,T999A,K005A,RF-0102-001-PPP,0.5,-1.0,VAL,2017,Copper compounds,Copper compounds,Copper compounds (copper),RF-0102-001-PPP,2.0,True
460921,EEA0F15A6C7B7C884E9D6960DA0622C3,DE,DE,P1020010A,N_A,T999A,K005A,RF-0102-001-PPP,0.391,-1.0,VAL,2017,Copper compounds,Copper compounds,Copper compounds (copper),RF-0102-001-PPP,2.0,True
460922,8B7C53DE9C75FF3552A297CDAFD760F8,DE,DE,P1020010A,N_A,T999A,K005A,RF-0119-004-PPP,4e-05,4.0,VAL,2017,DDT (sum),"DDD, p,p-","DDD, p,p-",RF-0119-004-PPP,0.04,True
460923,9820C9A738AC8CF9B2D292E0A67E4C9E,DE,DE,P1020010A,N_A,T999A,K005A,RF-0119-004-PPP,8e-05,4.0,VAL,2017,DDT (sum),"DDD, p,p-","DDD, p,p-",RF-0119-004-PPP,0.04,True
460924,E859878DE9B3833D7137937A5B0D4032,DE,DE,P1020010A,N_A,T999A,K005A,RF-0119-004-PPP,4e-05,4.0,VAL,2017,DDT (sum),"DDD, p,p-","DDD, p,p-",RF-0119-004-PPP,0.04,True
460925,DEAAF5664E4B0D5122D458C014F87C17,DE,DE,P1020010A,N_A,T999A,K005A,RF-0102-001-PPP,0.45,-1.0,VAL,2017,Copper compounds,Copper compounds,Copper compounds (copper),RF-0102-001-PPP,2.0,True
460926,9BE6FDB02018885A915483B56ECCDF22,DE,DE,P1020010A,N_A,T999A,K005A,RF-0102-001-PPP,0.4,-1.0,VAL,2017,Copper compounds,Copper compounds,Copper compounds (copper),RF-0102-001-PPP,2.0,True
460927,ADE67C2884CD15BFDE5AA31D9081C016,DE,XX,P1020010A,N_A,T999A,K005A,RF-0102-001-PPP,0.08,-1.0,VAL,2017,Copper compounds,Copper compounds,Copper compounds (copper),RF-0102-001-PPP,2.0,True
460928,02735BC443741C7F8A528D3217C50214,DE,DE,P1020010A,N_A,T999A,K005A,RF-0119-006-PPP,8e-05,4.0,VAL,2017,DDT (sum),"DDT, p,p-","DDT, p,p-",RF-0119-006-PPP,0.04,True
460929,6217107DA2E001BB4F473E91DCB89400,DE,DE,P1020010A,N_A,T999A,K005A,RF-0119-006-PPP,0.00044,4.0,VAL,2017,DDT (sum),"DDT, p,p-","DDT, p,p-",RF-0119-006-PPP,0.04,True
460933,2FBDFD6DC20241852D185B9F01AFE49B,DE,DE,P1020010A,N_A,T999A,K005A,RF-0119-002-PPP,0.00244,4.0,VAL,2017,DDT (sum),"DDE, p,p-","DDE, p,p-",RF-0119-002-PPP,0.04,True
460934,28A90533D02B77E7F5B2741BF4558FF0,DE,DE,P1020010A,N_A,T999A,K005A,RF-0119-002-PPP,8e-05,4.0,VAL,2017,DDT (sum),"DDE, p,p-","DDE, p,p-",RF-0119-002-PPP,0.04,True
460935,12BF025F5C2018BBE643252B80E96C15,DE,DE,P1020010A,N_A,T999A,K005A,RF-0102-001-PPP,1.05,-1.0,VAL,2017,Copper compounds,Copper compounds,Copper compounds (copper),RF-0102-001-PPP,2.0,True
460936,02735BC443741C7F8A528D3217C50214,DE,DE,P1020010A,N_A,T999A,K005A,RF-0119-003-PPP,4e-05,4.0,VAL,2017,DDT (sum),"DDT, o,p-","DDT, o,p-",RF-0119-003-PPP,0.04,True
460937,F9C83D3BBCC907AB9F96210569556F33,DE,DE,P1020010A,N_A,T999A,K005A,RF-0102-001-PPP,0.4,-1.0,VAL,2017,Copper compounds,Copper compounds,Copper compounds (copper),RF-0102-001-PPP,2.0,True
460938,314DB0C94AF4CDA8BDBCEBA2831A687E,DE,DE,P1020010A,N_A,T999A,K005A,RF-0102-001-PPP,0.4,-1.0,VAL,2017,Copper compounds,Copper compounds,Copper compounds (copper),RF-0102-001-PPP,2.0,True
460944,02735BC443741C7F8A528D3217C50214,DE,DE,P1020010A,N_A,T999A,K005A,RF-0119-002-PPP,0.0002,4.0,VAL,2017,DDT (sum),"DDE, p,p-","DDE, p,p-",RF-0119-002-PPP,0.04,True
460945,18BA88D9982ED46EACFDC13FFE5AFE63,DE,DE,P1020010A,N_A,T999A,K005A,RF-0102-001-PPP,0.5,-1.0,VAL,2017,Copper compounds,Copper compounds,Copper compounds (copper),RF-0102-001-PPP,2.0,True
460946,004A2C043C8902E61D45DCB69FD3287C,DE,XX,P1020010A,N_A,T999A,K005A,RF-0102-001-PPP,0.064,-1.0,VAL,2017,Copper compounds,Copper compounds,Copper compounds (copper),RF-0102-001-PPP,2.0,True
460947,34E9132189CB44E827455D7E39AC851D,DE,DE,P1020010A,N_A,T999A,K005A,RF-0102-001-PPP,0.424,-1.0,VAL,2017,Copper compounds,Copper compounds,Copper compounds (copper),RF-0102-001-PPP,2.0,True
460948,8D87EE5ACE19084807CC363782B8B00E,DE,DE,P1020010A,N_A,T999A,K005A,RF-0102-001-PPP,0.49,-1.0,VAL,2017,Copper compounds,Copper compounds,Copper compounds (copper),RF-0102-001-PPP,2.0,True
460949,00A73A76B639CC09B32BAF4FFA426989,DE,DE,P1020010A,N_A,T999A,K005A,RF-0119-002-PPP,8e-05,4.0,VAL,2017,DDT (sum),"DDE, p,p-","DDE, p,p-",RF-0119-002-PPP,0.04,True
460950,F6D7D2ECCA94165D88C8503B7263FE4F,DE,DE,P1020010A,N_A,T999A,K005A,RF-0102-001-PPP,0.4,-1.0,VAL,2017,Copper compounds,Copper compounds,Copper compounds (copper),RF-0102-001-PPP,2.0,True
460951,070E61BDA5828D4C3CD787E5A1684CEE,DE,DE,P1020010A,N_A,T999A,K005A,RF-0102-001-PPP,0.495,-1.0,VAL,2017,Copper compounds,Copper compounds,Copper compounds (copper),RF-0102-001-PPP,2.0,True
460952,E55AF73D328074F3BF8BC539337B8497,DE,DE,P1020010A,N_A,T999A,K005A,RF-0102-001-PPP,0.8,-1.0,VAL,2017,Copper compounds,Copper compounds,Copper compounds (copper),RF-0102-001-PPP,2.0,True
460954,02735BC443741C7F8A528D3217C50214,DE,DE,P1020010A,N_A,T999A,K005A,RF-0119-007-PPP,3.6e-05,4.0,VAL,2017,DDT (sum),"DDE, o,p-","DDE, o,p-",RF-0119-007-PPP,0.04,True
460956,E859878DE9B3833D7137937A5B0D4032,DE,DE,P1020010A,N_A,T999A,K005A,RF-0119-002-PPP,2.8e-05,4.0,VAL,2017,DDT (sum),"DDE, p,p-","DDE, p,p-",RF-0119-002-PPP,0.04,True
460957,05F08FC1F033237D5C3D9720BAF62BF2,DE,DE,P1020010A,N_A,T999A,K005A,RF-0119-002-PPP,0.00032,4.0,VAL,2017,DDT (sum),"DDE, p,p-","DDE, p,p-",RF-0119-002-PPP,0.04,True
460958,8B7C53DE9C75FF3552A297CDAFD760F8,DE,DE,P1020010A,N_A,T999A,K005A,RF-0119-002-PPP,3.6e-05,4.0,VAL,2017,DDT (sum),"DDE, p,p-","DDE, p,p-",RF-0119-002-PPP,0.04,True
460959,94CABD7ECF92D67C875C9C100CE1EBB2,DE,DE,P1020010A,N_A,T999A,K005A,RF-0119-002-PPP,0.00152,4.0,VAL,2017,DDT (sum),"DDE, p,p-","DDE, p,p-",RF-0119-002-PPP,0.04,True
460960,6ED88DB2F817747869320F7662DCFF33,DE,DE,P1020010A,N_A,T999A,K005A,RF-0119-002-PPP,8e-05,4.0,VAL,2017,DDT (sum),"DDE, p,p-","DDE, p,p-",RF-0119-002-PPP,0.04,True
460961,52202445A94DCB603D8418930B1B50C9,DE,DE,P1020010A,N_A,T999A,K005A,RF-0119-002-PPP,0.00024,4.0,VAL,2017,DDT (sum),"DDE, p,p-","DDE, p,p-",RF-0119-002-PPP,0.04,True
460962,89A894E0D0495EBE8446A7305CA599CA,DE,DE,P1020010A,N_A,T999A,K005A,RF-0102-001-PPP,0.053,-1.0,VAL,2017,Copper compounds,Copper compounds,Copper compounds (copper),RF-0102-001-PPP,2.0,True
460963,747DB6A004525EE7E7356E98D17C00D6,DE,DE,P1020010A,N_A,T999A,K005A,RF-0102-001-PPP,0.063,-1.0,VAL,2017,Copper compounds,Copper compounds,Copper compounds (copper),RF-0102-001-PPP,2.0,True
460969,51F05ED297FD371122F45BA0DA85920C,DE,DE,P1020010A,N_A,T999A,K005A,RF-0102-001-PPP,0.4,-1.0,VAL,2017,Copper compounds,Copper compounds,Copper compounds (copper),RF-0102-001-PPP,2.0,True
460970,8BF7D4FFB07A2CED4D27EF444F5A656A,DE,DE,P1020010A,N_A,T999A,K005A,RF-0102-001-PPP,0.4,-1.0,VAL,2017,Copper compounds,Copper compounds,Copper compounds (copper),RF-0102-001-PPP,2.0,True
460973,94CABD7ECF92D67C875C9C100CE1EBB2,DE,DE,P1020010A,N_A,T999A,K005A,RF-0414-001-PPP,0.006,-1.0,VAL,2017,Tetraconazole (sum),Tetraconazole (sum),Tetraconazole (sum of constituent isomers),RF-0414-001-PPP,0.02,True
460993,A79C788A1E275A610477267EB187D2FB,DE,DE,P1020010A,N_A,T999A,K005A,RF-1078-004-PPP,0.024,1.3,VAL,2017,BAC 12,BAC 12,BAC 12,RF-1078-004-PPP,0.1,True
461087,28A90533D02B77E7F5B2741BF4558FF0,DE,DE,P1020010A,N_A,T999A,K005A,RF-0119-001-PPP,8e-05,4.0,VAL,2017,DDT (sum),DDT (sum),"DDT (sum of p,p'-DDT, o,p'-DDT, p-p'-DDE and p,p'-TDE (DDD) expressed as DDT)",RF-0119-001-PPP,0.04,True
461094,72E246E7225CFDCE73548860757B2278,DE,DE,P1020010A,N_A,T999A,K005A,RF-0237-001-PPP,0.0001,3.5,VAL,2017,Hexachlorobenzene,Hexachlorobenzene,Hexachlorobenzene,RF-0237-001-PPP,0.005,True
461095,2D8893C96E17B71E99A9893C51D03697,DE,XX,P1020010A,N_A,T999A,K005A,RF-0237-001-PPP,0.0001,3.1,VAL,2017,Hexachlorobenzene,Hexachlorobenzene,Hexachlorobenzene,RF-0237-001-PPP,0.005,True
461096,00A73A76B639CC09B32BAF4FFA426989,DE,DE,P1020010A,N_A,T999A,K005A,RF-0237-001-PPP,0.00012,4.0,VAL,2017,Hexachlorobenzene,Hexachlorobenzene,Hexachlorobenzene,RF-0237-001-PPP,0.005,True
461104,A79C788A1E275A610477267EB187D2FB,DE,DE,P1020010A,N_A,T999A,K005A,RF-00002582-PAR,0.024,1.3,VAL,2017,Benzalkonium chloride,Benzalkonium chloride,Benzalkonium chloride (BAC),RF-00002582-PAR,0.1,True
461105,A9FD444841F9AB9D308CBFAC6D33AA94,DE,DE,P1020010A,N_A,T999A,K005A,RF-0237-001-PPP,8e-05,4.0,VAL,2017,Hexachlorobenzene,Hexachlorobenzene,Hexachlorobenzene,RF-0237-001-PPP,0.005,True
461106,574F98C4632C82F08B1237C95A93BCB0,DE,XX,P1020010A,N_A,T999A,K005A,RF-0237-001-PPP,8e-05,4.0,VAL,2017,Hexachlorobenzene,Hexachlorobenzene,Hexachlorobenzene,RF-0237-001-PPP,0.005,True
461107,01DB09DBC9547578982A14DDD600F067,DE,DE,P1020010A,N_A,T999A,K005A,RF-0237-001-PPP,0.00012,4.0,VAL,2017,Hexachlorobenzene,Hexachlorobenzene,Hexachlorobenzene,RF-0237-001-PPP,0.005,True
461108,28A90533D02B77E7F5B2741BF4558FF0,DE,DE,P1020010A,N_A,T999A,K005A,RF-0237-001-PPP,8e-05,4.0,VAL,2017,Hexachlorobenzene,Hexachlorobenzene,Hexachlorobenzene,RF-0237-001-PPP,0.005,True
461111,01DB09DBC9547578982A14DDD600F067,DE,DE,P1020010A,N_A,T999A,K005A,RF-0119-001-PPP,8e-05,4.0,VAL,2017,DDT (sum),DDT (sum),"DDT (sum of p,p'-DDT, o,p'-DDT, p-p'-DDE and p,p'-TDE (DDD) expressed as DDT)",RF-0119-001-PPP,0.04,True
461112,60CAD43A71C4EAF899D71C67789A79F8,DE,DE,P1020010A,N_A,T999A,K005A,RF-0119-001-PPP,8e-05,4.0,VAL,2017,DDT (sum),DDT (sum),"DDT (sum of p,p'-DDT, o,p'-DDT, p-p'-DDE and p,p'-TDE (DDD) expressed as DDT)",RF-0119-001-PPP,0.04,True
461114,02735BC443741C7F8A528D3217C50214,DE,DE,P1020010A,N_A,T999A,K005A,RF-0119-001-PPP,0.00032,4.0,VAL,2017,DDT (sum),DDT (sum),"DDT (sum of p,p'-DDT, o,p'-DDT, p-p'-DDE and p,p'-TDE (DDD) expressed as DDT)",RF-0119-001-PPP,0.04,True
461115,00A73A76B639CC09B32BAF4FFA426989,DE,DE,P1020010A,N_A,T999A,K005A,RF-0119-001-PPP,0.00012,4.0,VAL,2017,DDT (sum),DDT (sum),"DDT (sum of p,p'-DDT, o,p'-DDT, p-p'-DDE and p,p'-TDE (DDD) expressed as DDT)",RF-0119-001-PPP,0.04,True
461116,23B012478B9F9DBA20CEDD5223653BD5,DE,XX,P1020010A,N_A,T999A,K005A,RF-0119-001-PPP,8e-05,4.0,VAL,2017,DDT (sum),DDT (sum),"DDT (sum of p,p'-DDT, o,p'-DDT, p-p'-DDE and p,p'-TDE (DDD) expressed as DDT)",RF-0119-001-PPP,0.04,True
461121,A3AB52403CF9590F54689710F5E4325E,DE,DE,P1020010A,N_A,T999A,K005A,RF-0237-001-PPP,4e-05,4.0,VAL,2017,Hexachlorobenzene,Hexachlorobenzene,Hexachlorobenzene,RF-0237-001-PPP,0.005,True
461122,7B964E433444BE2D883530F4CFCA0715,DE,XX,P1020010A,N_A,T999A,K005A,RF-0237-001-PPP,8e-05,4.0,VAL,2017,Hexachlorobenzene,Hexachlorobenzene,Hexachlorobenzene,RF-0237-001-PPP,0.005,True
461132,60CAD43A71C4EAF899D71C67789A79F8,DE,DE,P1020010A,N_A,T999A,K005A,RF-0237-001-PPP,0.00016,4.0,VAL,2017,Hexachlorobenzene,Hexachlorobenzene,Hexachlorobenzene,RF-0237-001-PPP,0.005,True
461157,94CABD7ECF92D67C875C9C100CE1EBB2,DE,DE,P1020010A,N_A,T999A,K005A,RF-0119-001-PPP,0.00168,4.0,VAL,2017,DDT (sum),DDT (sum),"DDT (sum of p,p'-DDT, o,p'-DDT, p-p'-DDE and p,p'-TDE (DDD) expressed as DDT)",RF-0119-001-PPP,0.04,True
461158,2FBDFD6DC20241852D185B9F01AFE49B,DE,DE,P1020010A,N_A,T999A,K005A,RF-0119-001-PPP,0.00272,4.0,VAL,2017,DDT (sum),DDT (sum),"DDT (sum of p,p'-DDT, o,p'-DDT, p-p'-DDE and p,p'-TDE (DDD) expressed as DDT)",RF-0119-001-PPP,0.04,True
461162,05F08FC1F033237D5C3D9720BAF62BF2,DE,DE,P1020010A,N_A,T999A,K005A,RF-0119-001-PPP,0.00036,4.0,VAL,2017,DDT (sum),DDT (sum),"DDT (sum of p,p'-DDT, o,p'-DDT, p-p'-DDE and p,p'-TDE (DDD) expressed as DDT)",RF-0119-001-PPP,0.04,True
461176,6217107DA2E001BB4F473E91DCB89400,DE,DE,P1020010A,N_A,T999A,K005A,RF-0119-001-PPP,0.00044,4.0,VAL,2017,DDT (sum),DDT (sum),"DDT (sum of p,p'-DDT, o,p'-DDT, p-p'-DDE and p,p'-TDE (DDD) expressed as DDT)",RF-0119-001-PPP,0.04,True
461177,52202445A94DCB603D8418930B1B50C9,DE,DE,P1020010A,N_A,T999A,K005A,RF-0119-001-PPP,0.00028,4.0,VAL,2017,DDT (sum),DDT (sum),"DDT (sum of p,p'-DDT, o,p'-DDT, p-p'-DDE and p,p'-TDE (DDD) expressed as DDT)",RF-0119-001-PPP,0.04,True
464191,A6CA7F72197F234509C9C4221091D02A,DE,DE,P1020010A,N_A,T999A,K005A,RF-0237-001-PPP,0.00024,4.0,VAL,2017,Hexachlorobenzene,Hexachlorobenzene,Hexachlorobenzene,RF-0237-001-PPP,0.005,True
464199,02735BC443741C7F8A528D3217C50214,DE,DE,P1020010A,N_A,T999A,K005A,RF-0263-001-PPP,4e-05,4.0,VAL,2017,Lindane,Lindane,Lindane (Gamma-isomer of hexachlorocyclohexane (HCH)),RF-0263-001-PPP,0.01,True
496096,AA4C3B66DD73F266D6C477B511262F9D,IE,IE,P1020010A,N_A,T999A,K005A,RF-00002582-PAR,0.14,-1.0,VAL,2017,Benzalkonium chloride,Benzalkonium chloride,Benzalkonium chloride (BAC),RF-00002582-PAR,0.1,True
497370,7180DFA33F64DE826B7561EC01A94DB1,IE,IE,P1020010A,N_A,T999A,K005A,RF-00002582-PAR,0.242,-1.0,VAL,2017,Benzalkonium chloride,Benzalkonium chloride,Benzalkonium chloride (BAC),RF-00002582-PAR,0.1,True
499627,0298DEAF5647F39ADC0CC70AF8404E6A,RO,RO,P1020010A,N_A,T999A,K018A,RF-0237-001-PPP,0.002,-1.0,VAL,2017,Hexachlorobenzene,Hexachlorobenzene,Hexachlorobenzene,RF-0237-001-PPP,0.005,True
499628,0298DEAF5647F39ADC0CC70AF8404E6A,RO,RO,P1020010A,N_A,T999A,K018A,RF-0238-001-PPP,0.002,-1.0,VAL,2017,HCH-alpha,HCH-alpha,"Hexachlorocyclohexane (HCH), alpha-isomer",RF-0238-001-PPP,0.01,True
501130,4719638F29CD8138E33D3D80299F5814,IT,IT,P1020010A,N_A,T150A,K005A,RF-1078-004-PPP,0.013,-1.0,VAL,2017,BAC 12,BAC 12,BAC 12,RF-1078-004-PPP,0.1,True
501179,1D79C0ABA69CCC84480CDEC01FD3795F,IT,IT,P1020010A,N_A,T150A,K005A,RF-1078-004-PPP,0.014,-1.0,VAL,2017,BAC 12,BAC 12,BAC 12,RF-1078-004-PPP,0.1,True
501188,EDFA1E9CBBE9E495544E39CE448C8521,IT,IT,P1020010A,N_A,T150A,K005A,RF-1078-004-PPP,0.01,-1.0,VAL,2017,BAC 12,BAC 12,BAC 12,RF-1078-004-PPP,0.1,True
501646,76B60353477DD5823A081AA4DA7DA354,IT,IT,P1020010A,N_A,T150A,K005A,RF-1078-004-PPP,0.014,-1.0,VAL,2017,BAC 12,BAC 12,BAC 12,RF-1078-004-PPP,0.1,True
514102,6EE5BCCEDBECB3FB4CC9E6A54AF75013,GB,GB,P1020010A,N_A,T150A,K005A,RF-00002582-PAR,0.06,-1.0,VAL,2017,Benzalkonium chloride,Benzalkonium chloride,Benzalkonium chloride (BAC),RF-00002582-PAR,0.1,True
533718,6EE5BCCEDBECB3FB4CC9E6A54AF75013,GB,GB,P1020010A,N_A,T150A,K005A,RF-1078-004-PPP,0.06,-1.0,VAL,2017,BAC 12,BAC 12,BAC 12,RF-1078-004-PPP,0.1,True
538425,628E2B01F87147B2531413BC0B7106F2,GB,GB,P1020010A,N_A,T150A,K005A,RF-1078-004-PPP,0.1,-1.0,VAL,2017,BAC 12,BAC 12,BAC 12,RF-1078-004-PPP,0.1,True
540642,628E2B01F87147B2531413BC0B7106F2,GB,GB,P1020010A,N_A,T150A,K005A,RF-00002582-PAR,0.1,-1.0,VAL,2017,Benzalkonium chloride,Benzalkonium chloride,Benzalkonium chloride (BAC),RF-00002582-PAR,0.1,True
548306,35F688B4AA608EE5633873775D05496D,CZ,CZ,P1020000A,A.01.000948,T150A,K009A,RF-0119-001-PPP,0.001,3.92,VAL,2018,DDT (sum),DDT (sum),"DDT (sum of p,p'-DDT, o,p'-DDT, p-p'-DDE and p,p'-TDE (DDD) expressed as DDT)",RF-0119-001-PPP,0.04,True
548329,35F688B4AA608EE5633873775D05496D,CZ,CZ,P1020000A,A.01.000948,T150A,K009A,RF-0119-002-PPP,0.001,3.92,VAL,2018,DDT (sum),"DDE, p,p-","DDE, p,p-",RF-0119-002-PPP,0.04,True
549237,DEA248F936600648823F37BE039CB6D5,DE,DE,P1020010A,A.01.000951,T999A,K005A,RF-0119-002-PPP,0.0053,-1.0,VAL,2018,DDT (sum),"DDE, p,p-","DDE, p,p-",RF-0119-002-PPP,0.04,True
549421,D45209D1FDFFF0B025EE616E70B5C50A,DE,DE,P1020010A,A.01.000951,T999A,K005A,RF-0119-001-PPP,0.006,-1.0,VAL,2018,DDT (sum),DDT (sum),"DDT (sum of p,p'-DDT, o,p'-DDT, p-p'-DDE and p,p'-TDE (DDD) expressed as DDT)",RF-0119-001-PPP,0.04,True
549488,D45209D1FDFFF0B025EE616E70B5C50A,DE,DE,P1020010A,A.01.000951,T999A,K005A,RF-0119-002-PPP,0.005,-1.0,VAL,2018,DDT (sum),"DDE, p,p-","DDE, p,p-",RF-0119-002-PPP,0.04,True
549630,9252E6B034FF700BBC6FC59BA988099C,DE,DE,P1020010A,A.01.000951,T999A,K005A,RF-0119-002-PPP,0.0178,-1.0,VAL,2018,DDT (sum),"DDE, p,p-","DDE, p,p-",RF-0119-002-PPP,0.04,True
549772,6B11BA57C301ACE804E62329079F6B4E,DE,DE,P1020010A,A.01.000951,T999A,K005A,RF-0102-001-PPP,0.062,-1.0,VAL,2018,Copper compounds,Copper compounds,Copper compounds (copper),RF-0102-001-PPP,2.0,True
549822,9252E6B034FF700BBC6FC59BA988099C,DE,DE,P1020010A,A.01.000951,T999A,K005A,RF-0119-001-PPP,0.02,-1.0,VAL,2018,DDT (sum),DDT (sum),"DDT (sum of p,p'-DDT, o,p'-DDT, p-p'-DDE and p,p'-TDE (DDD) expressed as DDT)",RF-0119-001-PPP,0.04,True
549902,55399D167C0FB5355D5E85133E1C03C9,DE,XX,P1020010A,A.01.000951,T999A,K005A,RF-0102-001-PPP,0.066,-1.0,VAL,2018,Copper compounds,Copper compounds,Copper compounds (copper),RF-0102-001-PPP,2.0,True
550129,EA7916F85324C39B9D20000232BB0397,DE,DE,P1020010A,A.01.000951,T999A,K005A,RF-0119-001-PPP,0.01,-1.0,VAL,2018,DDT (sum),DDT (sum),"DDT (sum of p,p'-DDT, o,p'-DDT, p-p'-DDE and p,p'-TDE (DDD) expressed as DDT)",RF-0119-001-PPP,0.04,True
550709,DE449F9930F0C1F443B93E1E04BD6B3E,DE,DE,P1020010A,A.01.000951,T999A,K005A,RF-0102-001-PPP,0.22,-1.0,VAL,2018,Copper compounds,Copper compounds,Copper compounds (copper),RF-0102-001-PPP,2.0,True
550775,EA7916F85324C39B9D20000232BB0397,DE,DE,P1020010A,A.01.000951,T999A,K005A,RF-0119-002-PPP,0.0091,-1.0,VAL,2018,DDT (sum),"DDE, p,p-","DDE, p,p-",RF-0119-002-PPP,0.04,True
550904,AD2365A2C8A3E08CB63EDF4C8C595CDE,DE,DE,P1020010A,A.01.000951,T999A,K005A,RF-0102-001-PPP,0.053,-1.0,VAL,2018,Copper compounds,Copper compounds,Copper compounds (copper),RF-0102-001-PPP,2.0,True
550968,AD2365A2C8A3E08CB63EDF4C8C595CDE,DE,DE,P1020010A,A.01.000951,T999A,K005A,RF-0119-002-PPP,0.006,-1.0,VAL,2018,DDT (sum),"DDE, p,p-","DDE, p,p-",RF-0119-002-PPP,0.04,True
550970,AD2365A2C8A3E08CB63EDF4C8C595CDE,DE,DE,P1020010A,A.01.000951,T999A,K005A,RF-0119-001-PPP,0.007,-1.0,VAL,2018,DDT (sum),DDT (sum),"DDT (sum of p,p'-DDT, o,p'-DDT, p-p'-DDE and p,p'-TDE (DDD) expressed as DDT)",RF-0119-001-PPP,0.04,True
551095,1A85D3B42865E1B0DBC54DD411D874C2,DE,DE,P1020010A,A.01.000951,T999A,K005A,RF-0119-001-PPP,0.008,-1.0,VAL,2018,DDT (sum),DDT (sum),"DDT (sum of p,p'-DDT, o,p'-DDT, p-p'-DDE and p,p'-TDE (DDD) expressed as DDT)",RF-0119-001-PPP,0.04,True
551703,2D1BBCA20F03C031E17A7C9E3033BF68,DE,DE,P1020010A,A.01.000951,T999A,K005A,RF-0102-001-PPP,0.065,-1.0,VAL,2018,Copper compounds,Copper compounds,Copper compounds (copper),RF-0102-001-PPP,2.0,True
551796,36F0E90205911A5063725ECD80EAEA27,DE,DE,P1020010A,A.01.000951,T999A,K005A,RF-0102-001-PPP,0.052,-1.0,VAL,2018,Copper compounds,Copper compounds,Copper compounds (copper),RF-0102-001-PPP,2.0,True
552064,C2326718E52FC175A3F3A47CD86A4CC5,DE,DE,P1020010A,A.01.000951,T999A,K005A,RF-0102-001-PPP,0.059,-1.0,VAL,2018,Copper compounds,Copper compounds,Copper compounds (copper),RF-0102-001-PPP,2.0,True
552090,E58173960DB5CEEDCF3750690040E84E,DE,DE,P1020010A,A.01.000951,T999A,K005A,RF-0102-001-PPP,0.052,-1.0,VAL,2018,Copper compounds,Copper compounds,Copper compounds (copper),RF-0102-001-PPP,2.0,True
552092,80C2096F342B5AA3EBAD9209028A4178,DE,XX,P1020010A,A.01.000951,T999A,K005A,RF-0102-001-PPP,0.05,-1.0,VAL,2018,Copper compounds,Copper compounds,Copper compounds (copper),RF-0102-001-PPP,2.0,True
552104,45FD178CB36E1E44614E8A04A92A4B78,DE,BE,P1020010A,A.01.000951,T999A,K005A,RF-0102-001-PPP,0.055,-1.0,VAL,2018,Copper compounds,Copper compounds,Copper compounds (copper),RF-0102-001-PPP,2.0,True
552108,FDC5608D1A15900CC72A338563BD5E81,DE,DE,P1020010A,A.01.000951,T999A,K005A,RF-0102-001-PPP,0.059,-1.0,VAL,2018,Copper compounds,Copper compounds,Copper compounds (copper),RF-0102-001-PPP,2.0,True
552849,62485C100A3AAE504F03C204E8C69AC1,DE,DE,P1020010A,A.01.000951,T999A,K005A,RF-0102-001-PPP,0.055,-1.0,VAL,2018,Copper compounds,Copper compounds,Copper compounds (copper),RF-0102-001-PPP,2.0,True
553133,A131AA041326D5D2B44D4356EF521BD0,DE,XX,P1020010A,A.01.000951,T999A,K005A,RF-0102-001-PPP,0.053,-1.0,VAL,2018,Copper compounds,Copper compounds,Copper compounds (copper),RF-0102-001-PPP,2.0,True
553202,CABFFF5FD2688D230DF7F69E4D4D6990,DE,DE,P1020010A,A.01.000951,T999A,K005A,RF-0102-001-PPP,0.052,-1.0,VAL,2018,Copper compounds,Copper compounds,Copper compounds (copper),RF-0102-001-PPP,2.0,True
553311,C8E4E95DA7B948FF973B2B1E1BDA2993,DE,XX,P1020010A,A.01.000951,T999A,K005A,RF-0102-001-PPP,0.05,-1.0,VAL,2018,Copper compounds,Copper compounds,Copper compounds (copper),RF-0102-001-PPP,2.0,True
553575,DEA248F936600648823F37BE039CB6D5,DE,DE,P1020010A,A.01.000951,T999A,K005A,RF-0119-001-PPP,0.006,-1.0,VAL,2018,DDT (sum),DDT (sum),"DDT (sum of p,p'-DDT, o,p'-DDT, p-p'-DDE and p,p'-TDE (DDD) expressed as DDT)",RF-0119-001-PPP,0.04,True
553618,A536CAA20E164F20F932B64740A16C5B,DE,DE,P1020010A,A.01.000951,T999A,K005A,RF-0102-001-PPP,0.065,-1.0,VAL,2018,Copper compounds,Copper compounds,Copper compounds (copper),RF-0102-001-PPP,2.0,True
553974,2EF8C4E52F6375A228593C1237C9821C,DE,DE,P1020010A,A.01.000951,T999A,K005A,RF-0119-001-PPP,0.033,-1.0,VAL,2018,DDT (sum),DDT (sum),"DDT (sum of p,p'-DDT, o,p'-DDT, p-p'-DDE and p,p'-TDE (DDD) expressed as DDT)",RF-0119-001-PPP,0.04,True
554068,A36FC1355EBBBD6209E6A128F81F0179,DE,DE,P1020010A,A.01.000951,T999A,K005A,RF-0102-001-PPP,0.05,-1.0,VAL,2018,Copper compounds,Copper compounds,Copper compounds (copper),RF-0102-001-PPP,2.0,True
554610,67E397C1CE6B3DB4B1635B1A277A3727,DE,DE,P1020010A,A.01.000951,T999A,K005A,RF-0102-001-PPP,0.05,-1.0,VAL,2018,Copper compounds,Copper compounds,Copper compounds (copper),RF-0102-001-PPP,2.0,True
554847,1A85D3B42865E1B0DBC54DD411D874C2,DE,DE,P1020010A,A.01.000951,T999A,K005A,RF-0119-002-PPP,0.0069,-1.0,VAL,2018,DDT (sum),"DDE, p,p-","DDE, p,p-",RF-0119-002-PPP,0.04,True
554905,F3CBE7B8319ECB1219833C543E25487C,DE,DE,P1020010A,A.01.000951,T999A,K005A,RF-0119-001-PPP,0.007,-1.0,VAL,2018,DDT (sum),DDT (sum),"DDT (sum of p,p'-DDT, o,p'-DDT, p-p'-DDE and p,p'-TDE (DDD) expressed as DDT)",RF-0119-001-PPP,0.04,True
555042,2EF8C4E52F6375A228593C1237C9821C,DE,DE,P1020010A,A.01.000951,T999A,K005A,RF-0119-002-PPP,0.03,-1.0,VAL,2018,DDT (sum),"DDE, p,p-","DDE, p,p-",RF-0119-002-PPP,0.04,True
555069,F3CBE7B8319ECB1219833C543E25487C,DE,DE,P1020010A,A.01.000951,T999A,K005A,RF-0119-002-PPP,0.006,-1.0,VAL,2018,DDT (sum),"DDE, p,p-","DDE, p,p-",RF-0119-002-PPP,0.04,True
555166,3E29CF4C7F02BF21C9FAD50C8A442601,DE,BE,P1020010A,A.01.000951,T999A,K005A,RF-0102-001-PPP,0.053,-1.0,VAL,2018,Copper compounds,Copper compounds,Copper compounds (copper),RF-0102-001-PPP,2.0,True
555262,F3CBE7B8319ECB1219833C543E25487C,DE,DE,P1020010A,A.01.000951,T999A,K005A,RF-0237-001-PPP,0.005,-1.0,VAL,2018,Hexachlorobenzene,Hexachlorobenzene,Hexachlorobenzene,RF-0237-001-PPP,0.005,True
555360,95453A27F39497070C5647065362DEDC,DE,DE,P1020010A,A.01.000951,T999A,K005A,RF-00002582-PAR,0.02,-1.0,VAL,2018,Benzalkonium chloride,Benzalkonium chloride,Benzalkonium chloride (BAC),RF-00002582-PAR,0.1,True
555391,95453A27F39497070C5647065362DEDC,DE,DE,P1020010A,A.01.000951,T999A,K005A,RF-1078-005-PPP,0.014,-1.0,VAL,2018,BAC 14,BAC 14,BAC 14,RF-1078-005-PPP,0.1,True
557044,F94480CE3E5668F9EED7C35F104FDF60,DE,DE,P1020010A,A.01.000951,T999A,K005A,RF-0237-001-PPP,0.002,-1.0,VAL,2018,Hexachlorobenzene,Hexachlorobenzene,Hexachlorobenzene,RF-0237-001-PPP,0.005,True
564225,E7824A14E387B00658366470755F7D0C,FR,XX,P1020010A,A.01.000950,T999A,K018A,RF-0120-001-PPP,0.002,4.0,VAL,2018,Deltamethrin,Deltamethrin,Deltamethrin (cis-deltamethrin),RF-0120-001-PPP,0.05,True
607706,9D1DF26C3C803EC7F17D8A392DE4BB38,GB,GB,P1020010A,N_A,T150A,K005A,RF-1078-004-PPP,0.1,-1.0,VAL,2018,BAC 12,BAC 12,BAC 12,RF-1078-004-PPP,0.1,True
607709,9D1DF26C3C803EC7F17D8A392DE4BB38,GB,GB,P1020010A,N_A,T150A,K005A,RF-00002582-PAR,0.1,-1.0,VAL,2018,Benzalkonium chloride,Benzalkonium chloride,Benzalkonium chloride (BAC),RF-00002582-PAR,0.1,True
617565,EE42F956D8ADBF0A8F5024ED4F117916,GB,GB,P1020010A,N_A,T150A,K005A,RF-1078-004-PPP,0.09,-1.0,VAL,2018,BAC 12,BAC 12,BAC 12,RF-1078-004-PPP,0.1,True
617568,EE42F956D8ADBF0A8F5024ED4F117916,GB,GB,P1020010A,N_A,T150A,K005A,RF-00002582-PAR,0.09,-1.0,VAL,2018,Benzalkonium chloride,Benzalkonium chloride,Benzalkonium chloride (BAC),RF-00002582-PAR,0.1,True
624443,AD394E9BE0F679D8C2B4C1276D17B862,GB,GB,P1020010A,N_A,T150A,K005A,RF-1078-004-PPP,0.1,-1.0,VAL,2018,BAC 12,BAC 12,BAC 12,RF-1078-004-PPP,0.1,True
626243,1CD79B610A62AD308F4BFF37233A932F,GB,GB,P1020010A,N_A,T150A,K005A,RF-1078-004-PPP,0.06,-1.0,VAL,2018,BAC 12,BAC 12,BAC 12,RF-1078-004-PPP,0.1,True
626590,1CD79B610A62AD308F4BFF37233A932F,GB,GB,P1020010A,N_A,T150A,K005A,RF-00002582-PAR,0.06,-1.0,VAL,2018,Benzalkonium chloride,Benzalkonium chloride,Benzalkonium chloride (BAC),RF-00002582-PAR,0.1,True
627253,AAA5757A909185ECBD18A2A6F197E325,GB,GB,P1020010A,N_A,T150A,K005A,RF-1078-004-PPP,0.1,-1.0,VAL,2018,BAC 12,BAC 12,BAC 12,RF-1078-004-PPP,0.1,True
627256,AAA5757A909185ECBD18A2A6F197E325,GB,GB,P1020010A,N_A,T150A,K005A,RF-00002582-PAR,0.1,-1.0,VAL,2018,Benzalkonium chloride,Benzalkonium chloride,Benzalkonium chloride (BAC),RF-00002582-PAR,0.1,True
631466,FE3DC4B94350D5B22B30C4DBEF06A113,GB,GB,P1020010A,N_A,T150A,K005A,RF-0010-001-PPP,0.01,-1.0,VAL,2018,"2,4-D (sum)","2,4-D (sum)","2,4-D (sum of 2,4-D, its salts, its esters and its conjugates, expressed as 2,4-D)",RF-0010-001-PPP,0.05,True
639040,AD394E9BE0F679D8C2B4C1276D17B862,GB,GB,P1020010A,N_A,T150A,K005A,RF-00002582-PAR,0.1,-1.0,VAL,2018,Benzalkonium chloride,Benzalkonium chloride,Benzalkonium chloride (BAC),RF-00002582-PAR,0.1,True
642362,86F077107BC3BED395770B65513DE417,GB,GB,P1020010A,N_A,T150A,K005A,RF-1078-004-PPP,0.08,-1.0,VAL,2018,BAC 12,BAC 12,BAC 12,RF-1078-004-PPP,0.1,True
642365,86F077107BC3BED395770B65513DE417,GB,GB,P1020010A,N_A,T150A,K005A,RF-00002582-PAR,0.08,-1.0,VAL,2018,Benzalkonium chloride,Benzalkonium chloride,Benzalkonium chloride (BAC),RF-00002582-PAR,0.1,True
646283,379DFB94CF544DC725E596C8744EC00D,DE,DE,A02LY,-1,-1,K005A,RF-0102-001-PPP,0.0509,-1.0,VAL,2019,Copper compounds,Copper compounds,Copper compounds (copper),RF-0102-001-PPP,2.0,True
646723,0D3BF0E595ADB0CC4853DF6271DE65F5,DE,DE,A02LX,-1,-1,K005A,RF-0102-001-PPP,0.066,-1.0,VAL,2019,Copper compounds,Copper compounds,Copper compounds (copper),RF-0102-001-PPP,2.0,True
647556,C3901F0B9217C97133C6B5088C986646,DE,DE,A02LX,-1,-1,K005A,RF-0102-001-PPP,0.061,-1.0,VAL,2019,Copper compounds,Copper compounds,Copper compounds (copper),RF-0102-001-PPP,2.0,True
647741,385544C14019D0CAC1584FAC2C6FB442,DE,LU,A02LX,-1,-1,K005A,RF-0102-001-PPP,0.053,-1.0,VAL,2019,Copper compounds,Copper compounds,Copper compounds (copper),RF-0102-001-PPP,2.0,True
648104,82B85DE9819929D7F3827455F2BE9123,DE,DE,A02LX,-1,-1,K005A,RF-0119-001-PPP,0.006,-1.0,VAL,2019,DDT (sum),DDT (sum),"DDT (sum of p,p'-DDT, o,p'-DDT, p-p'-DDE and p,p'-TDE (DDD) expressed as DDT)",RF-0119-001-PPP,0.04,True
648170,C03E6407106BB3066057D4BF00BE17DB,DE,DE,A02LX,-1,-1,K005A,RF-0102-001-PPP,0.052,-1.0,VAL,2019,Copper compounds,Copper compounds,Copper compounds (copper),RF-0102-001-PPP,2.0,True
648245,82B85DE9819929D7F3827455F2BE9123,DE,DE,A02LX,-1,-1,K005A,RF-0119-006-PPP,0.0055,-1.0,VAL,2019,DDT (sum),"DDT, p,p-","DDT, p,p-",RF-0119-006-PPP,0.04,True
650279,99E1E0E72D0140DA95DF124F130EC1AB,DE,DE,A02LX,-1,-1,K005A,RF-0119-001-PPP,0.008,-1.0,VAL,2019,DDT (sum),DDT (sum),"DDT (sum of p,p'-DDT, o,p'-DDT, p-p'-DDE and p,p'-TDE (DDD) expressed as DDT)",RF-0119-001-PPP,0.04,True
650450,38EE3315652F11E1234DAB86CBDB4044,DE,DE,A02LY,-1,-1,K005A,RF-0102-001-PPP,0.0462,-1.0,VAL,2019,Copper compounds,Copper compounds,Copper compounds (copper),RF-0102-001-PPP,2.0,True
650590,A932D097E6D1BDFF399338AC4F5EFE31,DE,DE,A02LX,-1,-1,K005A,RF-0119-002-PPP,0.0075,-1.0,VAL,2019,DDT (sum),"DDE, p,p-","DDE, p,p-",RF-0119-002-PPP,0.04,True
651081,D14ADED9B23C306C35C5ABDE64BD1B6A,DE,DE,A02LX,-1,-1,K005A,RF-0102-001-PPP,0.05,-1.0,VAL,2019,Copper compounds,Copper compounds,Copper compounds (copper),RF-0102-001-PPP,2.0,True
651637,33849DD002140EF43085ECD4107CCF1F,DE,DE,A02LX,-1,-1,K005A,RF-0102-001-PPP,0.0632,-1.0,VAL,2019,Copper compounds,Copper compounds,Copper compounds (copper),RF-0102-001-PPP,2.0,True
652336,FA4BF8DDDA2E4E7B1CA43E8FA654E21B,DE,DE,A02LY,-1,-1,K005A,RF-0102-001-PPP,0.0418,-1.0,VAL,2019,Copper compounds,Copper compounds,Copper compounds (copper),RF-0102-001-PPP,2.0,True
653934,927B8269950662849CD1BBCB89CC48D3,DE,BE,A02LX,-1,-1,K005A,RF-0102-001-PPP,0.069,-1.0,VAL,2019,Copper compounds,Copper compounds,Copper compounds (copper),RF-0102-001-PPP,2.0,True
654256,CF7A69C0D8FE2F21C551D8E8164213F7,DE,DE,A02LX,-1,-1,K005A,RF-0102-001-PPP,0.055,-1.0,VAL,2019,Copper compounds,Copper compounds,Copper compounds (copper),RF-0102-001-PPP,2.0,True
654811,C4DA56EED6182D360DCD6044F24F11A0,DE,BE,A02LX,-1,-1,K005A,RF-0102-001-PPP,0.13,-1.0,VAL,2019,Copper compounds,Copper compounds,Copper compounds (copper),RF-0102-001-PPP,2.0,True
655475,51F83D690DB67FD6B64C54C7968F588B,DE,XX,A02LX,-1,-1,K005A,RF-0119-001-PPP,0.01,-1.0,VAL,2019,DDT (sum),DDT (sum),"DDT (sum of p,p'-DDT, o,p'-DDT, p-p'-DDE and p,p'-TDE (DDD) expressed as DDT)",RF-0119-001-PPP,0.04,True
655699,04EC522D8D903CFA5382E0ED8377607D,DE,DE,A02LX,-1,-1,K005A,RF-0102-001-PPP,0.056,-1.0,VAL,2019,Copper compounds,Copper compounds,Copper compounds (copper),RF-0102-001-PPP,2.0,True
656332,94F637E4158CFF38CC31EAB842FFC9CC,DE,LU,A02LX,-1,-1,K005A,RF-0102-001-PPP,0.085,-1.0,VAL,2019,Copper compounds,Copper compounds,Copper compounds (copper),RF-0102-001-PPP,2.0,True
656429,8219DE576FFBC824C4455B244CDEA37C,DE,DE,A02LY,-1,-1,K005A,RF-0102-001-PPP,0.0924,-1.0,VAL,2019,Copper compounds,Copper compounds,Copper compounds (copper),RF-0102-001-PPP,2.0,True
657043,5A80A96898E6D4EB52F56B813BA58AA7,DE,DE,A02LX,-1,-1,K005A,RF-0102-001-PPP,0.052,-1.0,VAL,2019,Copper compounds,Copper compounds,Copper compounds (copper),RF-0102-001-PPP,2.0,True
657811,1F0FDB4093F8C8DCC59D74343ED95FD8,DE,DE,A02LX,-1,-1,K005A,RF-0102-001-PPP,0.054,-1.0,VAL,2019,Copper compounds,Copper compounds,Copper compounds (copper),RF-0102-001-PPP,2.0,True
658788,A99FE24B05C96D03F8DDD32D8845D07B,DE,DE,A02LX,-1,-1,K005A,RF-0102-001-PPP,0.052,-1.0,VAL,2019,Copper compounds,Copper compounds,Copper compounds (copper),RF-0102-001-PPP,2.0,True
659150,8E9E210BBB62E29A1BAF81BB431AB30A,DE,DE,A02LX,-1,-1,K005A,RF-0102-001-PPP,0.065,-1.0,VAL,2019,Copper compounds,Copper compounds,Copper compounds (copper),RF-0102-001-PPP,2.0,True
659454,8EAE1C28FFDFC492106174F599335F68,DE,DE,A02LX,-1,-1,K005A,RF-0102-001-PPP,0.052,-1.0,VAL,2019,Copper compounds,Copper compounds,Copper compounds (copper),RF-0102-001-PPP,2.0,True
659481,C4272E07E978AA2AE334D14630B78066,DE,DE,A02LX,-1,-1,K005A,RF-0102-001-PPP,0.051,-1.0,VAL,2019,Copper compounds,Copper compounds,Copper compounds (copper),RF-0102-001-PPP,2.0,True
659518,62CA95B718B45275F923EBACB271950E,DE,DE,A02LX,-1,-1,K005A,RF-0102-001-PPP,0.053,-1.0,VAL,2019,Copper compounds,Copper compounds,Copper compounds (copper),RF-0102-001-PPP,2.0,True
659549,80DAAA46BF3A6E0D4E1F586311BCC941,DE,DE,A02LX,-1,-1,K005A,RF-0102-001-PPP,0.051,-1.0,VAL,2019,Copper compounds,Copper compounds,Copper compounds (copper),RF-0102-001-PPP,2.0,True
659594,DA1E9A82F4DEC3E8484B76191F892F77,DE,DE,A02LX,-1,-1,K005A,RF-0102-001-PPP,0.058,-1.0,VAL,2019,Copper compounds,Copper compounds,Copper compounds (copper),RF-0102-001-PPP,2.0,True
660127,99E1E0E72D0140DA95DF124F130EC1AB,DE,DE,A02LX,-1,-1,K005A,RF-0119-006-PPP,0.008,-1.0,VAL,2019,DDT (sum),"DDT, p,p-","DDT, p,p-",RF-0119-006-PPP,0.04,True
660695,B0A6811BACD80E40ADB02EF5D61C1F56,DE,DE,A02LX,-1,-1,K005A,RF-0102-001-PPP,0.057,-1.0,VAL,2019,Copper compounds,Copper compounds,Copper compounds (copper),RF-0102-001-PPP,2.0,True
660697,51F83D690DB67FD6B64C54C7968F588B,DE,XX,A02LX,-1,-1,K005A,RF-0119-002-PPP,0.009,-1.0,VAL,2019,DDT (sum),"DDE, p,p-","DDE, p,p-",RF-0119-002-PPP,0.04,True
661030,A932D097E6D1BDFF399338AC4F5EFE31,DE,DE,A02LX,-1,-1,K005A,RF-0119-001-PPP,0.008,-1.0,VAL,2019,DDT (sum),DDT (sum),"DDT (sum of p,p'-DDT, o,p'-DDT, p-p'-DDE and p,p'-TDE (DDD) expressed as DDT)",RF-0119-001-PPP,0.04,True
661048,2B6A23096914E171B76F5730CEE31880,DE,DE,A02LX,-1,-1,K005A,RF-0102-001-PPP,0.062,-1.0,VAL,2019,Copper compounds,Copper compounds,Copper compounds (copper),RF-0102-001-PPP,2.0,True
661182,182234D224BE1893CB47E96D76A4DC8B,DE,DE,A02LX,-1,-1,K005A,RF-0102-001-PPP,0.056,-1.0,VAL,2019,Copper compounds,Copper compounds,Copper compounds (copper),RF-0102-001-PPP,2.0,True
661205,F9D93FDABF40618BB14FC59788C67C69,DE,LU,A02LX,-1,-1,K005A,RF-0102-001-PPP,0.061,-1.0,VAL,2019,Copper compounds,Copper compounds,Copper compounds (copper),RF-0102-001-PPP,2.0,True
661509,A8BAD446E5E1967F9222D98DD18E3A1C,DE,DE,A02LX,-1,-1,K005A,RF-0102-001-PPP,0.057,-1.0,VAL,2019,Copper compounds,Copper compounds,Copper compounds (copper),RF-0102-001-PPP,2.0,True
661635,9976FFECC868EC3276CF862285B1B7D4,DE,DE,A02LV,-1,-1,K005A,RF-0119-002-PPP,0.000214,-1.0,VAL,2019,DDT (sum),"DDE, p,p-","DDE, p,p-",RF-0119-002-PPP,0.04,True
666103,261913CBBF80AE56D19EF2CCFC4A8C81,FR,XX,A02LV,-1,-1,K018A,RF-0021-001-PPP,0.00081,-1.0,VAL,2019,Dieldrin (sum),Dieldrin (sum),Aldrin and Dieldrin (Aldrin and dieldrin combined expressed as dieldrin),RF-0021-001-PPP,0.006,True
666104,261913CBBF80AE56D19EF2CCFC4A8C81,FR,XX,A02LV,-1,-1,K018A,RF-0021-003-PPP,0.00081,-1.0,VAL,2019,Dieldrin (sum),Dieldrin (sum),Dieldrin,RF-0021-003-PPP,0.006,True
673971,57A087706E50CA9A9FFEEA96A594FA50,FR,FR,A02LZ,-1,-1,K018A,RF-0823-001-PPP,0.19,-1.0,VAL,2019,2-phenylphenol (sum),2-phenylphenol (sum),"2-phenylphenol (sum of 2-phenylphenol and its conjugates, expressed as 2-phenylphenol)",RF-0823-001-PPP,0.01,True
718357,3EDC4C3470F92B7F8DA05A5604BC25DA,RO,RO,A02LY,-1,-1,K018A,RF-0119-001-PPP,0.002,-1.0,VAL,2019,DDT (sum),DDT (sum),"DDT (sum of p,p'-DDT, o,p'-DDT, p-p'-DDE and p,p'-TDE (DDD) expressed as DDT)",RF-0119-001-PPP,0.04,True
749031,C963CE961A0EBD46A8F2144F616FB384,GB,GB,A02LY,-1,-1,K018A,RF-1078-004-PPP,0.2,-1.0,VAL,2019,BAC 12,BAC 12,BAC 12,RF-1078-004-PPP,0.1,True
749202,C963CE961A0EBD46A8F2144F616FB384,GB,GB,A02LY,-1,-1,K018A,RF-1078-005-PPP,0.08,-1.0,VAL,2019,BAC 14,BAC 14,BAC 14,RF-1078-005-PPP,0.1,True
767098,F6031E68B702AC9D09601951AC3B5379,GB,GB,A02LY,-1,-1,K018A,RF-1078-004-PPP,0.1,-1.0,VAL,2019,BAC 12,BAC 12,BAC 12,RF-1078-004-PPP,0.1,True
771750,B677D1905CA7AABDBFC997DC2675E390,DK,DK,A02LY,-1,-1,K018A,RF-0102-001-PPP,0.04,-1.0,VAL,2020,Copper compounds,Copper compounds,Copper compounds (copper),RF-0102-001-PPP,2.0,True
771752,668ECEFA18C11C0D0B65BDFF1032FF78,DK,DK,A02LY,-1,-1,K018A,RF-0102-001-PPP,0.08,-1.0,VAL,2020,Copper compounds,Copper compounds,Copper compounds (copper),RF-0102-001-PPP,2.0,True
771754,FE78565AE98D4FE36E8A1AFE2D5AE336,DK,DK,A02LY,-1,-1,K018A,RF-0102-001-PPP,0.04,-1.0,VAL,2020,Copper compounds,Copper compounds,Copper compounds (copper),RF-0102-001-PPP,2.0,True
771756,9FC7CB3255D7321C78C269DD9B03E22A,DK,DK,A02LV,-1,-1,K018A,RF-0102-001-PPP,0.02,-1.0,LOQ,2020,Copper compounds,Copper compounds,Copper compounds (copper),RF-0102-001-PPP,2.0,True
771758,032D64321571AA0AF2A7FE97E2443E37,DK,DK,A02LY,-1,-1,K018A,RF-0102-001-PPP,0.03,-1.0,LOQ,2020,Copper compounds,Copper compounds,Copper compounds (copper),RF-0102-001-PPP,2.0,True
771760,2C7E95E15982D866278C956CCFC55BED,DK,DK,A02LY,-1,-1,K018A,RF-0102-001-PPP,0.04,-1.0,VAL,2020,Copper compounds,Copper compounds,Copper compounds (copper),RF-0102-001-PPP,2.0,True
771762,9DCA90547A6BAF28EF5D4210B163433E,DK,DK,A02LV,-1,-1,K018A,RF-0102-001-PPP,0.03,-1.0,LOQ,2020,Copper compounds,Copper compounds,Copper compounds (copper),RF-0102-001-PPP,2.0,True
817726,5F2C294083C37DC07E50706BDB9307D7,CZ,CZ,A02LV,-1,-1,K009A,RF-0119-002-PPP,0.001,-1.0,VAL,2021,DDT (sum),"DDE, p,p-","DDE, p,p-",RF-0119-002-PPP,0.04,True
831560,8559A7DA995E3EB45766FEBB12641DC7,DE,BE,A02LX,-1,-1,K005A,RF-0102-001-PPP,0.055,-1.0,VAL,2021,Copper compounds,Copper compounds,Copper compounds (copper),RF-0102-001-PPP,2.0,True
831580,69498D2262A418D6356A8D7271E1E988,DE,DE,A02LX,-1,-1,K005A,RF-0102-001-PPP,0.0529,-1.0,VAL,2021,Copper compounds,Copper compounds,Copper compounds (copper),RF-0102-001-PPP,2.0,True
831670,941843A351013FA0F682E06933B88B4A,DE,DE,A02LX,-1,-1,K005A,RF-0102-001-PPP,0.063,-1.0,VAL,2021,Copper compounds,Copper compounds,Copper compounds (copper),RF-0102-001-PPP,2.0,True
831671,1D984DC087E196B3BAB5FA06F8C89FFA,DE,LU,A02LX,-1,-1,K005A,RF-0102-001-PPP,0.059,-1.0,VAL,2021,Copper compounds,Copper compounds,Copper compounds (copper),RF-0102-001-PPP,2.0,True
831672,A395880305CFE9756069E3F86AACD120,DE,DE,A02LX,-1,-1,K005A,RF-0119-001-PPP,0.009,-1.0,VAL,2021,DDT (sum),DDT (sum),"DDT (sum of p,p'-DDT, o,p'-DDT, p-p'-DDE and p,p'-TDE (DDD) expressed as DDT)",RF-0119-001-PPP,0.04,True
831673,A395880305CFE9756069E3F86AACD120,DE,DE,A02LX,-1,-1,K005A,RF-0119-002-PPP,0.008,-1.0,VAL,2021,DDT (sum),"DDE, p,p-","DDE, p,p-",RF-0119-002-PPP,0.04,True
831674,507F104A7B773BE177B2D8449C8A031A,DE,DE,A02LY,-1,-1,K005A,RF-0102-001-PPP,0.0706,-1.0,VAL,2021,Copper compounds,Copper compounds,Copper compounds (copper),RF-0102-001-PPP,2.0,True
831675,715845D247DBF08F2213D85B258DF4F9,DE,DE,A02LY,-1,-1,K005A,RF-00007627-PAR,0.011,-1.0,VAL,2021,DDAC (mix),DDAC-C10,Didecyldimethylammonium chloride (DDAC) n=10,RF-00007627-PAR,0.1,True
831676,715845D247DBF08F2213D85B258DF4F9,DE,DE,A02LY,-1,-1,K005A,RF-1078-002-PPP,0.011,-1.0,VAL,2021,DDAC (mix),DDAC (mix),"Didecyldimethylammonium chloride (mixture of alkyl-quaternary ammonium salts with alkyl chain lengths of C8, C10 and C12)",RF-1078-002-PPP,0.1,True
831677,34756D1863B2D2589725605CA0393A40,DE,DE,A02LX,-1,-1,K005A,RF-0102-001-PPP,0.053,-1.0,VAL,2021,Copper compounds,Copper compounds,Copper compounds (copper),RF-0102-001-PPP,2.0,True
831678,E3857B9F632444C016309EFB0EEA1C0A,DE,LU,A02LX,-1,-1,K005A,RF-0102-001-PPP,0.059,-1.0,VAL,2021,Copper compounds,Copper compounds,Copper compounds (copper),RF-0102-001-PPP,2.0,True
831679,B1898C5E63105C3BA19E756FB6D3B4E1,DE,BE,A02LX,-1,-1,K005A,RF-0102-001-PPP,0.056,-1.0,VAL,2021,Copper compounds,Copper compounds,Copper compounds (copper),RF-0102-001-PPP,2.0,True
831680,04E98BF87B4004B09E65125C5EC0D6D9,DE,DE,A02LX,-1,-1,K005A,RF-0102-001-PPP,0.0468,-1.0,VAL,2021,Copper compounds,Copper compounds,Copper compounds (copper),RF-0102-001-PPP,2.0,True
831681,A606659BBCE5C72589DBEF799C198B0D,DE,DE,A02LX,-1,-1,K005A,RF-0102-001-PPP,0.0479,-1.0,VAL,2021,Copper compounds,Copper compounds,Copper compounds (copper),RF-0102-001-PPP,2.0,True
831682,2CE4E742CBDA2C4786ED921B96EFE9B5,DE,DE,A02LY,-1,-1,K005A,RF-0237-001-PPP,0.001,-1.0,VAL,2021,Hexachlorobenzene,Hexachlorobenzene,Hexachlorobenzene,RF-0237-001-PPP,0.005,True
831683,B1E7428CF46024FB71DC6EBBC5B83356,DE,DE,A02LX,-1,-1,K005A,RF-0102-001-PPP,0.067,-1.0,VAL,2021,Copper compounds,Copper compounds,Copper compounds (copper),RF-0102-001-PPP,2.0,True
831684,720C1FD9A757B0269B7E437E77E0E623,DE,DE,A02LX,-1,-1,K005A,RF-0102-001-PPP,0.0618,-1.0,VAL,2021,Copper compounds,Copper compounds,Copper compounds (copper),RF-0102-001-PPP,2.0,True
831685,893382B30E6D1DD31B8558FA48965DC1,DE,DE,A02LX,-1,-1,K005A,RF-0119-002-PPP,0.0069,-1.0,VAL,2021,DDT (sum),"DDE, p,p-","DDE, p,p-",RF-0119-002-PPP,0.04,True
831686,893382B30E6D1DD31B8558FA48965DC1,DE,DE,A02LX,-1,-1,K005A,RF-0119-001-PPP,0.008,-1.0,VAL,2021,DDT (sum),DDT (sum),"DDT (sum of p,p'-DDT, o,p'-DDT, p-p'-DDE and p,p'-TDE (DDD) expressed as DDT)",RF-0119-001-PPP,0.04,True
831687,2F2B01DA3D08AEE47CB49F3FD54E2D08,DE,DE,A02LY,-1,-1,K005A,RF-0102-001-PPP,0.0529,-1.0,VAL,2021,Copper compounds,Copper compounds,Copper compounds (copper),RF-0102-001-PPP,2.0,True
831688,13A9D6CE1E16210A1FEE3DD64D37C68C,DE,DE,A02LY,-1,-1,K005A,RF-0102-001-PPP,0.0452,-1.0,VAL,2021,Copper compounds,Copper compounds,Copper compounds (copper),RF-0102-001-PPP,2.0,True
831689,C41DFB2C3BF33BC9FEEB637DE7C37A99,DE,DE,A02LX,-1,-1,K005A,RF-0102-001-PPP,0.054,-1.0,VAL,2021,Copper compounds,Copper compounds,Copper compounds (copper),RF-0102-001-PPP,2.0,True
831690,67455D4D8593A5DDBE53D906C6CAB81E,DE,DE,A02LX,-1,-1,K005A,RF-0102-001-PPP,0.053,-1.0,VAL,2021,Copper compounds,Copper compounds,Copper compounds (copper),RF-0102-001-PPP,2.0,True
831691,CE752C6331706BDDB9476954F6F559BE,DE,DE,A02LX,-1,-1,K005A,RF-0102-001-PPP,0.0969,-1.0,VAL,2021,Copper compounds,Copper compounds,Copper compounds (copper),RF-0102-001-PPP,2.0,True
831692,E054CEAAE3EC18A228F89A65006E8F04,DE,DE,A02LX,-1,-1,K005A,RF-0102-001-PPP,0.054,-1.0,VAL,2021,Copper compounds,Copper compounds,Copper compounds (copper),RF-0102-001-PPP,2.0,True
831693,A7234B68D9AFB3986032225ABCA1B3DA,DE,DE,A02LX,-1,-1,K005A,RF-0102-001-PPP,0.052,-1.0,VAL,2021,Copper compounds,Copper compounds,Copper compounds (copper),RF-0102-001-PPP,2.0,True
831694,6C69DDF84DA2F10F9001D9292B869E87,DE,DE,A02LY,-1,-1,K005A,RF-0102-001-PPP,0.0477,-1.0,VAL,2021,Copper compounds,Copper compounds,Copper compounds (copper),RF-0102-001-PPP,2.0,True
831695,8DFC9582894BBD00C3F26498AE79AF87,DE,DE,A02LY,-1,-1,K005A,RF-0263-001-PPP,0.0008,-1.0,VAL,2021,Lindane,Lindane,Lindane (Gamma-isomer of hexachlorocyclohexane (HCH)),RF-0263-001-PPP,0.01,True
831696,4D2215F45292BC4511BC5251A19B7DAA,DE,DE,A02LX,-1,-1,K005A,RF-0102-001-PPP,0.0434,-1.0,VAL,2021,Copper compounds,Copper compounds,Copper compounds (copper),RF-0102-001-PPP,2.0,True
831697,4D2215F45292BC4511BC5251A19B7DAA,DE,DE,A02LX,-1,-1,K005A,RF-00000015-CHE,0.015,-1.0,VAL,2021,Chlorate,Chlorate,Chlorate,RF-00000015-CHE,0.1,True
831871,7A9F091B2E6EDE266E3B647BB2A01134,DE,DE,A02LX,-1,-1,K005A,RF-0102-001-PPP,0.054,-1.0,VAL,2021,Copper compounds,Copper compounds,Copper compounds (copper),RF-0102-001-PPP,2.0,True
831901,58155F744479DB3355385984062248A9,DE,DE,A02LY,-1,-1,K005A,RF-0263-001-PPP,0.0008,-1.0,VAL,2021,Lindane,Lindane,Lindane (Gamma-isomer of hexachlorocyclohexane (HCH)),RF-0263-001-PPP,0.01,True
831902,A6BF40223F13272DDD60813FD707D7A6,DE,DE,A02LY,-1,-1,K005A,RF-0102-001-PPP,0.0443,-1.0,VAL,2021,Copper compounds,Copper compounds,Copper compounds (copper),RF-0102-001-PPP,2.0,True
831903,DEBF4039495611E310456A958C9ECCE5,DE,DE,A02LZ,-1,-1,K005A,RF-0102-001-PPP,0.0511,-1.0,VAL,2021,Copper compounds,Copper compounds,Copper compounds (copper),RF-0102-001-PPP,2.0,True
831933,89CD9A2D325108B5A8BB239D2ECC1A30,DE,DE,A02LX,-1,-1,K005A,RF-0119-002-PPP,0.005,-1.0,VAL,2021,DDT (sum),"DDE, p,p-","DDE, p,p-",RF-0119-002-PPP,0.04,True
831983,89CD9A2D325108B5A8BB239D2ECC1A30,DE,DE,A02LX,-1,-1,K005A,RF-0119-001-PPP,0.006,-1.0,VAL,2021,DDT (sum),DDT (sum),"DDT (sum of p,p'-DDT, o,p'-DDT, p-p'-DDE and p,p'-TDE (DDD) expressed as DDT)",RF-0119-001-PPP,0.04,True
831996,49303D7A1A0E5A2B80B1C3D2558D820D,DE,NL,A02LY,-1,-1,K005A,RF-0102-001-PPP,0.0459,-1.0,VAL,2021,Copper compounds,Copper compounds,Copper compounds (copper),RF-0102-001-PPP,2.0,True
832148,6A854C9944089D7CEC6456C86DD90959,DE,DE,A02LY,-1,-1,K005A,RF-0263-001-PPP,0.0009,-1.0,VAL,2021,Lindane,Lindane,Lindane (Gamma-isomer of hexachlorocyclohexane (HCH)),RF-0263-001-PPP,0.01,True
839387,6CB6358E69E51176AF1721662C07764F,DE,DE,A02LX,-1,-1,K005A,RF-0102-001-PPP,0.0516,-1.0,VAL,2021,Copper compounds,Copper compounds,Copper compounds (copper),RF-0102-001-PPP,2.0,True
839388,0391552E08D6F46D478897D55AF13D8D,DE,DE,A02LX,-1,-1,K005A,RF-0102-001-PPP,0.0618,-1.0,VAL,2021,Copper compounds,Copper compounds,Copper compounds (copper),RF-0102-001-PPP,2.0,True
839389,6DBDB55BAF1B52A2070E63AA4D048512,DE,DE,A02LX,-1,-1,K005A,RF-0102-001-PPP,0.052,-1.0,VAL,2021,Copper compounds,Copper compounds,Copper compounds (copper),RF-0102-001-PPP,2.0,True
839390,EE2DE2BC90F6194BB7A1DEAE169BE5B5,DE,DE,A02LX,-1,-1,K005A,RF-1078-002-PPP,0.034,-1.0,VAL,2021,DDAC (mix),DDAC (mix),"Didecyldimethylammonium chloride (mixture of alkyl-quaternary ammonium salts with alkyl chain lengths of C8, C10 and C12)",RF-1078-002-PPP,0.1,True
839391,EE2DE2BC90F6194BB7A1DEAE169BE5B5,DE,DE,A02LX,-1,-1,K005A,RF-00007627-PAR,0.034,-1.0,VAL,2021,DDAC (mix),DDAC-C10,Didecyldimethylammonium chloride (DDAC) n=10,RF-00007627-PAR,0.1,True
839392,EE2DE2BC90F6194BB7A1DEAE169BE5B5,DE,DE,A02LX,-1,-1,K005A,RF-1078-004-PPP,0.013,-1.0,VAL,2021,BAC 12,BAC 12,BAC 12,RF-1078-004-PPP,0.1,True
839393,EE2DE2BC90F6194BB7A1DEAE169BE5B5,DE,DE,A02LX,-1,-1,K005A,RF-1078-005-PPP,0.014,-1.0,VAL,2021,BAC 14,BAC 14,BAC 14,RF-1078-005-PPP,0.1,True
839394,EE2DE2BC90F6194BB7A1DEAE169BE5B5,DE,DE,A02LX,-1,-1,K005A,RF-00002582-PAR,0.027,-1.0,VAL,2021,Benzalkonium chloride,Benzalkonium chloride,Benzalkonium chloride (BAC),RF-00002582-PAR,0.1,True
840110,F669B0568619579745711D59465A052E,DK,DK,A02LY,-1,-1,K018A,RF-0277-001-PPP,0.0004,-1.0,LOQ,2021,Mercury compounds,Mercury compounds,Mercury compounds (sum of mercury compounds expressed as mercury),RF-0277-001-PPP,0.01,True
840111,F669B0568619579745711D59465A052E,DK,DK,A02LY,-1,-1,K018A,RF-0102-001-PPP,0.0311,-1.0,LOQ,2021,Copper compounds,Copper compounds,Copper compounds (copper),RF-0102-001-PPP,2.0,True
840156,F964C55E7C63627445AE83C55C4F8C33,DK,DK,A02LY,-1,-1,K018A,RF-0102-001-PPP,0.0166,-1.0,LOQ,2021,Copper compounds,Copper compounds,Copper compounds (copper),RF-0102-001-PPP,2.0,True
840158,234DC1AEAC723104FA994493FA9F7430,DK,DK,A02LY,-1,-1,K018A,RF-0102-001-PPP,0.0153,-1.0,LOQ,2021,Copper compounds,Copper compounds,Copper compounds (copper),RF-0102-001-PPP,2.0,True
840292,A36A7FE2FF6F98098924445E33EBFCD6,DK,DK,A02LY,-1,-1,K018A,RF-0102-001-PPP,0.0081,-1.0,LOQ,2021,Copper compounds,Copper compounds,Copper compounds (copper),RF-0102-001-PPP,2.0,True
840338,E8056539F5E3F5471038C516FF34EB37,DK,DK,A02LY,-1,-1,K018A,RF-0277-001-PPP,0.0001,-1.0,LOQ,2021,Mercury compounds,Mercury compounds,Mercury compounds (sum of mercury compounds expressed as mercury),RF-0277-001-PPP,0.01,True
840648,94D742DF1623AD2C9FCC235DC95A8ABF,DK,DK,A02LY,-1,-1,K018A,RF-0102-001-PPP,0.0242,-1.0,LOQ,2021,Copper compounds,Copper compounds,Copper compounds (copper),RF-0102-001-PPP,2.0,True
840738,1BEB7A5B27907F073DB9E093B3FDFC36,DK,DK,A02LY,-1,-1,K018A,RF-0102-001-PPP,0.003,-1.0,LOQ,2021,Copper compounds,Copper compounds,Copper compounds (copper),RF-0102-001-PPP,2.0,True
840739,1BEB7A5B27907F073DB9E093B3FDFC36,DK,DK,A02LY,-1,-1,K018A,RF-0277-001-PPP,0.0003,-1.0,LOQ,2021,Mercury compounds,Mercury compounds,Mercury compounds (sum of mercury compounds expressed as mercury),RF-0277-001-PPP,0.01,True
840784,7A3EF14C83ED1619F7878F934AE181F7,DK,DK,A02LY,-1,-1,K018A,RF-0102-001-PPP,0.0083,-1.0,LOQ,2021,Copper compounds,Copper compounds,Copper compounds (copper),RF-0102-001-PPP,2.0,True
840785,7A3EF14C83ED1619F7878F934AE181F7,DK,DK,A02LY,-1,-1,K018A,RF-0277-001-PPP,0.0004,-1.0,LOQ,2021,Mercury compounds,Mercury compounds,Mercury compounds (sum of mercury compounds expressed as mercury),RF-0277-001-PPP,0.01,True
844909,70340D48D7040F9A901D69567AD33A3A,FR,FR,A02LV,-1,-1,K018A,RF-0088-001-PPP,0.0006,-1.0,VAL,2021,Chlorpyrifos-methyl,Chlorpyrifos-methyl,Chlorpyrifos-methyl,RF-0088-001-PPP,0.01,True
851171,53B3527FE0A6BC13A3A916C234D972E5,IE,IE,A02LV,-1,-1,K005A,RF-00000015-CHE,0.027,-1.0,VAL,2021,Chlorate,Chlorate,Chlorate,RF-00000015-CHE,0.1,True
852238,416647F4A700CD93EDE057011A99430D,IE,IE,A02LV,-1,-1,K005A,RF-00000015-CHE,0.05,-1.0,VAL,2021,Chlorate,Chlorate,Chlorate,RF-00000015-CHE,0.1,True
854218,CF904B4D5649F1A551CA68D35DFE85D5,IE,IE,A02LV,-1,-1,K005A,RF-00000015-CHE,0.03,-1.0,VAL,2021,Chlorate,Chlorate,Chlorate,RF-00000015-CHE,0.1,True
855451,7BFF668487390C7396E34E75BA18B55E,IE,IE,A02LV,-1,-1,K005A,RF-00000015-CHE,0.013,-1.0,VAL,2021,Chlorate,Chlorate,Chlorate,RF-00000015-CHE,0.1,True
856054,41586E5A933C117B522DA56DFDF36300,IE,IE,A02LV,-1,-1,K005A,RF-00000015-CHE,0.027,-1.0,VAL,2021,Chlorate,Chlorate,Chlorate,RF-00000015-CHE,0.1,True
856241,1EC0C011BEAF352F4B3760B9A534AC84,IE,IE,A02LV,-1,-1,K005A,RF-00000015-CHE,0.018,-1.0,VAL,2021,Chlorate,Chlorate,Chlorate,RF-00000015-CHE,0.1,True
856813,F7B2D3FAE56B65A69D4385AB77C10FEB,IE,IE,A02LV,-1,-1,K005A,RF-00000015-CHE,0.048,-1.0,VAL,2021,Chlorate,Chlorate,Chlorate,RF-00000015-CHE,0.1,True
861989,BDDB87AC6E4C2AB08FC059EEBC270D14,IE,IE,A02LV,-1,-1,K005A,RF-00000015-CHE,0.015,-1.0,VAL,2021,Chlorate,Chlorate,Chlorate,RF-00000015-CHE,0.1,True
862283,67E30E8348545AFD042F62926C2A1EF4,IE,IE,A02LV,-1,-1,K005A,RF-00000015-CHE,0.031,-1.0,VAL,2021,Chlorate,Chlorate,Chlorate,RF-00000015-CHE,0.1,True
863196,54EBC64D288E8EFE055FA5DC0D729B24,IE,IE,A02LV,-1,-1,K005A,RF-00000015-CHE,0.024,-1.0,VAL,2021,Chlorate,Chlorate,Chlorate,RF-00000015-CHE,0.1,True
864704,03157E0A018BE49B71324D4C28C5797A,IE,IE,A02LV,-1,-1,K005A,RF-00000015-CHE,0.034,-1.0,VAL,2021,Chlorate,Chlorate,Chlorate,RF-00000015-CHE,0.1,True
865479,4D05652EF99D02031AE6CFEEBD21C50B,IE,IE,A02LV,-1,-1,K005A,RF-00000015-CHE,0.032,-1.0,VAL,2021,Chlorate,Chlorate,Chlorate,RF-00000015-CHE,0.1,True
868015,0D99F9763CA534308C526D47F49C4003,IE,IE,A02LV,-1,-1,K005A,RF-00000015-CHE,0.048,-1.0,VAL,2021,Chlorate,Chlorate,Chlorate,RF-00000015-CHE,0.1,True
870168,D3A78C9EFE80479DFF9B44C8EE7C2714,IE,IE,A02LV,-1,-1,K005A,RF-00000015-CHE,0.041,-1.0,VAL,2021,Chlorate,Chlorate,Chlorate,RF-00000015-CHE,0.1,True
871863,0BEC607AC951F7F1AE94EFFA715A8EE7,IE,IE,A02LV,-1,-1,K005A,RF-00000015-CHE,0.09,-1.0,VAL,2021,Chlorate,Chlorate,Chlorate,RF-00000015-CHE,0.1,True
873142,998F542C117308D5B0AC55AFC2BBC609,IE,IE,A02LV,-1,-1,K005A,RF-00000015-CHE,0.04,-1.0,VAL,2021,Chlorate,Chlorate,Chlorate,RF-00000015-CHE,0.1,True
873644,85E9306534C0AF2482E1A6A3F9417EC7,IE,IE,A02LV,-1,-1,K005A,RF-00000015-CHE,0.023,-1.0,VAL,2021,Chlorate,Chlorate,Chlorate,RF-00000015-CHE,0.1,True
874430,DB50F564DCE66CF6E10584BF1AE0E332,IE,IE,A02LV,-1,-1,K005A,RF-00000015-CHE,0.046,-1.0,VAL,2021,Chlorate,Chlorate,Chlorate,RF-00000015-CHE,0.1,True
875018,C9BD81A7D70B4F97A7503F60A1DD16FA,IE,IE,A02LV,-1,-1,K005A,RF-00000015-CHE,0.03,-1.0,VAL,2021,Chlorate,Chlorate,Chlorate,RF-00000015-CHE,0.1,True
876546,263167C68A011B3134455046DF28F148,IE,IE,A02LV,-1,-1,K005A,RF-00000015-CHE,0.042,-1.0,VAL,2021,Chlorate,Chlorate,Chlorate,RF-00000015-CHE,0.1,True
879584,2F8C4A2C335146097261CC550F5FA5C4,IE,IE,A02LV,-1,-1,K005A,RF-00000015-CHE,0.038,-1.0,VAL,2021,Chlorate,Chlorate,Chlorate,RF-00000015-CHE,0.1,True
880494,5F164DA2F910282CE24A8B8BC9EF141F,IE,IE,A02LV,-1,-1,K005A,RF-00000015-CHE,0.027,-1.0,VAL,2021,Chlorate,Chlorate,Chlorate,RF-00000015-CHE,0.1,True
882318,C63C166D20ACE68D38AFFC569A5F4281,IE,IE,A02LV,-1,-1,K005A,RF-00000015-CHE,0.025,-1.0,VAL,2021,Chlorate,Chlorate,Chlorate,RF-00000015-CHE,0.1,True
883676,A51BBD505CFAC9BFEED1D9DE25BF13ED,IE,IE,A02LV,-1,-1,K005A,RF-00000015-CHE,0.029,-1.0,VAL,2021,Chlorate,Chlorate,Chlorate,RF-00000015-CHE,0.1,True
885062,9C195405EBDCB531D55EF54FC378F177,IE,IE,A02LV,-1,-1,K005A,RF-00000015-CHE,0.027,-1.0,VAL,2021,Chlorate,Chlorate,Chlorate,RF-00000015-CHE,0.1,True
904620,5144895B8700D2D60A93FB6077F48921,NL,NL,A02LV,-1,-1,K018A,RF-00000015-CHE,0.033,-1.0,VAL,2021,Chlorate,Chlorate,Chlorate,RF-00000015-CHE,0.1,True
923603,1C12E0D6EFAE69CCF316992C0E756A03,AT,AT,A02LY,-1,-1,K018A,RF-0102-001-PPP,0.032,-1.0,VAL,2022,Copper compounds,Copper compounds,Copper compounds (copper),RF-0102-001-PPP,2.0,True
923604,96AC3CB31732ADBAC54EBD3FF05CAB93,AT,AT,A02LY,-1,-1,K018A,RF-0102-001-PPP,0.049,-1.0,VAL,2022,Copper compounds,Copper compounds,Copper compounds (copper),RF-0102-001-PPP,2.0,True
923605,1BC5B91C5F27037AC10C45A7FABEE30E,AT,AT,A02LY,-1,-1,K018A,RF-0102-001-PPP,0.04,-1.0,VAL,2022,Copper compounds,Copper compounds,Copper compounds (copper),RF-0102-001-PPP,2.0,True
923606,179ECC111788BE0C84D4040388EACF62,AT,AT,A02LY,-1,-1,K018A,RF-0102-001-PPP,0.079,-1.0,VAL,2022,Copper compounds,Copper compounds,Copper compounds (copper),RF-0102-001-PPP,2.0,True
923607,49F0491DC1EFA550D75A4BECA4132269,AT,DE,A02LY,-1,-1,K018A,RF-0102-001-PPP,0.035,-1.0,VAL,2022,Copper compounds,Copper compounds,Copper compounds (copper),RF-0102-001-PPP,2.0,True
923608,BD0AADCEA5F0EF787A05C4C28E43A4C7,AT,DE,A02LY,-1,-1,K018A,RF-0102-001-PPP,0.035,-1.0,VAL,2022,Copper compounds,Copper compounds,Copper compounds (copper),RF-0102-001-PPP,2.0,True
923609,3E0D67532AAE35A4442745469FD86AFF,AT,AT,A02LY,-1,-1,K018A,RF-0102-001-PPP,0.059,-1.0,VAL,2022,Copper compounds,Copper compounds,Copper compounds (copper),RF-0102-001-PPP,2.0,True
923610,01C539F79164E2C8E1EA141B8689C468,AT,AT,A02LY,-1,-1,K018A,RF-0102-001-PPP,0.042,-1.0,VAL,2022,Copper compounds,Copper compounds,Copper compounds (copper),RF-0102-001-PPP,2.0,True
923611,0FFDCEDD7CFC6D5B3690674434B044DB,AT,AT,A02LY,-1,-1,K018A,RF-0102-001-PPP,0.033,-1.0,VAL,2022,Copper compounds,Copper compounds,Copper compounds (copper),RF-0102-001-PPP,2.0,True
923612,266450A0F0EF0B1D4F95F5078F968284,AT,AT,A02LY,-1,-1,K018A,RF-0102-001-PPP,0.053,-1.0,VAL,2022,Copper compounds,Copper compounds,Copper compounds (copper),RF-0102-001-PPP,2.0,True
927899,C9CCD6498C4F6EEAF2B872BB84ECA089,DE,DE,A02LX,-1,-1,K005A,RF-0102-001-PPP,0.056,-1.0,VAL,2022,Copper compounds,Copper compounds,Copper compounds (copper),RF-0102-001-PPP,2.0,True
929472,4FA78977DF91D05CF7DCC85A104A9090,DE,DE,A02LX,-1,-1,K005A,RF-0102-001-PPP,0.05,-1.0,VAL,2022,Copper compounds,Copper compounds,Copper compounds (copper),RF-0102-001-PPP,2.0,True
929538,2855E6A44DBFB87C4B533519D6B2782B,DE,DE,A02LX,-1,-1,K005A,RF-0102-001-PPP,0.051,-1.0,VAL,2022,Copper compounds,Copper compounds,Copper compounds (copper),RF-0102-001-PPP,2.0,True
929643,F464B659C89D99CAC9BBF9978E7956E1,DE,DE,A02LX,-1,-1,K005A,RF-0102-001-PPP,0.068,-1.0,VAL,2022,Copper compounds,Copper compounds,Copper compounds (copper),RF-0102-001-PPP,2.0,True
929921,6D222E5D86B5832A5F81A56592B8FA25,DE,DE,A02LX,-1,-1,K005A,RF-0102-001-PPP,0.057,-1.0,VAL,2022,Copper compounds,Copper compounds,Copper compounds (copper),RF-0102-001-PPP,2.0,True
930242,9C43F60CBFE545C5AB7AAD583C9DE143,DE,BE,A02LX,-1,-1,K005A,RF-0102-001-PPP,0.061,-1.0,VAL,2022,Copper compounds,Copper compounds,Copper compounds (copper),RF-0102-001-PPP,2.0,True
930402,6610B9D5403194632425A495EAC4B173,DE,DE,A02LX,-1,-1,K005A,RF-0102-001-PPP,0.057,-1.0,VAL,2022,Copper compounds,Copper compounds,Copper compounds (copper),RF-0102-001-PPP,2.0,True
930499,A4606EA42891E852B7C83DD35F61D53A,DE,DE,A02LX,-1,-1,K005A,RF-0102-001-PPP,0.05,-1.0,VAL,2022,Copper compounds,Copper compounds,Copper compounds (copper),RF-0102-001-PPP,2.0,True
931073,E9BB9C343BAE2FA17F89B486A72124C8,DE,DE,A02LX,-1,-1,K005A,RF-00002582-PAR,0.012,-1.0,VAL,2022,Benzalkonium chloride,Benzalkonium chloride,Benzalkonium chloride (BAC),RF-00002582-PAR,0.1,True
931077,88E21D3FE1A10894C70C6A0AA6CDF080,DE,DE,A02LX,-1,-1,K005A,RF-0102-001-PPP,0.052,-1.0,VAL,2022,Copper compounds,Copper compounds,Copper compounds (copper),RF-0102-001-PPP,2.0,True
931412,E9BB9C343BAE2FA17F89B486A72124C8,DE,DE,A02LX,-1,-1,K005A,RF-00007627-PAR,0.027,-1.0,VAL,2022,DDAC (mix),DDAC-C10,Didecyldimethylammonium chloride (DDAC) n=10,RF-00007627-PAR,0.1,True
931413,9B8B4327A7D0450597B8FE99E8C78C2C,DE,BE,A02LX,-1,-1,K005A,RF-0102-001-PPP,0.05,-1.0,VAL,2022,Copper compounds,Copper compounds,Copper compounds (copper),RF-0102-001-PPP,2.0,True
931414,E9BB9C343BAE2FA17F89B486A72124C8,DE,DE,A02LX,-1,-1,K005A,RF-1078-002-PPP,0.027,-1.0,VAL,2022,DDAC (mix),DDAC (mix),"Didecyldimethylammonium chloride (mixture of alkyl-quaternary ammonium salts with alkyl chain lengths of C8, C10 and C12)",RF-1078-002-PPP,0.1,True
931581,E22831071D0452BE99E8B693F3AC0A93,DE,LU,A02LX,-1,-1,K005A,RF-0102-001-PPP,0.062,-1.0,VAL,2022,Copper compounds,Copper compounds,Copper compounds (copper),RF-0102-001-PPP,2.0,True
931772,6F7F83369DC94AC848507D9D12C75E7C,DE,DE,A02LX,-1,-1,K005A,RF-0102-001-PPP,0.052,-1.0,VAL,2022,Copper compounds,Copper compounds,Copper compounds (copper),RF-0102-001-PPP,2.0,True
931954,77654FD3E3FD4924F7042CB8C5532821,DE,DE,A02LX,-1,-1,K005A,RF-0102-001-PPP,0.054,-1.0,VAL,2022,Copper compounds,Copper compounds,Copper compounds (copper),RF-0102-001-PPP,2.0,True
932351,E9BB9C343BAE2FA17F89B486A72124C8,DE,DE,A02LX,-1,-1,K005A,RF-1078-005-PPP,0.012,-1.0,VAL,2022,BAC 14,BAC 14,BAC 14,RF-1078-005-PPP,0.1,True
932430,A5E499FB9877C0AEFB440BC8ED3D7DD3,DE,LU,A02LX,-1,-1,K005A,RF-0102-001-PPP,0.062,-1.0,VAL,2022,Copper compounds,Copper compounds,Copper compounds (copper),RF-0102-001-PPP,2.0,True
932508,0F0F8F3004EABE9E7A9D74649A4DB676,DE,DE,A02LX,-1,-1,K005A,RF-1078-004-PPP,0.011,-1.0,VAL,2022,BAC 12,BAC 12,BAC 12,RF-1078-004-PPP,0.1,True
935253,0F0F8F3004EABE9E7A9D74649A4DB676,DE,DE,A02LX,-1,-1,K005A,RF-00002582-PAR,0.011,-1.0,VAL,2022,Benzalkonium chloride,Benzalkonium chloride,Benzalkonium chloride (BAC),RF-00002582-PAR,0.1,True
948113,93F7E1C1663D15F375358A7BA2D70B03,DK,DK,A02LY,-1,-1,K018A,RF-0102-001-PPP,0.052,-1.0,VAL,2022,Copper compounds,Copper compounds,Copper compounds (copper),RF-0102-001-PPP,2.0,True
953818,B15B7C0C602FF34D4B08C16D540893CC,FR,FR,A02LV,-1,-1,K018A,RF-0021-001-PPP,0.005,-1.0,VAL,2022,Dieldrin (sum),Dieldrin (sum),Aldrin and Dieldrin (Aldrin and dieldrin combined expressed as dieldrin),RF-0021-001-PPP,0.006,True
953828,B15B7C0C602FF34D4B08C16D540893CC,FR,FR,A02LV,-1,-1,K018A,RF-0021-003-PPP,0.005,-1.0,VAL,2022,Dieldrin (sum),Dieldrin (sum),Dieldrin,RF-0021-003-PPP,0.006,True
978207,AB02271262FDF90E2419DF2E7203C683,IE,IE,A02LV,-1,-1,K005A,RF-00000015-CHE,0.035,-1.0,VAL,2022,Chlorate,Chlorate,Chlorate,RF-00000015-CHE,0.1,True
980900,2E27957086EB32DFB052E3EAB0CACA89,IE,IE,A02LV,-1,-1,K005A,RF-00000015-CHE,0.0194,-1.0,VAL,2022,Chlorate,Chlorate,Chlorate,RF-00000015-CHE,0.1,True
993803,42DD432A969EE93D892240D1B3B1482D,IE,IE,A02LV,-1,-1,K005A,RF-0225-001-PPP,0.015,-1.0,VAL,2022,Fosetyl-Al (sum),Fosetyl-Al (sum),"Fosetyl-Al (sum of fosetyl, phosphonic acid and their salts, expressed as fosetyl)",RF-0225-001-PPP,0.1,False
994358,885F4504B079317318BCB55DF78D83B2,IE,IE,A02LV,-1,-1,K018A,RF-0225-001-PPP,0.043,-1.0,VAL,2022,Fosetyl-Al (sum),Fosetyl-Al (sum),"Fosetyl-Al (sum of fosetyl, phosphonic acid and their salts, expressed as fosetyl)",RF-0225-001-PPP,0.1,False
994697,86F8EA75E4D43A374BCA63257E9BFA82,IE,IE,A02LV,-1,-1,K005A,RF-00000015-CHE,0.012,-1.0,VAL,2022,Chlorate,Chlorate,Chlorate,RF-00000015-CHE,0.1,True
1014471,C0C247AD0D2FBAB07557F5766D9714BB,IT,IT,A02LY,-1,-1,K005A,RF-0823-001-PPP,0.007,-1.0,VAL,2022,2-phenylphenol (sum),2-phenylphenol (sum),"2-phenylphenol (sum of 2-phenylphenol and its conjugates, expressed as 2-phenylphenol)",RF-0823-001-PPP,0.01,True
1020302,B90B8C0B3A79DF1FBF74D2A1D24D3B92,IT,IT,A02LY,-1,-1,K005A,RF-0823-001-PPP,0.004,-1.0,VAL,2022,2-phenylphenol (sum),2-phenylphenol (sum),"2-phenylphenol (sum of 2-phenylphenol and its conjugates, expressed as 2-phenylphenol)",RF-0823-001-PPP,0.01,True
1021062,F8BE23649E0BD9A991657A83E029874B,IT,IT,A02LY,-1,-1,K018A,RF-0848-001-PPP,0.002,-1.0,VAL,2022,Piperonyl Butoxide,Piperonyl Butoxide,Piperonyl Butoxide,RF-0848-001-PPP,0.2,True
1024033,F9F1B1422D6882B30C161AF9AC7ADF89,IT,AT,A02LY,-1,-1,K005A,RF-0102-001-PPP,0.063,-1.0,VAL,2022,Copper compounds,Copper compounds,Copper compounds (copper),RF-0102-001-PPP,2.0,True
1025185,E8127DC2BC23D48C81912A8988A58A61,IT,IT,A02LY,-1,-1,K005A,RF-0102-001-PPP,0.069,-1.0,VAL,2022,Copper compounds,Copper compounds,Copper compounds (copper),RF-0102-001-PPP,2.0,True
1031456,E915AB51E5798D769FE171364A308399,NL,NL,A02LV,-1,-1,K018A,RF-0050-001-PPP,0.78,-1.0,VAL,2022,Bromide ion,Bromide ion,Bromide ion,RF-0050-001-PPP,0.05,True
1031628,2E374F855228FE462CCE73B3A1457DA6,NL,NL,A02LV,-1,-1,K018A,RF-0050-001-PPP,1.0,-1.0,VAL,2022,Bromide ion,Bromide ion,Bromide ion,RF-0050-001-PPP,0.05,True
1031744,2E374F855228FE462CCE73B3A1457DA6,NL,NL,A02LV,-1,-1,K018A,RF-00000015-CHE,0.022,-1.0,VAL,2022,Chlorate,Chlorate,Chlorate,RF-00000015-CHE,0.1,True
1031799,444007BF4816597D608B11190F9FF4C1,NL,NL,A02LV,-1,-1,K018A,RF-0050-001-PPP,1.8,-1.0,VAL,2022,Bromide ion,Bromide ion,Bromide ion,RF-0050-001-PPP,0.05,True
1031959,A2E9DD4DCF01D6FB907144A6F0A87717,NL,BE,A02LV,-1,-1,K018A,RF-0050-001-PPP,2.1,-1.0,VAL,2022,Bromide ion,Bromide ion,Bromide ion,RF-0050-001-PPP,0.05,True
1032132,6095290FAFA5F2BAFC7A1A4C226FAD14,NL,NL,A02LV,-1,-1,K018A,RF-0050-001-PPP,7.5,-1.0,VAL,2022,Bromide ion,Bromide ion,Bromide ion,RF-0050-001-PPP,0.05,True
1032233,6095290FAFA5F2BAFC7A1A4C226FAD14,NL,NL,A02LV,-1,-1,K018A,RF-00000015-CHE,0.014,-1.0,VAL,2022,Chlorate,Chlorate,Chlorate,RF-00000015-CHE,0.1,True
1032293,0BC128EF751B5D3470C12098FFBBB811,NL,NL,A02LV,-1,-1,K018A,RF-0050-001-PPP,2.0,-1.0,VAL,2022,Bromide ion,Bromide ion,Bromide ion,RF-0050-001-PPP,0.05,True
1032629,A25F4E4836032E53F08C108F36D5E966,NL,BE,A02LV,-1,-1,K018A,RF-0050-001-PPP,1.8,-1.0,VAL,2022,Bromide ion,Bromide ion,Bromide ion,RF-0050-001-PPP,0.05,True
1032777,B693A04EC5B19B5E5E201C804013BCD5,NL,BE,A02LV,-1,-1,K018A,RF-0050-001-PPP,1.7,-1.0,VAL,2022,Bromide ion,Bromide ion,Bromide ion,RF-0050-001-PPP,0.05,True
1032894,B693A04EC5B19B5E5E201C804013BCD5,NL,BE,A02LV,-1,-1,K018A,RF-00000015-CHE,0.019,-1.0,VAL,2022,Chlorate,Chlorate,Chlorate,RF-00000015-CHE,0.1,True
1032952,4FF4A1E95698EF45767CCF08929E967D,NL,NL,A02LV,-1,-1,K018A,RF-0050-001-PPP,1.3,-1.0,VAL,2022,Bromide ion,Bromide ion,Bromide ion,RF-0050-001-PPP,0.05,True
1033122,F10FD785B550646AEAB49F8BDDB78199,NL,NL,A02LV,-1,-1,K018A,RF-0050-001-PPP,5.5,-1.0,VAL,2022,Bromide ion,Bromide ion,Bromide ion,RF-0050-001-PPP,0.05,True
1033292,2B1CEB73FE08BFF8C8267DCB30B4A53B,NL,NL,A02LV,-1,-1,K018A,RF-0050-001-PPP,6.4,-1.0,VAL,2022,Bromide ion,Bromide ion,Bromide ion,RF-0050-001-PPP,0.05,True
1033408,2B1CEB73FE08BFF8C8267DCB30B4A53B,NL,NL,A02LV,-1,-1,K018A,RF-00000015-CHE,0.01,-1.0,VAL,2022,Chlorate,Chlorate,Chlorate,RF-00000015-CHE,0.1,True
1033463,EA3AF8DC0540865E5AD5C6E56C32D007,NL,NL,A02LV,-1,-1,K018A,RF-0050-001-PPP,2.7,-1.0,VAL,2022,Bromide ion,Bromide ion,Bromide ion,RF-0050-001-PPP,0.05,True
1034011,E27AE34B5945854245D640139C2438FF,NL,DE,A02LV,-1,-1,K018A,RF-0050-001-PPP,2.1,-1.0,VAL,2022,Bromide ion,Bromide ion,Bromide ion,RF-0050-001-PPP,0.05,True
1034170,92CD4024E22E3AA6F9E9762292B7A7A5,NL,NL,A02LV,-1,-1,K018A,RF-0050-001-PPP,2.4,-1.0,VAL,2022,Bromide ion,Bromide ion,Bromide ion,RF-0050-001-PPP,0.05,True
1034350,41440A33711361B2B85318DAF8314445,NL,NL,A02LV,-1,-1,K018A,RF-0050-001-PPP,3.4,-1.0,VAL,2022,Bromide ion,Bromide ion,Bromide ion,RF-0050-001-PPP,0.05,True
1034517,474250A30966D278A4C58F5036E7C203,NL,NL,A02LV,-1,-1,K018A,RF-0050-001-PPP,1.8,-1.0,VAL,2022,Bromide ion,Bromide ion,Bromide ion,RF-0050-001-PPP,0.05,True
1034667,0022D5F0608E3798A0CE0109CF15C1A5,NL,DE,A02LV,-1,-1,K018A,RF-0050-001-PPP,2.5,-1.0,VAL,2022,Bromide ion,Bromide ion,Bromide ion,RF-0050-001-PPP,0.05,True
1034834,F00EA769FE92586656B7C510C30BA5A5,NL,NL,A02LV,-1,-1,K018A,RF-0050-001-PPP,1.1,-1.0,VAL,2022,Bromide ion,Bromide ion,Bromide ion,RF-0050-001-PPP,0.05,True
1035015,4E4F7EC80D93F0F74B0098876C072A21,NL,BE,A02LV,-1,-1,K018A,RF-0050-001-PPP,1.5,-1.0,VAL,2022,Bromide ion,Bromide ion,Bromide ion,RF-0050-001-PPP,0.05,True
1048500,0ABA5C3850B666954DA1EA3DB7140126,CY,CY,A02LV,-1,-1,K018A,RF-0102-001-PPP,0.046,-1.0,LOQ,2023,Copper compounds,Copper compounds,Copper compounds (copper),RF-0102-001-PPP,2.0,True
1048501,EF99F00A3DA6F6E659BE08E0267F811B,CY,CY,A02LV,-1,-1,K018A,RF-0102-001-PPP,0.039,-1.0,LOQ,2023,Copper compounds,Copper compounds,Copper compounds (copper),RF-0102-001-PPP,2.0,True
1048502,49FBC39CE9CCDEC8B240EA5F753AA1E4,CY,CY,A02LV,-1,-1,K018A,RF-0102-001-PPP,0.038,-1.0,LOQ,2023,Copper compounds,Copper compounds,Copper compounds (copper),RF-0102-001-PPP,2.0,True
1048503,06D834D030EF434786F59234A3C26600,CY,CY,A02LV,-1,-1,K018A,RF-0102-001-PPP,0.047,-1.0,LOQ,2023,Copper compounds,Copper compounds,Copper compounds (copper),RF-0102-001-PPP,2.0,True
1048504,74311CAAF29A80CBBD885D05D20B191B,CY,CY,A02LV,-1,-1,K018A,RF-0102-001-PPP,0.048,-1.0,LOQ,2023,Copper compounds,Copper compounds,Copper compounds (copper),RF-0102-001-PPP,2.0,True
1051574,EA469D832C78C0159B046F90E9E2762D,DE,DE,A02LX,-1,-1,K005A,RF-0102-001-PPP,0.054,-1.0,VAL,2023,Copper compounds,Copper compounds,Copper compounds (copper),RF-0102-001-PPP,2.0,True
1054240,A8F474905C35DD7C9AB0CFD60B1D7B0F,DE,BE,A02LX,-1,-1,K005A,RF-0102-001-PPP,0.052,-1.0,VAL,2023,Copper compounds,Copper compounds,Copper compounds (copper),RF-0102-001-PPP,2.0,True
1059951,32CA49C9A9A9D28E5A0316821F0C853A,DE,DE,A02LX,-1,-1,K005A,RF-0102-001-PPP,0.054,-1.0,VAL,2023,Copper compounds,Copper compounds,Copper compounds (copper),RF-0102-001-PPP,2.0,True
1060684,BAC400B9187DB962C010C0D2BF08DA88,DE,DE,A02LX,-1,-1,K005A,RF-0102-001-PPP,0.06,-1.0,VAL,2023,Copper compounds,Copper compounds,Copper compounds (copper),RF-0102-001-PPP,2.0,True
1061700,03FCDF8DBBFEC9DB2469A798B58B4B95,DE,DE,A02LX,-1,-1,K005A,RF-0102-001-PPP,0.054,-1.0,VAL,2023,Copper compounds,Copper compounds,Copper compounds (copper),RF-0102-001-PPP,2.0,True
1061770,C0EC6FF2378817D06BD4A2ED1C1BAD5E,DE,DE,A02LX,-1,-1,K005A,RF-1078-004-PPP,0.01,-1.0,VAL,2023,BAC 12,BAC 12,BAC 12,RF-1078-004-PPP,0.1,True
1061890,C0EC6FF2378817D06BD4A2ED1C1BAD5E,DE,DE,A02LX,-1,-1,K005A,RF-00002582-PAR,0.01,-1.0,VAL,2023,Benzalkonium chloride,Benzalkonium chloride,Benzalkonium chloride (BAC),RF-00002582-PAR,0.1,True
1061976,B8376CC43E9331D923FBE028A0FB1B3B,DE,DE,A02LX,-1,-1,K005A,RF-0102-001-PPP,0.055,-1.0,VAL,2023,Copper compounds,Copper compounds,Copper compounds (copper),RF-0102-001-PPP,2.0,True
1063762,9630235C65E0ABD1473A98350DD55BF9,DE,DE,A02LX,-1,-1,K005A,RF-0102-001-PPP,0.051,-1.0,VAL,2023,Copper compounds,Copper compounds,Copper compounds (copper),RF-0102-001-PPP,2.0,True
1066638,D02BCB1C280BEF3A8B4EEFB83D380462,DE,DE,A02LX,-1,-1,K005A,RF-0102-001-PPP,0.053,-1.0,VAL,2023,Copper compounds,Copper compounds,Copper compounds (copper),RF-0102-001-PPP,2.0,True
1067270,C16000CF6EE302D13A1FE871C17C107E,DE,DE,A02LX,-1,-1,K005A,RF-00002582-PAR,0.036,-1.0,VAL,2023,Benzalkonium chloride,Benzalkonium chloride,Benzalkonium chloride (BAC),RF-00002582-PAR,0.1,True
1067279,C16000CF6EE302D13A1FE871C17C107E,DE,DE,A02LX,-1,-1,K005A,RF-1078-004-PPP,0.014,-1.0,VAL,2023,BAC 12,BAC 12,BAC 12,RF-1078-004-PPP,0.1,True
1067300,C16000CF6EE302D13A1FE871C17C107E,DE,DE,A02LX,-1,-1,K005A,RF-1078-005-PPP,0.022,-1.0,VAL,2023,BAC 14,BAC 14,BAC 14,RF-1078-005-PPP,0.1,True
1068993,EDD460B7A382069632D5172FD8FBF172,DE,DE,A02LX,-1,-1,K005A,RF-0102-001-PPP,0.05,-1.0,VAL,2023,Copper compounds,Copper compounds,Copper compounds (copper),RF-0102-001-PPP,2.0,True
1069348,12C1A4945BDED546F4228431CFEAD88C,DE,LU,A02LX,-1,-1,K005A,RF-0102-001-PPP,0.063,-1.0,VAL,2023,Copper compounds,Copper compounds,Copper compounds (copper),RF-0102-001-PPP,2.0,True
1073368,CE88CD6252D9B4AEC25687B0FE0AEBC3,DE,DE,A02LX,-1,-1,K005A,RF-0102-001-PPP,0.066,-1.0,VAL,2023,Copper compounds,Copper compounds,Copper compounds (copper),RF-0102-001-PPP,2.0,True
1075745,C00CD903E5A061AB674232D22A24ED8D,DK,DK,A02LY,-1,-1,K018A,RF-0102-001-PPP,0.031,-1.0,LOQ,2023,Copper compounds,Copper compounds,Copper compounds (copper),RF-0102-001-PPP,2.0,True
1075808,C9BA2EF33E4ABCC56BD75E28AC66C054,DK,DK,A02LY,-1,-1,K018A,RF-0102-001-PPP,0.035,-1.0,LOQ,2023,Copper compounds,Copper compounds,Copper compounds (copper),RF-0102-001-PPP,2.0,True
1075993,BB5D7FB4DF4CBB33CC650F40E06503A2,DK,DK,A02LY,-1,-1,K018A,RF-0102-001-PPP,0.047,-1.0,VAL,2023,Copper compounds,Copper compounds,Copper compounds (copper),RF-0102-001-PPP,2.0,True
1076544,9516ADD2BF3C7DE755A181460849D7E9,DK,DK,A02LY,-1,-1,K018A,RF-0102-001-PPP,0.045,-1.0,LOQ,2023,Copper compounds,Copper compounds,Copper compounds (copper),RF-0102-001-PPP,2.0,True
1076790,84BA597450D70F6879A5FEB96042EB96,DK,DK,A02LY,-1,-1,K018A,RF-0102-001-PPP,0.046,-1.0,VAL,2023,Copper compounds,Copper compounds,Copper compounds (copper),RF-0102-001-PPP,2.0,True
1076791,84BA597450D70F6879A5FEB96042EB96,DK,DK,A02LY,-1,-1,K018A,RF-0277-001-PPP,0.001,-1.0,VAL,2023,Mercury compounds,Mercury compounds,Mercury compounds (sum of mercury compounds expressed as mercury),RF-0277-001-PPP,0.01,True
1076915,3D82CAEB513CB587C0C85CDDAE41B5E0,DK,DK,A02LY,-1,-1,K018A,RF-0102-001-PPP,0.041,-1.0,LOQ,2023,Copper compounds,Copper compounds,Copper compounds (copper),RF-0102-001-PPP,2.0,True
1076977,574D714049801FD58C573687987DE71C,DK,DK,A02LY,-1,-1,K018A,RF-0102-001-PPP,0.051,-1.0,VAL,2023,Copper compounds,Copper compounds,Copper compounds (copper),RF-0102-001-PPP,2.0,True
1077224,B8C506E483FFCA2616304FE4D4F87C4B,DK,DK,A02LY,-1,-1,K018A,RF-0102-001-PPP,0.0585,-1.0,VAL,2023,Copper compounds,Copper compounds,Copper compounds (copper),RF-0102-001-PPP,2.0,True
1077713,44A880D2499A611291124DDB7EE81B46,DK,DK,A02LY,-1,-1,K018A,RF-0102-001-PPP,0.044,-1.0,LOQ,2023,Copper compounds,Copper compounds,Copper compounds (copper),RF-0102-001-PPP,2.0,True
1079852,41145E363965FF4D72DDE55B1F4610BF,IE,IE,A02LV,-1,-1,K005A,RF-00000015-CHE,0.22,-1.0,VAL,2023,Chlorate,Chlorate,Chlorate,RF-00000015-CHE,0.1,True
1090536,0709049E44E2442944683EF3D2985A46,IE,IE,A02LV,-1,-1,K005A,RF-0225-001-PPP,0.047,-1.0,VAL,2023,Fosetyl-Al (sum),Fosetyl-Al (sum),"Fosetyl-Al (sum of fosetyl, phosphonic acid and their salts, expressed as fosetyl)",RF-0225-001-PPP,0.1,False
1100405,8983B5D408D699BFA0AEF062CBE27341,IE,IE,A02LV,-1,-1,K018A,RF-00000015-CHE,0.22,-1.0,VAL,2023,Chlorate,Chlorate,Chlorate,RF-00000015-CHE,0.1,True
1116437,6DA5C9966FE65CF5F5296469A07B75A0,NO,NO,A02LV,-1,-1,K018A,RF-0102-001-PPP,0.029,-1.0,VAL,2023,Copper compounds,Copper compounds,Copper compounds (copper),RF-0102-001-PPP,2.0,True
1116973,28CB77394892236D891638513C457353,NO,NO,A02LV,-1,-1,K018A,RF-0102-001-PPP,0.054,-1.0,VAL,2023,Copper compounds,Copper compounds,Copper compounds (copper),RF-0102-001-PPP,2.0,True
1126001,9C90EF99177F14894CBA1AD4EDC34271,IT,IT,A02LY,-1,-1,K005A,RF-0142-001-PPP,0.006,-1.0,VAL,2023,Diniconazole (sum),Diniconazole (sum),Diniconazole (sum of isomers),RF-0142-001-PPP,0.01,False
1128315,31D07A0756A37FECDB96A46DA08B83D9,IT,IT,A02LT,-1,-1,K005A,RF-0102-001-PPP,0.046,-1.0,VAL,2023,Copper compounds,Copper compounds,Copper compounds (copper),RF-0102-001-PPP,2.0,True
1134678,D359EFDCE29DDB8E14F9EB8CAE3B3C58,IT,IT,A02LT,-1,-1,K005A,RF-0102-001-PPP,0.046,-1.0,VAL,2023,Copper compounds,Copper compounds,Copper compounds (copper),RF-0102-001-PPP,2.0,True
1141046,D0C9923AB54D790229809C639E2AAD4F,IT,IT,A02LZ,-1,-1,K005A,RF-00000010-PAR,0.027,-1.0,VAL,2023,Bixafen (sum),Bixafen (sum),"Bixafen (sum of bixafen and desmethyl-bixafen, expressed as bixafen)",RF-00000010-PAR,0.2,False
1141096,D0C9923AB54D790229809C639E2AAD4F,IT,IT,A02LZ,-1,-1,K005A,RF-0187-001-PPP,0.009,-1.0,VAL,2023,Fenthion (sum),Fenthion (sum),"Fenthion (fenthion and its oxigen analogue, their sulfoxides and sulfone expressed as parent)",RF-0187-001-PPP,0.01,True
1153595,2C9C93134430002260315485D9B22107,BE,BE,A02LV,-1,-1,K005A,RF-00000015-CHE,0.011,-1.0,VAL,2023,Chlorate,Chlorate,Chlorate,RF-00000015-CHE,0.1,True
1153667,36F3B4E23D542E45A0AA96129FB1A8A4,BE,BE,A02LY,-1,-1,K018A,RF-0119-002-PPP,0.035,-1.0,VAL,2023,DDT (sum),"DDE, p,p-","DDE, p,p-",RF-0119-002-PPP,0.04,True
1153668,36F3B4E23D542E45A0AA96129FB1A8A4,BE,BE,A02LY,-1,-1,K018A,RF-0119-001-PPP,0.035,-1.0,VAL,2023,DDT (sum),DDT (sum),"DDT (sum of p,p'-DDT, o,p'-DDT, p-p'-DDE and p,p'-TDE (DDD) expressed as DDT)",RF-0119-001-PPP,0.04,True
1155003,996EE0DB14D56212D7A39BE1980B91D2,PT,PT,A02LV,-1,-1,K018A,RF-00000015-CHE,0.1,-1.0,VAL,2023,Chlorate,Chlorate,Chlorate,RF-00000015-CHE,0.1,True
1160315,38D970439E876E35D629A4AA6A604FD6,CY,CY,A02LV,-1,-1,K018A,RF-0102-001-PPP,0.059,-1.0,LOQ,2024,Copper compounds,Copper compounds,Copper compounds (copper),RF-0102-001-PPP,2.0,True
1160317,2F2673AA5D70F3BAFB8512CC47124EFA,CY,CY,A02LV,-1,-1,K018A,RF-0102-001-PPP,0.035,-1.0,LOQ,2024,Copper compounds,Copper compounds,Copper compounds (copper),RF-0102-001-PPP,2.0,True
1160318,6254236356581D878132D1580789DDBE,CY,CY,A02LV,-1,-1,K018A,RF-0102-001-PPP,0.035,-1.0,LOQ,2024,Copper compounds,Copper compounds,Copper compounds (copper),RF-0102-001-PPP,2.0,True
1160319,D707515F445CD31C17F6D5B68D1A832A,CY,CY,A02LV,-1,-1,K018A,RF-0102-001-PPP,0.04,-1.0,LOQ,2024,Copper compounds,Copper compounds,Copper compounds (copper),RF-0102-001-PPP,2.0,True
1160513,937D3B2C0BA245EEBDBFA7A1CE1201B5,CZ,CZ,A02LX,-1,-1,K018A,RF-0102-001-PPP,0.07,-1.0,VAL,2024,Copper compounds,Copper compounds,Copper compounds (copper),RF-0102-001-PPP,2.0,True
1160556,464775D41B3B8495AA3A5835EB17FA4D,CZ,CZ,A02LX,-1,-1,K018A,RF-0102-001-PPP,0.06,-1.0,VAL,2024,Copper compounds,Copper compounds,Copper compounds (copper),RF-0102-001-PPP,2.0,True
1160767,855296030B3EDEA059C80F5DC54A6BC2,CZ,CZ,A02LX,-1,-1,K018A,RF-0119-002-PPP,0.006,-1.0,VAL,2024,DDT (sum),"DDE, p,p-","DDE, p,p-",RF-0119-002-PPP,0.04,True
1160785,855296030B3EDEA059C80F5DC54A6BC2,CZ,CZ,A02LX,-1,-1,K018A,RF-0119-001-PPP,0.007,-1.0,VAL,2024,DDT (sum),DDT (sum),"DDT (sum of p,p'-DDT, o,p'-DDT, p-p'-DDE and p,p'-TDE (DDD) expressed as DDT)",RF-0119-001-PPP,0.04,True
1160837,390D156563E12D95F7B49369FF1D207E,CZ,CZ,A02LX,-1,-1,K018A,RF-0102-001-PPP,0.05,-1.0,VAL,2024,Copper compounds,Copper compounds,Copper compounds (copper),RF-0102-001-PPP,2.0,True
1160965,B06CE0715F4EBA552AC49EDCF5321E70,CZ,CZ,A02LX,-1,-1,K018A,RF-0102-001-PPP,0.12,-1.0,VAL,2024,Copper compounds,Copper compounds,Copper compounds (copper),RF-0102-001-PPP,2.0,True
1160977,C68818EC5E5F063707F124525D86ECAB,CZ,CZ,A02LX,-1,-1,K018A,RF-0119-002-PPP,0.0008,-1.0,VAL,2024,DDT (sum),"DDE, p,p-","DDE, p,p-",RF-0119-002-PPP,0.04,True
1161001,988F5E3DCFEB12F33DDB4543ADF485E0,CZ,CZ,A02LX,-1,-1,K018A,RF-0102-001-PPP,0.07,-1.0,VAL,2024,Copper compounds,Copper compounds,Copper compounds (copper),RF-0102-001-PPP,2.0,True
1161221,04E724F97E04CF8E4BB593D2A8B4890E,CZ,CZ,A02LX,-1,-1,K018A,RF-0102-001-PPP,0.1,-1.0,VAL,2024,Copper compounds,Copper compounds,Copper compounds (copper),RF-0102-001-PPP,2.0,True
1161343,2E8AC6AF7969F0FD348D62A183036021,CZ,CZ,A02LX,-1,-1,K018A,RF-0102-001-PPP,0.06,-1.0,VAL,2024,Copper compounds,Copper compounds,Copper compounds (copper),RF-0102-001-PPP,2.0,True
1161443,B223037C4AAF4E0C2FE5B5FEE7CD460F,DE,CH,A02LQ,-1,-1,K005A,RF-0277-001-PPP,0.0016,-1.0,VAL,2024,Mercury compounds,Mercury compounds,Mercury compounds (sum of mercury compounds expressed as mercury),RF-0277-001-PPP,0.01,True
1161446,5830911FDD9774CE7F409E0A091D9980,DE,CH,A02LQ,-1,-1,K005A,RF-0277-001-PPP,0.0015,-1.0,VAL,2024,Mercury compounds,Mercury compounds,Mercury compounds (sum of mercury compounds expressed as mercury),RF-0277-001-PPP,0.01,True
1163077,5A04785B0E8C420F641E0EEDA6C492C0,DE,DE,A02LV,-1,-1,K005A,RF-0237-001-PPP,7e-05,-1.0,VAL,2024,Hexachlorobenzene,Hexachlorobenzene,Hexachlorobenzene,RF-0237-001-PPP,0.005,True
1163653,B5995CFF3AE9851F2C8CA82C0C779EB3,DE,DE,A02LV,-1,-1,K005A,RF-0237-001-PPP,5.1e-05,-1.0,VAL,2024,Hexachlorobenzene,Hexachlorobenzene,Hexachlorobenzene,RF-0237-001-PPP,0.005,True
1166373,096BD90729AB5E1ABCC6B571CFC6D7F9,DE,DE,A02LV,-1,-1,K005A,RF-0102-001-PPP,0.0417,-1.0,VAL,2024,Copper compounds,Copper compounds,Copper compounds (copper),RF-0102-001-PPP,2.0,True
1168046,7EC211AC0DEA9559F3A88EB9C1814E20,DE,PL,A02LV,-1,-1,K005A,RF-00000015-CHE,0.11,-1.0,VAL,2024,Chlorate,Chlorate,Chlorate,RF-00000015-CHE,0.1,True
1168535,C852C5F7C7B8F7B5BDE8C657D71F00BB,DE,DE,A02LV,-1,-1,K005A,RF-0237-001-PPP,4.4e-05,-1.0,VAL,2024,Hexachlorobenzene,Hexachlorobenzene,Hexachlorobenzene,RF-0237-001-PPP,0.005,True
1170664,78AD92BDF6E2BFA46A6B57BECFDFCAC6,DE,DE,A02LV,-1,-1,K005A,RF-0102-001-PPP,0.0774,-1.0,VAL,2024,Copper compounds,Copper compounds,Copper compounds (copper),RF-0102-001-PPP,2.0,True
1175842,CD00B26A40C183B56E80985EE0B9FE36,DE,DE,A02LV,-1,-1,K005A,RF-1078-004-PPP,0.01,-1.0,VAL,2024,BAC 12,BAC 12,BAC 12,RF-1078-004-PPP,0.1,True
1175854,CD00B26A40C183B56E80985EE0B9FE36,DE,DE,A02LV,-1,-1,K005A,RF-00002582-PAR,0.01,-1.0,VAL,2024,Benzalkonium chloride,Benzalkonium chloride,Benzalkonium chloride (BAC),RF-00002582-PAR,0.1,True
1175903,3F2D9A1AD152CF366D499545910F5A7B,DE,DE,A02LV,-1,-1,K005A,RF-0237-001-PPP,0.00012,-1.0,VAL,2024,Hexachlorobenzene,Hexachlorobenzene,Hexachlorobenzene,RF-0237-001-PPP,0.005,True
1176441,7BAA9A430D91EF4EDAF1A01F26655F6E,DE,DE,A02LV,-1,-1,K005A,RF-0237-001-PPP,3.9e-05,-1.0,VAL,2024,Hexachlorobenzene,Hexachlorobenzene,Hexachlorobenzene,RF-0237-001-PPP,0.005,True
1176960,95ECF98669255D18879A376DD768B994,DE,XX,A02LK,-1,-1,K005A,RF-0277-001-PPP,0.0025,-1.0,VAL,2024,Mercury compounds,Mercury compounds,Mercury compounds (sum of mercury compounds expressed as mercury),RF-0277-001-PPP,0.01,True
1177554,E59E615B7F6E141E43E4395831A78E96,DE,DE,A02LX,-1,-1,K005A,RF-0102-001-PPP,0.062,-1.0,VAL,2024,Copper compounds,Copper compounds,Copper compounds (copper),RF-0102-001-PPP,2.0,True
1178468,70FC1078E81CA2B7A3945002720C5E4D,DE,LU,A02LX,-1,-1,K005A,RF-0102-001-PPP,0.06,-1.0,VAL,2024,Copper compounds,Copper compounds,Copper compounds (copper),RF-0102-001-PPP,2.0,True
1180218,15567ABA27B84AC6286B0A04264579E2,DE,DE,A02LX,-1,-1,K005A,RF-0102-001-PPP,0.063,-1.0,VAL,2024,Copper compounds,Copper compounds,Copper compounds (copper),RF-0102-001-PPP,2.0,True
1183492,F1D1CDC9A4F780B844FD74319A51C7BB,DE,DE,A02LX,-1,-1,K005A,RF-0102-001-PPP,0.061,-1.0,VAL,2024,Copper compounds,Copper compounds,Copper compounds (copper),RF-0102-001-PPP,2.0,True
1183493,5BCFB3192D2DA8575EDF46A6D37783DA,DE,DE,A02LX,-1,-1,K005A,RF-0102-001-PPP,0.051,-1.0,VAL,2024,Copper compounds,Copper compounds,Copper compounds (copper),RF-0102-001-PPP,2.0,True
1184193,3DF5C1FDCC8920833B04AD47931E3527,DE,DE,A02LX,-1,-1,K005A,RF-0102-001-PPP,0.06,-1.0,VAL,2024,Copper compounds,Copper compounds,Copper compounds (copper),RF-0102-001-PPP,2.0,True
1184876,7B28123A22868DAD0BB4832AD60BB8DB,DE,DE,A02LX,-1,-1,K005A,RF-0102-001-PPP,0.052,-1.0,VAL,2024,Copper compounds,Copper compounds,Copper compounds (copper),RF-0102-001-PPP,2.0,True
1185620,281041243AB05641658393A29EF90B99,DE,LU,A02LX,-1,-1,K005A,RF-0102-001-PPP,0.052,-1.0,VAL,2024,Copper compounds,Copper compounds,Copper compounds (copper),RF-0102-001-PPP,2.0,True
1189429,99EF8A644D84701C79BAD8F4C3A7B4D7,ES,MA,A02LN,-1,-1,K005A,RF-0112-001-PPP,0.017,-1.0,VAL,2024,Cypermethrin (sum),Cypermethrin (sum),Cypermethrin (Cypermethrin including other mixtures of constituent isomers (sum of isomers)),RF-0112-001-PPP,0.05,True
1189645,F657FE6129962AC0A912607080DB1D2C,ES,MA,A02LN,-1,-1,K005A,RF-0112-001-PPP,0.034,-1.0,VAL,2024,Cypermethrin (sum),Cypermethrin (sum),Cypermethrin (Cypermethrin including other mixtures of constituent isomers (sum of isomers)),RF-0112-001-PPP,0.05,True
1189756,D3B8CF8B9C797942FE68565E4ED2D8C3,ES,MA,A02LN,-1,-1,K005A,RF-0112-001-PPP,0.071,-1.0,VAL,2024,Cypermethrin (sum),Cypermethrin (sum),Cypermethrin (Cypermethrin including other mixtures of constituent isomers (sum of isomers)),RF-0112-001-PPP,0.05,True
1189796,CC40D06FF0A16A793D066DBFA2917BAB,ES,MA,A02LN,-1,-1,K005A,RF-0112-001-PPP,0.011,-1.0,VAL,2024,Cypermethrin (sum),Cypermethrin (sum),Cypermethrin (Cypermethrin including other mixtures of constituent isomers (sum of isomers)),RF-0112-001-PPP,0.05,True
1212867,7D0F411BEB4BF6F1FB4C8A0708735473,IE,IE,A02LV,-1,-1,K005A,RF-0225-001-PPP,0.08,-1.0,VAL,2024,Fosetyl-Al (sum),Fosetyl-Al (sum),"Fosetyl-Al (sum of fosetyl, phosphonic acid and their salts, expressed as fosetyl)",RF-0225-001-PPP,0.1,False
1230289,0E329ED32D0792530BC4DC8121312FA3,PL,PL,A02LV,-1,-1,K005A,RF-0119-006-PPP,2.0,-1.0,VAL,2024,DDT (sum),"DDT, p,p-","DDT, p,p-",RF-0119-006-PPP,0.04,True
1230301,0E329ED32D0792530BC4DC8121312FA3,PL,PL,A02LV,-1,-1,K005A,RF-0119-003-PPP,2.0,-1.0,VAL,2024,DDT (sum),"DDT, o,p-","DDT, o,p-",RF-0119-003-PPP,0.04,True
1241350,2668A5DB1FB15F82A904060AD62579C8,IT,IT,A02LV,-1,-1,K005A,RF-00000015-CHE,0.03,-1.0,VAL,2024,Chlorate,Chlorate,Chlorate,RF-00000015-CHE,0.1,True
1251576,1411AC439515A3C5ACFE87C7D2AEBE3D,NL,NL,A02LV,-1,-1,K018A,RF-1078-002-PPP,0.15,-1.0,VAL,2024,DDAC (mix),DDAC (mix),"Didecyldimethylammonium chloride (mixture of alkyl-quaternary ammonium salts with alkyl chain lengths of C8, C10 and C12)",RF-1078-002-PPP,0.1,True
1251634,E1D62501DD40E8B546FFBDA9A4C9E672,NL,NL,A02LV,-1,-1,K018A,RF-00002582-PAR,1.6,-1.0,VAL,2024,Benzalkonium chloride,Benzalkonium chloride,Benzalkonium chloride (BAC),RF-00002582-PAR,0.1,True
1251636,E1D62501DD40E8B546FFBDA9A4C9E672,NL,NL,A02LV,-1,-1,K018A,RF-1078-004-PPP,1.4,-1.0,VAL,2024,BAC 12,BAC 12,BAC 12,RF-1078-004-PPP,0.1,True
1251637,E1D62501DD40E8B546FFBDA9A4C9E672,NL,NL,A02LV,-1,-1,K018A,RF-1078-005-PPP,0.24,-1.0,VAL,2024,BAC 14,BAC 14,BAC 14,RF-1078-005-PPP,0.1,True
1251638,E1D62501DD40E8B546FFBDA9A4C9E672,NL,NL,A02LV,-1,-1,K018A,RF-1078-006-PPP,0.02,-1.0,VAL,2024,BAC 16,BAC 16,BAC 16,RF-1078-006-PPP,0.1,True
1252078,1411AC439515A3C5ACFE87C7D2AEBE3D,NL,NL,A02LV,-1,-1,K018A,RF-1078-004-PPP,0.15,-1.0,VAL,2024,BAC 12,BAC 12,BAC 12,RF-1078-004-PPP,0.1,True
1253298,6DF65041C2DAB36446EB833815BB8AA3,NL,NL,A02LV,-1,-1,K018A,RF-1078-002-PPP,0.03,-1.0,VAL,2024,DDAC (mix),DDAC (mix),"Didecyldimethylammonium chloride (mixture of alkyl-quaternary ammonium salts with alkyl chain lengths of C8, C10 and C12)",RF-1078-002-PPP,0.1,True
1254752,E1D62501DD40E8B546FFBDA9A4C9E672,NL,NL,A02LV,-1,-1,K018A,RF-1078-002-PPP,1.4,-1.0,VAL,2024,DDAC (mix),DDAC (mix),"Didecyldimethylammonium chloride (mixture of alkyl-quaternary ammonium salts with alkyl chain lengths of C8, C10 and C12)",RF-1078-002-PPP,0.1,True
1256202,15AEDBA916D221062A3DEA7C6411352F,NL,NL,A02LV,-1,-1,K018A,RF-00002582-PAR,0.068,-1.0,VAL,2024,Benzalkonium chloride,Benzalkonium chloride,Benzalkonium chloride (BAC),RF-00002582-PAR,0.1,True
1256217,15AEDBA916D221062A3DEA7C6411352F,NL,NL,A02LV,-1,-1,K018A,RF-1078-005-PPP,0.068,-1.0,VAL,2024,BAC 14,BAC 14,BAC 14,RF-1078-005-PPP,0.1,True
1256831,6DF65041C2DAB36446EB833815BB8AA3,NL,NL,A02LV,-1,-1,K018A,RF-1078-004-PPP,0.025,-1.0,VAL,2024,BAC 12,BAC 12,BAC 12,RF-1078-004-PPP,0.1,True
1256832,6DF65041C2DAB36446EB833815BB8AA3,NL,NL,A02LV,-1,-1,K018A,RF-1078-005-PPP,0.035,-1.0,VAL,2024,BAC 14,BAC 14,BAC 14,RF-1078-005-PPP,0.1,True
1256833,6DF65041C2DAB36446EB833815BB8AA3,NL,NL,A02LV,-1,-1,K018A,RF-00002582-PAR,0.06,-1.0,VAL,2024,Benzalkonium chloride,Benzalkonium chloride,Benzalkonium chloride (BAC),RF-00002582-PAR,0.1,True
1260268,541CA9BA6A0C1C7CC106567479D19E65,BE,BE,A02LV,-1,-1,K005A,RF-00000015-CHE,0.022,-1.0,VAL,2024,Chlorate,Chlorate,Chlorate,RF-00000015-CHE,0.1,True
1260792,9ED4DE84F739CB4054A72E0E42079AE8,BE,BE,A02LY,-1,-1,K018A,RF-0119-002-PPP,0.014,-1.0,VAL,2024,DDT (sum),"DDE, p,p-","DDE, p,p-",RF-0119-002-PPP,0.04,True
1260793,9ED4DE84F739CB4054A72E0E42079AE8,BE,BE,A02LY,-1,-1,K018A,RF-0119-001-PPP,0.014,-1.0,VAL,2024,DDT (sum),DDT (sum),"DDT (sum of p,p'-DDT, o,p'-DDT, p-p'-DDE and p,p'-TDE (DDD) expressed as DDT)",RF-0119-001-PPP,0.04,True
1266133,8C51CC7313D7E7BE5396058014DD2C01,MK,MK,A02LY,-1,-1,K005A,RF-0102-001-PPP,9.1,-1.0,LOQ,2024,Copper compounds,Copper compounds,Copper compounds (copper),RF-0102-001-PPP,2.0,True
1266187,F2B74A0F2316B23494F46D6D1C8265BD,MK,MK,A02LY,-1,-1,K005A,RF-0102-001-PPP,15.85,-1.0,LOQ,2024,Copper compounds,Copper compounds,Copper compounds (copper),RF-0102-001-PPP,2.0,True
1266235,123306CC465D0BA9352749D73A76341B,MK,MK,A02LY,-1,-1,K005A,RF-0102-001-PPP,6.85,-1.0,LOQ,2024,Copper compounds,Copper compounds,Copper compounds (copper),RF-0102-001-PPP,2.0,True
1266247,CD1BCF72989AE3AC79E89949D2C38642,MK,MK,A02LY,-1,-1,K005A,RF-0102-001-PPP,8.05,-1.0,LOQ,2024,Copper compounds,Copper compounds,Copper compounds (copper),RF-0102-001-PPP,2.0,True
