,customSampleId,pesticideCount,pesticideCode,tag,resVal,resType
0,06C2C,1,RF-0239-002-PPP,HCH-beta,0.016,VAL
1,06C2C,1,RF-0021-001-PPP,Dieldrin (sum),,LOQ
2,06C2C,1,RF-0238-001-PPP,HCH-alpha,,LOQ
3,06C2C,1,RF-0263-001-PPP,Lindane,,LOQ
4,06C2C,1,RF-0236-005-PPP,Heptachlor (sum),,LOQ
5,06C2C,1,RF-0237-001-PPP,Hexachlorobenzene,,LOQ
6,06C2C,1,RF-0236-001-PPP,Heptachlor (sum),,LOQ
7,06C2C,1,RF-0236-004-PPP,Heptachlor (sum),,LOQ
8,06C2C,1,RF-0119-007-PPP,DDT (sum),,LOQ
9,06C2C,1,RF-0156-001-PPP,Endrin,,LOQ
10,06C2C,1,RF-0119-004-PPP,DDT (sum),,LOQ
11,06C2C,1,RF-0119-006-PPP,DDT (sum),,LOQ
12,06C2C,1,RF-0119-002-PPP,DDT (sum),,LOQ
13,06C2C,1,RF-0119-003-PPP,DDT (sum),,LOQ
14,06C2C,1,RF-0075-004-PPP,Chlordane (sum),,LOQ
15,06C2C,1,RF-0119-001-PPP,DDT (sum),,LOQ
16,06C2C,1,RF-0075-005-PPP,Chlordane (sum),,LOQ
17,06C2C,1,RF-0075-003-PPP,Chlordane (sum),,LOQ
18,06C2C,1,RF-0021-002-PPP,Dieldrin (sum),,LOQ
19,06C2C,1,RF-0021-003-PPP,Dieldrin (sum),,LOQ
20,0C03E,2,RF-0797-001-PPP,Mirex,,LOQ
21,0C03E,2,RF-0295-001-PPP,Methoxychlor,,LOQ
22,0C03E,2,RF-0690-005-PPP,Fenvalerate and Esfenvalerate (sum of isomers),,LOQ
23,0C03E,2,RF-0112-001-PPP,Cypermethrin (sum),,LOQ
24,0C03E,2,RF-0075-005-PPP,Chlordane (sum),,LOQ
25,0C03E,2,RF-0240-004-PPP,HCH (sum),,LOQ
26,0C03E,2,RF-0156-001-PPP,Endrin,,LOQ
27,0C03E,2,RF-0236-001-PPP,Heptachlor (sum),,LOQ
28,0C03E,2,RF-0238-001-PPP,HCH-alpha,,LOQ
29,0C03E,2,RF-0123-001-PPP,Diazinon,,LOQ
30,0C03E,2,RF-0263-001-PPP,Lindane,,LOQ
31,0C03E,2,RF-0108-001-PPP,Cyfluthrin (sum),,LOQ
32,0C03E,2,RF-0837-001-PPP,Pentachloroanisole,,LOQ
33,0C03E,2,RF-0842-001-PPP,Permethrin (sum),,LOQ
34,0C03E,2,RF-0021-001-PPP,Dieldrin (sum),,LOQ
35,0C03E,2,RF-0406-001-PPP,Tecnazene,,LOQ
36,0C03E,2,RF-0866-001-PPP,Propetamphos,,LOQ
37,0C03E,2,RF-0237-001-PPP,Hexachlorobenzene,0.002,VAL
38,0C03E,2,RF-0120-001-PPP,Deltamethrin,,LOQ
39,0C03E,2,RF-0515-001-PPP,Bromocyclen,,LOQ
40,0C03E,2,RF-0155-001-PPP,Endosulfan (sum),,LOQ
41,0C03E,2,RF-0690-004-PPP,Fenvalerate and Esfenvalerate (sum of isomers),,LOQ
42,0C03E,2,RF-0653-001-PPP,Endrin ketone,,LOQ
43,0C03E,2,RF-0239-002-PPP,HCH-beta,,LOQ
44,0C03E,2,RF-0119-001-PPP,DDT (sum),0.001,VAL
45,0C03E,2,RF-0311-001-PPP,Nitrofen,,LOQ
46,0C03E,2,RF-0112-002-PPP,Cypermethrin (sum),,LOQ
47,0C03E,2,RF-0736-001-PPP,HCH (sum),,LOQ
48,0C11B,2,RF-0120-001-PPP,Deltamethrin,,LOQ
49,0C11B,2,RF-0238-001-PPP,HCH-alpha,,LOQ
50,0C11B,2,RF-0842-001-PPP,Permethrin (sum),,LOQ
51,0C11B,2,RF-0123-001-PPP,Diazinon,,LOQ
52,0C11B,2,RF-0155-001-PPP,Endosulfan (sum),,LOQ
53,0C11B,2,RF-0108-001-PPP,Cyfluthrin (sum),,LOQ
54,0C11B,2,RF-0837-001-PPP,Pentachloroanisole,,LOQ
55,0C11B,2,RF-0653-001-PPP,Endrin ketone,,LOQ
56,0C11B,2,RF-0112-001-PPP,Cypermethrin (sum),,LOQ
57,0C11B,2,RF-0119-001-PPP,DDT (sum),0.001,VAL
58,0C11B,2,RF-0797-001-PPP,Mirex,,LOQ
59,0C11B,2,RF-0021-001-PPP,Dieldrin (sum),,LOQ
60,0C11B,2,RF-0240-004-PPP,HCH (sum),,LOQ
61,0C11B,2,RF-0236-001-PPP,Heptachlor (sum),,LOQ
62,0C11B,2,RF-0075-005-PPP,Chlordane (sum),,LOQ
63,0C11B,2,RF-0736-001-PPP,HCH (sum),,LOQ
64,0C11B,2,RF-0295-001-PPP,Methoxychlor,,LOQ
65,0C11B,2,RF-0239-002-PPP,HCH-beta,,LOQ
66,0C11B,2,RF-0311-001-PPP,Nitrofen,,LOQ
67,0C11B,2,RF-0406-001-PPP,Tecnazene,,LOQ
68,0C11B,2,RF-0112-002-PPP,Cypermethrin (sum),,LOQ
69,0C11B,2,RF-0866-001-PPP,Propetamphos,,LOQ
70,0C11B,2,RF-0690-004-PPP,Fenvalerate and Esfenvalerate (sum of isomers),,LOQ
71,0C11B,2,RF-0690-005-PPP,Fenvalerate and Esfenvalerate (sum of isomers),,LOQ
72,0C11B,2,RF-0237-001-PPP,Hexachlorobenzene,0.003,VAL
73,0C11B,2,RF-0263-001-PPP,Lindane,,LOQ
74,0C11B,2,RF-0515-001-PPP,Bromocyclen,,LOQ
75,0C11B,2,RF-0156-001-PPP,Endrin,,LOQ
76,11347,2,RF-0087-001-PPP,Chlorpyrifos,,LOQ
77,11347,2,RF-0653-001-PPP,Endrin ketone,,LOQ
78,11347,2,RF-0237-001-PPP,Hexachlorobenzene,0.003,VAL
79,11347,2,RF-0120-001-PPP,Deltamethrin,,LOQ
80,11347,2,RF-0690-004-PPP,Fenvalerate and Esfenvalerate (sum of isomers),,LOQ
81,11347,2,RF-0119-001-PPP,DDT (sum),0.007,VAL
82,11347,2,RF-0238-001-PPP,HCH-alpha,,LOQ
83,11347,2,RF-0112-002-PPP,Cypermethrin (sum),,LOQ
84,11347,2,RF-0515-001-PPP,Bromocyclen,,LOQ
85,11347,2,RF-0295-001-PPP,Methoxychlor,,LOQ
86,11347,2,RF-0075-005-PPP,Chlordane (sum),,LOQ
87,11347,2,RF-0155-001-PPP,Endosulfan (sum),,LOQ
88,11347,2,RF-0112-001-PPP,Cypermethrin (sum),,LOQ
89,11347,2,RF-0311-001-PPP,Nitrofen,,LOQ
90,11347,2,RF-0239-002-PPP,HCH-beta,,LOQ
91,11347,2,RF-0236-001-PPP,Heptachlor (sum),,LOQ
92,11347,2,RF-0156-001-PPP,Endrin,,LOQ
93,11347,2,RF-0261-001-PPP,Lambda-Cyhalothrin (sum),,LOQ
94,11347,2,RF-0690-005-PPP,Fenvalerate and Esfenvalerate (sum of isomers),,LOQ
95,11347,2,RF-0842-001-PPP,Permethrin (sum),,LOQ
96,11347,2,RF-0263-001-PPP,Lindane,,LOQ
97,11347,2,RF-0021-001-PPP,Dieldrin (sum),,LOQ
98,124B5,2,RF-0155-001-PPP,Endosulfan (sum),,LOQ
99,124B5,2,RF-0866-001-PPP,Propetamphos,,LOQ
100,124B5,2,RF-0021-001-PPP,Dieldrin (sum),,LOQ
101,124B5,2,RF-0119-001-PPP,DDT (sum),0.001,VAL
102,124B5,2,RF-0690-004-PPP,Fenvalerate and Esfenvalerate (sum of isomers),,LOQ
103,124B5,2,RF-0837-001-PPP,Pentachloroanisole,,LOQ
104,124B5,2,RF-0156-001-PPP,Endrin,,LOQ
105,124B5,2,RF-0236-001-PPP,Heptachlor (sum),,LOQ
106,124B5,2,RF-0240-004-PPP,HCH (sum),,LOQ
107,124B5,2,RF-0120-001-PPP,Deltamethrin,,LOQ
108,124B5,2,RF-0690-005-PPP,Fenvalerate and Esfenvalerate (sum of isomers),,LOQ
109,124B5,2,RF-0238-001-PPP,HCH-alpha,,LOQ
110,124B5,2,RF-0237-001-PPP,Hexachlorobenzene,0.001,VAL
111,124B5,2,RF-0797-001-PPP,Mirex,,LOQ
112,124B5,2,RF-0311-001-PPP,Nitrofen,,LOQ
113,124B5,2,RF-0842-001-PPP,Permethrin (sum),,LOQ
114,124B5,2,RF-0263-001-PPP,Lindane,,LOQ
115,124B5,2,RF-0653-001-PPP,Endrin ketone,,LOQ
116,124B5,2,RF-0406-001-PPP,Tecnazene,,LOQ
117,124B5,2,RF-0112-001-PPP,Cypermethrin (sum),,LOQ
118,124B5,2,RF-0239-002-PPP,HCH-beta,,LOQ
119,124B5,2,RF-0736-001-PPP,HCH (sum),,LOQ
120,124B5,2,RF-0075-005-PPP,Chlordane (sum),,LOQ
121,124B5,2,RF-0123-001-PPP,Diazinon,,LOQ
122,124B5,2,RF-0112-002-PPP,Cypermethrin (sum),,LOQ
123,124B5,2,RF-0295-001-PPP,Methoxychlor,,LOQ
124,124B5,2,RF-0515-001-PPP,Bromocyclen,,LOQ
125,124B5,2,RF-0108-001-PPP,Cyfluthrin (sum),,LOQ
126,144A5,2,RF-0119-001-PPP,DDT (sum),0.001,VAL
127,144A5,2,RF-0123-001-PPP,Diazinon,,LOQ
128,144A5,2,RF-0236-001-PPP,Heptachlor (sum),,LOQ
129,144A5,2,RF-0021-001-PPP,Dieldrin (sum),,LOQ
130,144A5,2,RF-0736-001-PPP,HCH (sum),,LOQ
131,144A5,2,RF-0237-001-PPP,Hexachlorobenzene,0.003,VAL
132,144A5,2,RF-0842-001-PPP,Permethrin (sum),,LOQ
133,144A5,2,RF-0112-001-PPP,Cypermethrin (sum),,LOQ
134,144A5,2,RF-0120-001-PPP,Deltamethrin,,LOQ
135,144A5,2,RF-0653-001-PPP,Endrin ketone,,LOQ
136,144A5,2,RF-0108-001-PPP,Cyfluthrin (sum),,LOQ
137,144A5,2,RF-0239-002-PPP,HCH-beta,,LOQ
138,144A5,2,RF-0797-001-PPP,Mirex,,LOQ
139,144A5,2,RF-0866-001-PPP,Propetamphos,,LOQ
140,144A5,2,RF-0238-001-PPP,HCH-alpha,,LOQ
141,144A5,2,RF-0155-001-PPP,Endosulfan (sum),,LOQ
142,144A5,2,RF-0690-004-PPP,Fenvalerate and Esfenvalerate (sum of isomers),,LOQ
143,144A5,2,RF-0156-001-PPP,Endrin,,LOQ
144,144A5,2,RF-0515-001-PPP,Bromocyclen,,LOQ
145,144A5,2,RF-0837-001-PPP,Pentachloroanisole,,LOQ
146,144A5,2,RF-0263-001-PPP,Lindane,,LOQ
147,144A5,2,RF-0112-002-PPP,Cypermethrin (sum),,LOQ
148,144A5,2,RF-0311-001-PPP,Nitrofen,,LOQ
149,144A5,2,RF-0295-001-PPP,Methoxychlor,,LOQ
150,144A5,2,RF-0075-005-PPP,Chlordane (sum),,LOQ
151,144A5,2,RF-0690-005-PPP,Fenvalerate and Esfenvalerate (sum of isomers),,LOQ
152,144A5,2,RF-0406-001-PPP,Tecnazene,,LOQ
153,144A5,2,RF-0240-004-PPP,HCH (sum),,LOQ
154,1660B,1,RF-0021-001-PPP,Dieldrin (sum),,LOQ
155,1660B,1,RF-0690-004-PPP,Fenvalerate and Esfenvalerate (sum of isomers),,LOQ
156,1660B,1,RF-0311-001-PPP,Nitrofen,,LOQ
157,1660B,1,RF-0236-006-PPP,Heptachlor (sum of isomers),,LOQ
158,1660B,1,RF-0156-001-PPP,Endrin,,LOQ
159,1660B,1,RF-0328-001-PPP,Parathion-methyl (sum),,LOQ
160,1660B,1,RF-0123-001-PPP,Diazinon,,LOQ
161,1660B,1,RF-0653-001-PPP,Endrin ketone,,LOQ
162,1660B,1,RF-0046-001-PPP,Bifenthrin (sum),,LOQ
163,1660B,1,RF-0295-001-PPP,Methoxychlor,,LOQ
164,1660B,1,RF-0351-001-PPP,Profenofos,,LOQ
165,1660B,1,RF-0088-001-PPP,Chlorpyrifos-methyl,,LOQ
166,1660B,1,RF-0079-001-PPP,Chlorfenvinphos,,LOQ
167,1660B,1,RF-0032-001-PPP,Azinphos-ethyl,,LOQ
168,1660B,1,RF-0238-001-PPP,HCH-alpha,,LOQ
169,1660B,1,RF-0161-001-PPP,Ethion,,LOQ
170,1660B,1,RF-0237-001-PPP,Hexachlorobenzene,,LOQ
171,1660B,1,RF-0736-001-PPP,HCH (sum),,LOQ
172,1660B,1,RF-0112-001-PPP,Cypermethrin (sum),,LOQ
173,1660B,1,RF-0515-001-PPP,Bromocyclen,,LOQ
174,1660B,1,RF-0119-001-PPP,DDT (sum),0.003,VAL
175,1660B,1,RF-0187-001-PPP,Fenthion (sum),,LOQ
176,1660B,1,RF-0087-001-PPP,Chlorpyrifos,,LOQ
177,1660B,1,RF-0261-001-PPP,Lambda-Cyhalothrin (sum),,LOQ
178,1660B,1,RF-0327-001-PPP,Parathion,,LOQ
179,1660B,1,RF-0120-001-PPP,Deltamethrin,,LOQ
180,1660B,1,RF-0383-001-PPP,Quintozene (sum),,LOQ
181,1660B,1,RF-0239-002-PPP,HCH-beta,,LOQ
182,1660B,1,RF-0690-005-PPP,Fenvalerate and Esfenvalerate (sum of isomers),,LOQ
183,1660B,1,RF-0236-001-PPP,Heptachlor (sum),,LOQ
184,1660B,1,RF-0373-001-PPP,Pyrazophos,,LOQ
185,1660B,1,RF-0075-005-PPP,Chlordane (sum),,LOQ
186,1660B,1,RF-0290-001-PPP,Methidathion,,LOQ
187,1660B,1,RF-0842-001-PPP,Permethrin (sum),,LOQ
188,1660B,1,RF-0108-001-PPP,Cyfluthrin (sum),,LOQ
189,1660B,1,RF-0331-001-PPP,Pendimethalin,,LOQ
190,1660B,1,RF-0240-004-PPP,HCH (sum),,LOQ
191,1660B,1,RF-0348-001-PPP,Pirimiphos-methyl (sum),,LOQ
192,1660B,1,RF-0155-001-PPP,Endosulfan (sum),,LOQ
193,1660B,1,RF-0263-001-PPP,Lindane,,LOQ
194,1660B,1,RF-0406-001-PPP,Tecnazene,,LOQ
195,1660B,1,RF-0432-001-PPP,Triazophos,,LOQ
196,1A7B8,1,RF-0088-001-PPP,Chlorpyrifos-methyl,,LOQ
197,1A7B8,1,RF-0238-001-PPP,HCH-alpha,,LOQ
198,1A7B8,1,RF-0032-001-PPP,Azinphos-ethyl,,LOQ
199,1A7B8,1,RF-0046-001-PPP,Bifenthrin (sum),,LOQ
200,1A7B8,1,RF-0263-001-PPP,Lindane,,LOQ
201,1A7B8,1,RF-0087-001-PPP,Chlorpyrifos,,LOQ
202,1A7B8,1,RF-0236-001-PPP,Heptachlor (sum),,LOQ
203,1A7B8,1,RF-0120-001-PPP,Deltamethrin,,LOQ
204,1A7B8,1,RF-0736-001-PPP,HCH (sum),,LOQ
205,1A7B8,1,RF-0295-001-PPP,Methoxychlor,,LOQ
206,1A7B8,1,RF-0236-006-PPP,Heptachlor (sum of isomers),,LOQ
207,1A7B8,1,RF-0123-001-PPP,Diazinon,,LOQ
208,1A7B8,1,RF-0327-001-PPP,Parathion,,LOQ
209,1A7B8,1,RF-0079-001-PPP,Chlorfenvinphos,,LOQ
210,1A7B8,1,RF-0021-001-PPP,Dieldrin (sum),,LOQ
211,1A7B8,1,RF-0119-001-PPP,DDT (sum),0.0029,VAL
212,1A7B8,1,RF-0515-001-PPP,Bromocyclen,,LOQ
213,1A7B8,1,RF-0237-001-PPP,Hexachlorobenzene,,LOQ
214,1A7B8,1,RF-0328-001-PPP,Parathion-methyl (sum),,LOQ
215,1A7B8,1,RF-0373-001-PPP,Pyrazophos,,LOQ
216,1A7B8,1,RF-0383-001-PPP,Quintozene (sum),,LOQ
217,1A7B8,1,RF-0432-001-PPP,Triazophos,,LOQ
218,1A7B8,1,RF-0156-001-PPP,Endrin,,LOQ
219,1A7B8,1,RF-0290-001-PPP,Methidathion,,LOQ
220,1A7B8,1,RF-0161-001-PPP,Ethion,,LOQ
221,1A7B8,1,RF-0239-002-PPP,HCH-beta,,LOQ
222,1A7B8,1,RF-0108-001-PPP,Cyfluthrin (sum),,LOQ
223,1A7B8,1,RF-0331-001-PPP,Pendimethalin,,LOQ
224,1A7B8,1,RF-0348-001-PPP,Pirimiphos-methyl (sum),,LOQ
225,1A7B8,1,RF-0240-004-PPP,HCH (sum),,LOQ
226,1A7B8,1,RF-0351-001-PPP,Profenofos,,LOQ
227,1A7B8,1,RF-0406-001-PPP,Tecnazene,,LOQ
228,1A7B8,1,RF-0653-001-PPP,Endrin ketone,,LOQ
229,1A7B8,1,RF-0261-001-PPP,Lambda-Cyhalothrin (sum),,LOQ
230,1A7B8,1,RF-0075-005-PPP,Chlordane (sum),,LOQ
231,1A7B8,1,RF-0187-001-PPP,Fenthion (sum),,LOQ
232,1A7B8,1,RF-0842-001-PPP,Permethrin (sum),,LOQ
233,1A7B8,1,RF-0112-001-PPP,Cypermethrin (sum),,LOQ
234,1A7B8,1,RF-0155-001-PPP,Endosulfan (sum),,LOQ
235,2141A,2,RF-0295-001-PPP,Methoxychlor,,LOQ
236,2141A,2,RF-0797-001-PPP,Mirex,,LOQ
237,2141A,2,RF-0075-005-PPP,Chlordane (sum),,LOQ
238,2141A,2,RF-0119-001-PPP,DDT (sum),0.002,VAL
239,2141A,2,RF-0021-001-PPP,Dieldrin (sum),,LOQ
240,2141A,2,RF-0837-001-PPP,Pentachloroanisole,,LOQ
241,2141A,2,RF-0155-001-PPP,Endosulfan (sum),,LOQ
242,2141A,2,RF-0240-004-PPP,HCH (sum),,LOQ
243,2141A,2,RF-0239-002-PPP,HCH-beta,,LOQ
244,2141A,2,RF-0123-001-PPP,Diazinon,,LOQ
245,2141A,2,RF-0866-001-PPP,Propetamphos,,LOQ
246,2141A,2,RF-0736-001-PPP,HCH (sum),,LOQ
247,2141A,2,RF-0842-001-PPP,Permethrin (sum),,LOQ
248,2141A,2,RF-0120-001-PPP,Deltamethrin,,LOQ
249,2141A,2,RF-0112-001-PPP,Cypermethrin (sum),,LOQ
250,2141A,2,RF-0263-001-PPP,Lindane,,LOQ
251,2141A,2,RF-0156-001-PPP,Endrin,,LOQ
252,2141A,2,RF-0690-004-PPP,Fenvalerate and Esfenvalerate (sum of isomers),,LOQ
253,2141A,2,RF-0406-001-PPP,Tecnazene,,LOQ
254,2141A,2,RF-0690-005-PPP,Fenvalerate and Esfenvalerate (sum of isomers),,LOQ
255,2141A,2,RF-0311-001-PPP,Nitrofen,,LOQ
256,2141A,2,RF-0237-001-PPP,Hexachlorobenzene,0.002,VAL
257,2141A,2,RF-0653-001-PPP,Endrin ketone,,LOQ
258,2141A,2,RF-0515-001-PPP,Bromocyclen,,LOQ
259,2141A,2,RF-0236-001-PPP,Heptachlor (sum),,LOQ
260,2141A,2,RF-0238-001-PPP,HCH-alpha,,LOQ
261,2141A,2,RF-0108-001-PPP,Cyfluthrin (sum),,LOQ
262,2141A,2,RF-0112-002-PPP,Cypermethrin (sum),,LOQ
263,28BB3,2,RF-0156-001-PPP,Endrin,,LOQ
264,28BB3,2,RF-0236-001-PPP,Heptachlor (sum),,LOQ
265,28BB3,2,RF-0112-002-PPP,Cypermethrin (sum),,LOQ
266,28BB3,2,RF-0797-001-PPP,Mirex,,LOQ
267,28BB3,2,RF-0690-005-PPP,Fenvalerate and Esfenvalerate (sum of isomers),,LOQ
268,28BB3,2,RF-0311-001-PPP,Nitrofen,,LOQ
269,28BB3,2,RF-0119-001-PPP,DDT (sum),0.004,VAL
270,28BB3,2,RF-0075-005-PPP,Chlordane (sum),,LOQ
271,28BB3,2,RF-0123-001-PPP,Diazinon,,LOQ
272,28BB3,2,RF-0238-001-PPP,HCH-alpha,,LOQ
273,28BB3,2,RF-0515-001-PPP,Bromocyclen,,LOQ
274,28BB3,2,RF-0108-001-PPP,Cyfluthrin (sum),,LOQ
275,28BB3,2,RF-0837-001-PPP,Pentachloroanisole,,LOQ
276,28BB3,2,RF-0120-001-PPP,Deltamethrin,,LOQ
277,28BB3,2,RF-0237-001-PPP,Hexachlorobenzene,0.004,VAL
278,28BB3,2,RF-0112-001-PPP,Cypermethrin (sum),,LOQ
279,28BB3,2,RF-0239-002-PPP,HCH-beta,,LOQ
280,28BB3,2,RF-0842-001-PPP,Permethrin (sum),,LOQ
281,28BB3,2,RF-0263-001-PPP,Lindane,,LOQ
282,28BB3,2,RF-0295-001-PPP,Methoxychlor,,LOQ
283,28BB3,2,RF-0406-001-PPP,Tecnazene,,LOQ
284,28BB3,2,RF-0155-001-PPP,Endosulfan (sum),,LOQ
285,28BB3,2,RF-0653-001-PPP,Endrin ketone,,LOQ
286,28BB3,2,RF-0866-001-PPP,Propetamphos,,LOQ
287,28BB3,2,RF-0690-004-PPP,Fenvalerate and Esfenvalerate (sum of isomers),,LOQ
288,28BB3,2,RF-0021-001-PPP,Dieldrin (sum),,LOQ
289,28BB3,2,RF-0240-004-PPP,HCH (sum),,LOQ
290,28BB3,2,RF-0736-001-PPP,HCH (sum),,LOQ
291,2F849,1,RF-0021-003-PPP,Dieldrin (sum),,LOQ
292,2F849,1,RF-0021-002-PPP,Dieldrin (sum),,LOQ
293,2F849,1,RF-0021-001-PPP,Dieldrin (sum),,LOQ
294,2F849,1,RF-0239-002-PPP,HCH-beta,0.01456,VAL
295,2F849,1,RF-0238-001-PPP,HCH-alpha,,LOQ
296,2F849,1,RF-0263-001-PPP,Lindane,,LOQ
297,2F849,1,RF-0236-005-PPP,Heptachlor (sum),,LOQ
298,2F849,1,RF-0237-001-PPP,Hexachlorobenzene,,LOQ
299,2F849,1,RF-0236-001-PPP,Heptachlor (sum),,LOQ
300,2F849,1,RF-0236-004-PPP,Heptachlor (sum),,LOQ
301,2F849,1,RF-0156-001-PPP,Endrin,,LOQ
302,2F849,1,RF-0119-007-PPP,DDT (sum),,LOQ
303,2F849,1,RF-0119-006-PPP,DDT (sum),,LOQ
304,2F849,1,RF-0119-004-PPP,DDT (sum),,LOQ
305,2F849,1,RF-0119-003-PPP,DDT (sum),,LOQ
306,2F849,1,RF-0119-002-PPP,DDT (sum),,LOQ
307,2F849,1,RF-0119-001-PPP,DDT (sum),,LOQ
308,2F849,1,RF-0075-004-PPP,Chlordane (sum),,LOQ
309,2F849,1,RF-0075-003-PPP,Chlordane (sum),,LOQ
310,2F849,1,RF-0075-005-PPP,Chlordane (sum),,LOQ
311,3012B,1,RF-0120-001-PPP,Deltamethrin,,LOQ
312,3012B,1,RF-0119-001-PPP,DDT (sum),,LOQ
313,3012B,1,RF-0295-001-PPP,Methoxychlor,,LOQ
314,3012B,1,RF-0311-001-PPP,Nitrofen,,LOQ
315,3012B,1,RF-0842-001-PPP,Permethrin (sum),,LOQ
316,3012B,1,RF-0021-001-PPP,Dieldrin (sum),,LOQ
317,3012B,1,RF-0690-004-PPP,Fenvalerate and Esfenvalerate (sum of isomers),,LOQ
318,3012B,1,RF-0690-005-PPP,Fenvalerate and Esfenvalerate (sum of isomers),,LOQ
319,3012B,1,RF-0238-001-PPP,HCH-alpha,,LOQ
320,3012B,1,RF-0515-001-PPP,Bromocyclen,,LOQ
321,3012B,1,RF-0087-001-PPP,Chlorpyrifos,,LOQ
322,3012B,1,RF-0239-002-PPP,HCH-beta,,LOQ
323,3012B,1,RF-0237-001-PPP,Hexachlorobenzene,0.002,VAL
324,3012B,1,RF-0156-001-PPP,Endrin,,LOQ
325,3012B,1,RF-0261-001-PPP,Lambda-Cyhalothrin (sum),,LOQ
326,3012B,1,RF-0155-001-PPP,Endosulfan (sum),,LOQ
327,3012B,1,RF-0653-001-PPP,Endrin ketone,,LOQ
328,3012B,1,RF-0075-005-PPP,Chlordane (sum),,LOQ
329,3012B,1,RF-0112-002-PPP,Cypermethrin (sum),,LOQ
330,3012B,1,RF-0236-001-PPP,Heptachlor (sum),,LOQ
331,3012B,1,RF-0112-001-PPP,Cypermethrin (sum),,LOQ
332,3012B,1,RF-0263-001-PPP,Lindane,,LOQ
333,30FA9,1,RF-0263-001-PPP,Lindane,,LOQ
334,30FA9,1,RF-0237-001-PPP,Hexachlorobenzene,,LOQ
335,30FA9,1,RF-0238-001-PPP,HCH-alpha,,LOQ
336,30FA9,1,RF-0236-005-PPP,Heptachlor (sum),,LOQ
337,30FA9,1,RF-0236-004-PPP,Heptachlor (sum),,LOQ
338,30FA9,1,RF-0236-001-PPP,Heptachlor (sum),,LOQ
339,30FA9,1,RF-0156-001-PPP,Endrin,,LOQ
340,30FA9,1,RF-0119-007-PPP,DDT (sum),,LOQ
341,30FA9,1,RF-0119-006-PPP,DDT (sum),,LOQ
342,30FA9,1,RF-0119-004-PPP,DDT (sum),,LOQ
343,30FA9,1,RF-0119-003-PPP,DDT (sum),,LOQ
344,30FA9,1,RF-0119-002-PPP,DDT (sum),,LOQ
345,30FA9,1,RF-0119-001-PPP,DDT (sum),,LOQ
346,30FA9,1,RF-0075-004-PPP,Chlordane (sum),,LOQ
347,30FA9,1,RF-0075-005-PPP,Chlordane (sum),,LOQ
348,30FA9,1,RF-0075-003-PPP,Chlordane (sum),,LOQ
349,30FA9,1,RF-0021-003-PPP,Dieldrin (sum),,LOQ
350,30FA9,1,RF-0021-001-PPP,Dieldrin (sum),,LOQ
351,30FA9,1,RF-0021-002-PPP,Dieldrin (sum),,LOQ
352,30FA9,1,RF-0239-002-PPP,HCH-beta,0.0129,VAL
353,3299D,1,RF-0263-001-PPP,Lindane,,LOQ
354,3299D,1,RF-0237-001-PPP,Hexachlorobenzene,,LOQ
355,3299D,1,RF-0238-001-PPP,HCH-alpha,,LOQ
356,3299D,1,RF-0236-004-PPP,Heptachlor (sum),,LOQ
357,3299D,1,RF-0236-005-PPP,Heptachlor (sum),,LOQ
358,3299D,1,RF-0156-001-PPP,Endrin,,LOQ
359,3299D,1,RF-0236-001-PPP,Heptachlor (sum),,LOQ
360,3299D,1,RF-0119-006-PPP,DDT (sum),,LOQ
361,3299D,1,RF-0119-007-PPP,DDT (sum),,LOQ
362,3299D,1,RF-0119-003-PPP,DDT (sum),,LOQ
363,3299D,1,RF-0119-004-PPP,DDT (sum),,LOQ
364,3299D,1,RF-0119-001-PPP,DDT (sum),,LOQ
365,3299D,1,RF-0119-002-PPP,DDT (sum),,LOQ
366,3299D,1,RF-0075-004-PPP,Chlordane (sum),,LOQ
367,3299D,1,RF-0075-005-PPP,Chlordane (sum),,LOQ
368,3299D,1,RF-0075-003-PPP,Chlordane (sum),,LOQ
369,3299D,1,RF-0021-002-PPP,Dieldrin (sum),,LOQ
370,3299D,1,RF-0021-003-PPP,Dieldrin (sum),,LOQ
371,3299D,1,RF-0239-002-PPP,HCH-beta,0.02878,VAL
372,3299D,1,RF-0021-001-PPP,Dieldrin (sum),,LOQ
373,39104,35,RF-0406-001-PPP,Tecnazene,0.03,LOQ
374,39104,35,RF-0011-001-PPP,Abamectin (sum),0.005,LOQ
375,39104,35,RF-0238-001-PPP,HCH-alpha,0.002,LOQ
376,39104,35,RF-0075-002-PPP,Chlordane (sum),0.001,LOQ
377,39104,35,RF-0075-002-PPP,Chlordane (sum),0.001,LOQ
378,39104,35,RF-0155-001-PPP,Endosulfan (sum),0.001,LOQ
379,39104,35,RF-0187-006-PPP,Fenthion (sum),0.01,LOQ
380,39104,35,RF-0108-003-PPP,Cyfluthrin (sum),0.005,LOQ
381,39104,35,RF-0239-002-PPP,HCH-beta,0.002,LOQ
382,39104,35,RF-0237-001-PPP,Hexachlorobenzene,0.011,VAL
383,39104,35,RF-0021-003-PPP,Dieldrin (sum),0.001,LOQ
384,39104,35,RF-0842-001-PPP,Permethrin (sum),0.01,LOQ
385,39104,35,RF-0295-001-PPP,Methoxychlor,0.01,LOQ
386,39104,35,RF-0348-001-PPP,Pirimiphos-methyl (sum),0.003,LOQ
387,39104,35,RF-0156-001-PPP,Endrin,0.001,LOQ
388,39104,35,RF-0123-001-PPP,Diazinon,0.003,LOQ
389,39104,35,RF-0385-001-PPP,Resmethrin (sum),0.01,LOQ
390,39104,35,RF-0351-001-PPP,Profenofos,0.02,LOQ
391,39104,35,RF-0690-002-PPP,Fenvalerate/Esfenvalerate (sum),0.005,LOQ
392,39104,35,RF-0088-001-PPP,Chlorpyrifos-methyl,0.004,LOQ
393,39104,35,RF-0120-001-PPP,Deltamethrin,0.007,LOQ
394,39104,35,RF-0383-002-PPP,Quintozene (sum),0.01,LOQ
395,39104,35,RF-0373-001-PPP,Pyrazophos,0.02,LOQ
396,39104,35,RF-0112-001-PPP,Cypermethrin (sum),0.01,LOQ
397,39104,35,RF-0236-004-PPP,Heptachlor (sum),0.001,LOQ
398,39104,35,RF-0290-001-PPP,Methidathion,0.02,LOQ
399,39104,35,RF-0046-001-PPP,Bifenthrin (sum),0.005,LOQ
400,39104,35,RF-0087-001-PPP,Chlorpyrifos,0.002,LOQ
401,39104,35,RF-0328-003-PPP,Parathion-methyl (sum),0.02,LOQ
402,39104,35,RF-0328-003-PPP,Parathion-methyl (sum),0.02,LOQ
403,39104,35,RF-0082-001-PPP,Chlorobenzilate,0.03,LOQ
404,39104,35,RF-0327-001-PPP,Parathion,0.02,LOQ
405,39104,35,RF-0032-001-PPP,Azinphos-ethyl,0.01,LOQ
406,39104,35,RF-0263-001-PPP,Lindane,0.001,LOQ
407,39104,35,RF-0059-001-PPP,Camphechlor (sum),0.002,LOQ
408,39104,35,RF-0432-001-PPP,Triazophos,0.01,LOQ
409,39104,35,RF-0119-001-PPP,DDT (sum),0.019,VAL
410,3E63D,1,RF-0263-001-PPP,Lindane,,LOQ
411,3E63D,1,RF-0237-001-PPP,Hexachlorobenzene,,LOQ
412,3E63D,1,RF-0238-001-PPP,HCH-alpha,,LOQ
413,3E63D,1,RF-0236-004-PPP,Heptachlor (sum),,LOQ
414,3E63D,1,RF-0236-005-PPP,Heptachlor (sum),,LOQ
415,3E63D,1,RF-0156-001-PPP,Endrin,,LOQ
416,3E63D,1,RF-0236-001-PPP,Heptachlor (sum),,LOQ
417,3E63D,1,RF-0119-006-PPP,DDT (sum),,LOQ
418,3E63D,1,RF-0119-007-PPP,DDT (sum),,LOQ
419,3E63D,1,RF-0119-003-PPP,DDT (sum),,LOQ
420,3E63D,1,RF-0119-004-PPP,DDT (sum),,LOQ
421,3E63D,1,RF-0119-001-PPP,DDT (sum),,LOQ
422,3E63D,1,RF-0119-002-PPP,DDT (sum),,LOQ
423,3E63D,1,RF-0075-004-PPP,Chlordane (sum),,LOQ
424,3E63D,1,RF-0075-005-PPP,Chlordane (sum),,LOQ
425,3E63D,1,RF-0075-003-PPP,Chlordane (sum),,LOQ
426,3E63D,1,RF-0021-002-PPP,Dieldrin (sum),,LOQ
427,3E63D,1,RF-0021-003-PPP,Dieldrin (sum),,LOQ
428,3E63D,1,RF-0239-002-PPP,HCH-beta,0.01265,VAL
429,3E63D,1,RF-0021-001-PPP,Dieldrin (sum),,LOQ
430,3EB99,35,RF-0327-001-PPP,Parathion,0.02,LOQ
431,3EB99,35,RF-0032-001-PPP,Azinphos-ethyl,0.01,LOQ
432,3EB99,35,RF-0263-001-PPP,Lindane,0.001,LOQ
433,3EB99,35,RF-0059-001-PPP,Camphechlor (sum),0.002,LOQ
434,3EB99,35,RF-0432-001-PPP,Triazophos,0.01,LOQ
435,3EB99,35,RF-0119-001-PPP,DDT (sum),0.018,VAL
436,3EB99,35,RF-0406-001-PPP,Tecnazene,0.03,LOQ
437,3EB99,35,RF-0238-001-PPP,HCH-alpha,0.002,LOQ
438,3EB99,35,RF-0155-001-PPP,Endosulfan (sum),0.001,LOQ
439,3EB99,35,RF-0011-001-PPP,Abamectin (sum),0.005,LOQ
440,3EB99,35,RF-0108-003-PPP,Cyfluthrin (sum),0.005,LOQ
441,3EB99,35,RF-0075-002-PPP,Chlordane (sum),0.001,LOQ
442,3EB99,35,RF-0075-002-PPP,Chlordane (sum),0.001,LOQ
443,3EB99,35,RF-0187-006-PPP,Fenthion (sum),0.01,LOQ
444,3EB99,35,RF-0239-002-PPP,HCH-beta,0.002,LOQ
445,3EB99,35,RF-0237-001-PPP,Hexachlorobenzene,0.011,VAL
446,3EB99,35,RF-0021-003-PPP,Dieldrin (sum),0.001,LOQ
447,3EB99,35,RF-0842-001-PPP,Permethrin (sum),0.01,LOQ
448,3EB99,35,RF-0295-001-PPP,Methoxychlor,0.01,LOQ
449,3EB99,35,RF-0348-001-PPP,Pirimiphos-methyl (sum),0.003,LOQ
450,3EB99,35,RF-0156-001-PPP,Endrin,0.001,LOQ
451,3EB99,35,RF-0123-001-PPP,Diazinon,0.003,LOQ
452,3EB99,35,RF-0385-001-PPP,Resmethrin (sum),0.01,LOQ
453,3EB99,35,RF-0351-001-PPP,Profenofos,0.02,LOQ
454,3EB99,35,RF-0690-002-PPP,Fenvalerate/Esfenvalerate (sum),0.005,LOQ
455,3EB99,35,RF-0088-001-PPP,Chlorpyrifos-methyl,0.004,LOQ
456,3EB99,35,RF-0120-001-PPP,Deltamethrin,0.007,LOQ
457,3EB99,35,RF-0383-002-PPP,Quintozene (sum),0.01,LOQ
458,3EB99,35,RF-0373-001-PPP,Pyrazophos,0.02,LOQ
459,3EB99,35,RF-0112-001-PPP,Cypermethrin (sum),0.01,LOQ
460,3EB99,35,RF-0236-004-PPP,Heptachlor (sum),0.001,LOQ
461,3EB99,35,RF-0290-001-PPP,Methidathion,0.02,LOQ
462,3EB99,35,RF-0087-001-PPP,Chlorpyrifos,0.002,LOQ
463,3EB99,35,RF-0046-001-PPP,Bifenthrin (sum),0.005,LOQ
464,3EB99,35,RF-0328-003-PPP,Parathion-methyl (sum),0.02,LOQ
465,3EB99,35,RF-0328-003-PPP,Parathion-methyl (sum),0.02,LOQ
466,3EB99,35,RF-0082-001-PPP,Chlorobenzilate,0.03,LOQ
467,4308F,5,RF-0237-001-PPP,Hexachlorobenzene,0.003,VAL
468,4308F,5,RF-0866-001-PPP,Propetamphos,,LOQ
469,4308F,5,RF-0112-002-PPP,Cypermethrin (sum),,LOQ
470,4308F,5,RF-0236-001-PPP,Heptachlor (sum),,LOQ
471,4308F,5,RF-0120-001-PPP,Deltamethrin,,LOQ
472,4308F,5,RF-0238-001-PPP,HCH-alpha,0.003,VAL
473,4308F,5,RF-0239-002-PPP,HCH-beta,0.002,VAL
474,4308F,5,RF-0021-001-PPP,Dieldrin (sum),,LOQ
475,4308F,5,RF-0311-001-PPP,Nitrofen,,LOQ
476,4308F,5,RF-0842-001-PPP,Permethrin (sum),,LOQ
477,4308F,5,RF-0690-004-PPP,Fenvalerate and Esfenvalerate (sum of isomers),,LOQ
478,4308F,5,RF-0156-001-PPP,Endrin,,LOQ
479,4308F,5,RF-0240-004-PPP,HCH (sum),,LOQ
480,4308F,5,RF-0653-001-PPP,Endrin ketone,,LOQ
481,4308F,5,RF-0155-001-PPP,Endosulfan (sum),,LOQ
482,4308F,5,RF-0075-005-PPP,Chlordane (sum),,LOQ
483,4308F,5,RF-0736-001-PPP,HCH (sum),,LOQ
484,4308F,5,RF-0295-001-PPP,Methoxychlor,,LOQ
485,4308F,5,RF-0119-001-PPP,DDT (sum),0.002,VAL
486,4308F,5,RF-0406-001-PPP,Tecnazene,,LOQ
487,4308F,5,RF-0108-001-PPP,Cyfluthrin (sum),,LOQ
488,4308F,5,RF-0263-001-PPP,Lindane,0.001,VAL
489,4308F,5,RF-0112-001-PPP,Cypermethrin (sum),,LOQ
490,4308F,5,RF-0837-001-PPP,Pentachloroanisole,,LOQ
491,4308F,5,RF-0797-001-PPP,Mirex,,LOQ
492,4308F,5,RF-0123-001-PPP,Diazinon,,LOQ
493,4308F,5,RF-0515-001-PPP,Bromocyclen,,LOQ
494,4308F,5,RF-0690-005-PPP,Fenvalerate and Esfenvalerate (sum of isomers),,LOQ
495,48498,1,RF-0263-001-PPP,Lindane,,LOQ
496,48498,1,RF-0238-001-PPP,HCH-alpha,,LOQ
497,48498,1,RF-0237-001-PPP,Hexachlorobenzene,,LOQ
498,48498,1,RF-0236-005-PPP,Heptachlor (sum),,LOQ
499,48498,1,RF-0236-004-PPP,Heptachlor (sum),,LOQ
500,48498,1,RF-0236-001-PPP,Heptachlor (sum),,LOQ
501,48498,1,RF-0119-007-PPP,DDT (sum),,LOQ
502,48498,1,RF-0156-001-PPP,Endrin,,LOQ
503,48498,1,RF-0119-006-PPP,DDT (sum),,LOQ
504,48498,1,RF-0119-004-PPP,DDT (sum),,LOQ
505,48498,1,RF-0119-003-PPP,DDT (sum),,LOQ
506,48498,1,RF-0119-002-PPP,DDT (sum),,LOQ
507,48498,1,RF-0119-001-PPP,DDT (sum),,LOQ
508,48498,1,RF-0075-004-PPP,Chlordane (sum),,LOQ
509,48498,1,RF-0075-003-PPP,Chlordane (sum),,LOQ
510,48498,1,RF-0075-005-PPP,Chlordane (sum),,LOQ
511,48498,1,RF-0021-003-PPP,Dieldrin (sum),,LOQ
512,48498,1,RF-0021-002-PPP,Dieldrin (sum),,LOQ
513,48498,1,RF-0021-001-PPP,Dieldrin (sum),,LOQ
514,48498,1,RF-0239-002-PPP,HCH-beta,0.02741,VAL
515,49A0F,2,RF-0842-001-PPP,Permethrin (sum),,LOQ
516,49A0F,2,RF-0238-001-PPP,HCH-alpha,,LOQ
517,49A0F,2,RF-0075-005-PPP,Chlordane (sum),,LOQ
518,49A0F,2,RF-0239-002-PPP,HCH-beta,,LOQ
519,49A0F,2,RF-0515-001-PPP,Bromocyclen,,LOQ
520,49A0F,2,RF-0112-002-PPP,Cypermethrin (sum),,LOQ
521,49A0F,2,RF-0653-001-PPP,Endrin ketone,,LOQ
522,49A0F,2,RF-0236-001-PPP,Heptachlor (sum),,LOQ
523,49A0F,2,RF-0690-004-PPP,Fenvalerate and Esfenvalerate (sum of isomers),,LOQ
524,49A0F,2,RF-0237-001-PPP,Hexachlorobenzene,0.003,VAL
525,49A0F,2,RF-0295-001-PPP,Methoxychlor,,LOQ
526,49A0F,2,RF-0112-001-PPP,Cypermethrin (sum),,LOQ
527,49A0F,2,RF-0263-001-PPP,Lindane,,LOQ
528,49A0F,2,RF-0311-001-PPP,Nitrofen,,LOQ
529,49A0F,2,RF-0021-001-PPP,Dieldrin (sum),,LOQ
530,49A0F,2,RF-0120-001-PPP,Deltamethrin,,LOQ
531,49A0F,2,RF-0155-001-PPP,Endosulfan (sum),,LOQ
532,49A0F,2,RF-0261-001-PPP,Lambda-Cyhalothrin (sum),,LOQ
533,49A0F,2,RF-0156-001-PPP,Endrin,,LOQ
534,49A0F,2,RF-0087-001-PPP,Chlorpyrifos,,LOQ
535,49A0F,2,RF-0119-001-PPP,DDT (sum),0.021,VAL
536,49A0F,2,RF-0690-005-PPP,Fenvalerate and Esfenvalerate (sum of isomers),,LOQ
537,51D64,1,RF-0263-001-PPP,Lindane,,LOQ
538,51D64,1,RF-0238-001-PPP,HCH-alpha,,LOQ
539,51D64,1,RF-0237-001-PPP,Hexachlorobenzene,,LOQ
540,51D64,1,RF-0236-005-PPP,Heptachlor (sum),,LOQ
541,51D64,1,RF-0236-004-PPP,Heptachlor (sum),,LOQ
542,51D64,1,RF-0236-001-PPP,Heptachlor (sum),,LOQ
543,51D64,1,RF-0119-007-PPP,DDT (sum),,LOQ
544,51D64,1,RF-0156-001-PPP,Endrin,,LOQ
545,51D64,1,RF-0119-006-PPP,DDT (sum),,LOQ
546,51D64,1,RF-0119-004-PPP,DDT (sum),,LOQ
547,51D64,1,RF-0119-003-PPP,DDT (sum),,LOQ
548,51D64,1,RF-0119-002-PPP,DDT (sum),,LOQ
549,51D64,1,RF-0119-001-PPP,DDT (sum),,LOQ
550,51D64,1,RF-0075-004-PPP,Chlordane (sum),,LOQ
551,51D64,1,RF-0075-003-PPP,Chlordane (sum),,LOQ
552,51D64,1,RF-0075-005-PPP,Chlordane (sum),,LOQ
553,51D64,1,RF-0021-003-PPP,Dieldrin (sum),,LOQ
554,51D64,1,RF-0021-002-PPP,Dieldrin (sum),,LOQ
555,51D64,1,RF-0021-001-PPP,Dieldrin (sum),,LOQ
556,51D64,1,RF-0239-002-PPP,HCH-beta,0.031,VAL
557,5A6F3,1,RF-0295-001-PPP,Methoxychlor,,LOQ
558,5A6F3,1,RF-0690-004-PPP,Fenvalerate and Esfenvalerate (sum of isomers),,LOQ
559,5A6F3,1,RF-0239-002-PPP,HCH-beta,,LOQ
560,5A6F3,1,RF-0161-001-PPP,Ethion,,LOQ
561,5A6F3,1,RF-0432-001-PPP,Triazophos,,LOQ
562,5A6F3,1,RF-0348-001-PPP,Pirimiphos-methyl (sum),,LOQ
563,5A6F3,1,RF-0079-001-PPP,Chlorfenvinphos,,LOQ
564,5A6F3,1,RF-0237-001-PPP,Hexachlorobenzene,,LOQ
565,5A6F3,1,RF-0653-001-PPP,Endrin ketone,,LOQ
566,5A6F3,1,RF-0108-001-PPP,Cyfluthrin (sum),,LOQ
567,5A6F3,1,RF-0383-001-PPP,Quintozene (sum),,LOQ
568,5A6F3,1,RF-0351-001-PPP,Profenofos,,LOQ
569,5A6F3,1,RF-0120-001-PPP,Deltamethrin,,LOQ
570,5A6F3,1,RF-0021-001-PPP,Dieldrin (sum),,LOQ
571,5A6F3,1,RF-0373-001-PPP,Pyrazophos,,LOQ
572,5A6F3,1,RF-0240-004-PPP,HCH (sum),,LOQ
573,5A6F3,1,RF-0515-001-PPP,Bromocyclen,,LOQ
574,5A6F3,1,RF-0046-001-PPP,Bifenthrin (sum),,LOQ
575,5A6F3,1,RF-0075-005-PPP,Chlordane (sum),,LOQ
576,5A6F3,1,RF-0327-001-PPP,Parathion,,LOQ
577,5A6F3,1,RF-0187-001-PPP,Fenthion (sum),,LOQ
578,5A6F3,1,RF-0328-001-PPP,Parathion-methyl (sum),,LOQ
579,5A6F3,1,RF-0690-005-PPP,Fenvalerate and Esfenvalerate (sum of isomers),,LOQ
580,5A6F3,1,RF-0736-001-PPP,HCH (sum),,LOQ
581,5A6F3,1,RF-0238-001-PPP,HCH-alpha,,LOQ
582,5A6F3,1,RF-0236-001-PPP,Heptachlor (sum),,LOQ
583,5A6F3,1,RF-0406-001-PPP,Tecnazene,,LOQ
584,5A6F3,1,RF-0842-001-PPP,Permethrin (sum),,LOQ
585,5A6F3,1,RF-0032-001-PPP,Azinphos-ethyl,,LOQ
586,5A6F3,1,RF-0331-001-PPP,Pendimethalin,,LOQ
587,5A6F3,1,RF-0112-001-PPP,Cypermethrin (sum),,LOQ
588,5A6F3,1,RF-0156-001-PPP,Endrin,,LOQ
589,5A6F3,1,RF-0119-001-PPP,DDT (sum),0.0034,VAL
590,5A6F3,1,RF-0155-001-PPP,Endosulfan (sum),,LOQ
591,5A6F3,1,RF-0108-003-PPP,Cyfluthrin (sum),,LOQ
592,5A6F3,1,RF-0087-001-PPP,Chlorpyrifos,,LOQ
593,5A6F3,1,RF-0123-001-PPP,Diazinon,,LOQ
594,5A6F3,1,RF-0263-001-PPP,Lindane,,LOQ
595,5A6F3,1,RF-0088-001-PPP,Chlorpyrifos-methyl,,LOQ
596,5A6F3,1,RF-0290-001-PPP,Methidathion,,LOQ
597,5A6F3,1,RF-0261-001-PPP,Lambda-Cyhalothrin (sum),,LOQ
598,5A6F3,1,RF-0236-006-PPP,Heptachlor (sum of isomers),,LOQ
599,5F68B,2,RF-1003-001-PPP,Vinclozolin (sum),,LOQ
600,5F68B,2,RF-0182-001-PPP,Fenoxycarb,,LOQ
601,5F68B,2,RF-0374-001-PPP,Pyrethrins,,LOQ
602,5F68B,2,RF-0187-001-PPP,Fenthion (sum),,LOQ
603,5F68B,2,RF-0373-001-PPP,Pyrazophos,,LOQ
604,5F68B,2,RF-0261-001-PPP,Lambda-Cyhalothrin (sum),,LOQ
605,5F68B,2,RF-0922-001-PPP,Tetramethrin,,LOQ
606,5F68B,2,RF-0866-001-PPP,Propetamphos,,LOQ
607,5F68B,2,RF-0311-001-PPP,Nitrofen,,LOQ
608,5F68B,2,RF-0515-001-PPP,Bromocyclen,,LOQ
609,5F68B,2,RF-0944-001-PPP,Tralomethrin,,LOQ
610,5F68B,2,RF-0156-001-PPP,Endrin,,LOQ
611,5F68B,2,RF-0201-001-PPP,Flucythrinate (sum),,LOQ
612,5F68B,2,RF-0999-001-PPP,Nonachlor-Trans,,LOQ
613,5F68B,2,RF-0021-001-PPP,Dieldrin (sum),,LOQ
614,5F68B,2,RF-0842-001-PPP,Permethrin (sum),,LOQ
615,5F68B,2,RF-0161-001-PPP,Ethion,,LOQ
616,5F68B,2,RF-0119-001-PPP,DDT (sum),0.003,VAL
617,5F68B,2,RF-0690-004-PPP,Fenvalerate and Esfenvalerate (sum of isomers),,LOQ
618,5F68B,2,RF-0539-001-PPP,Chinomethionat,,LOQ
619,5F68B,2,RF-0338-002-PPP,Phosmet (sum),,LOQ
620,5F68B,2,RF-0123-001-PPP,Diazinon,,LOQ
621,5F68B,2,RF-0108-001-PPP,Cyfluthrin (sum),,LOQ
622,5F68B,2,RF-0605-001-PPP,"Dichlorobenzophenone, 4,4`-",,LOQ
623,5F68B,2,RF-0288-001-PPP,Methacrifos,,LOQ
624,5F68B,2,RF-0690-005-PPP,Fenvalerate and Esfenvalerate (sum of isomers),,LOQ
625,5F68B,2,RF-0082-001-PPP,Chlorobenzilate,,LOQ
626,5F68B,2,RF-0357-001-PPP,Propargite,,LOQ
627,5F68B,2,RF-0331-001-PPP,Pendimethalin,,LOQ
628,5F68B,2,RF-0213-001-PPP,Fluquinconazole,,LOQ
629,5F68B,2,RF-0432-001-PPP,Triazophos,,LOQ
630,5F68B,2,RF-0052-001-PPP,Bromopropylate,,LOQ
631,5F68B,2,RF-0108-002-PPP,Cyfluthrin (sum),,LOQ
632,5F68B,2,RF-0183-001-PPP,Fenpropathrin,,LOQ
633,5F68B,2,RF-0853-001-PPP,Prallethrin,,LOQ
634,5F68B,2,RF-0086-004-PPP,Chlorpropham (sum),,LOQ
635,5F68B,2,RF-0653-001-PPP,Endrin ketone,,LOQ
636,5F68B,2,RF-0348-001-PPP,Pirimiphos-methyl (sum),,LOQ
637,5F68B,2,RF-0075-005-PPP,Chlordane (sum),,LOQ
638,5F68B,2,RF-0382-001-PPP,Quinoxyfen,,LOQ
639,5F68B,2,RF-0383-001-PPP,Quintozene (sum),,LOQ
640,5F68B,2,RF-0385-001-PPP,Resmethrin (sum),,LOQ
641,5F68B,2,RF-0464-001-PPP,Allethrin,,LOQ
642,5F68B,2,RF-0327-001-PPP,Parathion,,LOQ
643,5F68B,2,RF-0848-001-PPP,Piperonyl Butoxide,,LOQ
644,5F68B,2,RF-0848-001-PPP,Piperonyl Butoxide,,LOQ
645,5F68B,2,RF-0157-001-PPP,Epoxiconazole,,LOQ
646,5F68B,2,RF-0442-001-PPP,Trifluralin,,LOQ
647,5F68B,2,RF-0046-001-PPP,Bifenthrin (sum),,LOQ
648,5F68B,2,RF-0088-001-PPP,Chlorpyrifos-methyl,,LOQ
649,5F68B,2,RF-0414-001-PPP,Tetraconazole (sum),,LOQ
650,5F68B,2,RF-0120-001-PPP,Deltamethrin,,LOQ
651,5F68B,2,RF-0239-002-PPP,HCH-beta,,LOQ
652,5F68B,2,RF-0127-001-PPP,Dichlorvos,,LOQ
653,5F68B,2,RF-0351-001-PPP,Profenofos,,LOQ
654,5F68B,2,RF-0032-001-PPP,Azinphos-ethyl,,LOQ
655,5F68B,2,RF-0079-001-PPP,Chlorfenvinphos,,LOQ
656,5F68B,2,RF-0049-002-PPP,Boscalid (sum),,LOQ
657,5F68B,2,RF-0236-001-PPP,Heptachlor (sum),,LOQ
658,5F68B,2,RF-0290-001-PPP,Methidathion,,LOQ
659,5F68B,2,RF-0238-001-PPP,HCH-alpha,,LOQ
660,5F68B,2,RF-0130-001-PPP,Dicofol (sum),,LOQ
661,5F68B,2,RF-0263-001-PPP,Lindane,,LOQ
662,5F68B,2,RF-0945-001-PPP,Transfluthrin,,LOQ
663,5F68B,2,RF-0155-001-PPP,Endosulfan (sum),,LOQ
664,5F68B,2,RF-0402-001-PPP,Fluvalinate (sum),,LOQ
665,5F68B,2,RF-0087-001-PPP,Chlorpyrifos,,LOQ
666,5F68B,2,RF-0328-001-PPP,Parathion-methyl (sum),,LOQ
667,5F68B,2,RF-0406-001-PPP,Tecnazene,,LOQ
668,5F68B,2,RF-0237-001-PPP,Hexachlorobenzene,0.0025,VAL
669,5F68B,2,RF-0062-001-PPP,Carbaryl,,LOQ
670,5F68B,2,RF-0112-001-PPP,Cypermethrin (sum),,LOQ
671,5F68B,2,RF-1008-001-PPP,Nonachlor-Cis,,LOQ
672,5F68B,2,RF-0504-001-PPP,Bioallethrin,,LOQ
673,613A0,2,RF-0236-006-PPP,Heptachlor (sum of isomers),,LOQ
674,613A0,2,RF-0331-001-PPP,Pendimethalin,,LOQ
675,613A0,2,RF-0515-001-PPP,Bromocyclen,,LOQ
676,613A0,2,RF-0155-001-PPP,Endosulfan (sum),,LOQ
677,613A0,2,RF-0311-001-PPP,Nitrofen,,LOQ
678,613A0,2,RF-0999-001-PPP,Nonachlor-Trans,,LOQ
679,613A0,2,RF-0236-001-PPP,Heptachlor (sum),,LOQ
680,613A0,2,RF-0239-002-PPP,HCH-beta,,LOQ
681,613A0,2,RF-0295-001-PPP,Methoxychlor,,LOQ
682,613A0,2,RF-0889-001-PPP,S421,,LOQ
683,613A0,2,RF-0238-001-PPP,HCH-alpha,,LOQ
684,613A0,2,RF-0075-005-PPP,Chlordane (sum),,LOQ
685,613A0,2,RF-0768-001-PPP,Iodofenphos,,LOQ
686,613A0,2,RF-0263-001-PPP,Lindane,,LOQ
687,613A0,2,RF-0653-001-PPP,Endrin ketone,,LOQ
688,613A0,2,RF-0021-001-PPP,Dieldrin (sum),,LOQ
689,613A0,2,RF-0736-001-PPP,HCH (sum),,LOQ
690,613A0,2,RF-0237-001-PPP,Hexachlorobenzene,0.002,VAL
691,613A0,2,RF-0156-001-PPP,Endrin,,LOQ
692,613A0,2,RF-0119-001-PPP,DDT (sum),0.001,VAL
693,63532,35,RF-0059-001-PPP,Camphechlor (sum),0.002,LOQ
694,63532,35,RF-0032-001-PPP,Azinphos-ethyl,0.01,LOQ
695,63532,35,RF-0119-001-PPP,DDT (sum),0.016,VAL
696,63532,35,RF-0263-001-PPP,Lindane,0.001,LOQ
697,63532,35,RF-0406-001-PPP,Tecnazene,0.03,LOQ
698,63532,35,RF-0432-001-PPP,Triazophos,0.01,LOQ
699,63532,35,RF-0011-001-PPP,Abamectin (sum),0.005,LOQ
700,63532,35,RF-0238-001-PPP,HCH-alpha,0.002,LOQ
701,63532,35,RF-0075-002-PPP,Chlordane (sum),0.001,LOQ
702,63532,35,RF-0075-002-PPP,Chlordane (sum),0.001,LOQ
703,63532,35,RF-0155-001-PPP,Endosulfan (sum),0.001,LOQ
704,63532,35,RF-0187-006-PPP,Fenthion (sum),0.01,LOQ
705,63532,35,RF-0108-003-PPP,Cyfluthrin (sum),0.005,LOQ
706,63532,35,RF-0237-001-PPP,Hexachlorobenzene,0.01,VAL
707,63532,35,RF-0842-001-PPP,Permethrin (sum),0.01,LOQ
708,63532,35,RF-0239-002-PPP,HCH-beta,0.002,LOQ
709,63532,35,RF-0348-001-PPP,Pirimiphos-methyl (sum),0.003,LOQ
710,63532,35,RF-0021-003-PPP,Dieldrin (sum),0.001,LOQ
711,63532,35,RF-0123-001-PPP,Diazinon,0.003,LOQ
712,63532,35,RF-0295-001-PPP,Methoxychlor,0.01,LOQ
713,63532,35,RF-0351-001-PPP,Profenofos,0.02,LOQ
714,63532,35,RF-0156-001-PPP,Endrin,0.001,LOQ
715,63532,35,RF-0690-002-PPP,Fenvalerate/Esfenvalerate (sum),0.005,LOQ
716,63532,35,RF-0385-001-PPP,Resmethrin (sum),0.01,LOQ
717,63532,35,RF-0383-002-PPP,Quintozene (sum),0.01,LOQ
718,63532,35,RF-0088-001-PPP,Chlorpyrifos-methyl,0.004,LOQ
719,63532,35,RF-0112-001-PPP,Cypermethrin (sum),0.01,LOQ
720,63532,35,RF-0120-001-PPP,Deltamethrin,0.007,LOQ
721,63532,35,RF-0290-001-PPP,Methidathion,0.02,LOQ
722,63532,35,RF-0373-001-PPP,Pyrazophos,0.02,LOQ
723,63532,35,RF-0046-001-PPP,Bifenthrin (sum),0.005,LOQ
724,63532,35,RF-0236-004-PPP,Heptachlor (sum),0.001,LOQ
725,63532,35,RF-0087-001-PPP,Chlorpyrifos,0.002,LOQ
726,63532,35,RF-0328-003-PPP,Parathion-methyl (sum),0.02,LOQ
727,63532,35,RF-0328-003-PPP,Parathion-methyl (sum),0.02,LOQ
728,63532,35,RF-0082-001-PPP,Chlorobenzilate,0.03,LOQ
729,63532,35,RF-0327-001-PPP,Parathion,0.02,LOQ
730,64A94,35,RF-0059-001-PPP,Camphechlor (sum),0.002,LOQ
731,64A94,35,RF-0032-001-PPP,Azinphos-ethyl,0.01,LOQ
732,64A94,35,RF-0263-001-PPP,Lindane,0.001,LOQ
733,64A94,35,RF-0119-001-PPP,DDT (sum),0.017,VAL
734,64A94,35,RF-0406-001-PPP,Tecnazene,0.03,LOQ
735,64A94,35,RF-0432-001-PPP,Triazophos,0.01,LOQ
736,64A94,35,RF-0011-001-PPP,Abamectin (sum),0.005,LOQ
737,64A94,35,RF-0238-001-PPP,HCH-alpha,0.002,LOQ
738,64A94,35,RF-0075-002-PPP,Chlordane (sum),0.001,LOQ
739,64A94,35,RF-0075-002-PPP,Chlordane (sum),0.001,LOQ
740,64A94,35,RF-0155-001-PPP,Endosulfan (sum),0.001,LOQ
741,64A94,35,RF-0187-006-PPP,Fenthion (sum),0.01,LOQ
742,64A94,35,RF-0108-003-PPP,Cyfluthrin (sum),0.005,LOQ
743,64A94,35,RF-0239-002-PPP,HCH-beta,0.002,LOQ
744,64A94,35,RF-0237-001-PPP,Hexachlorobenzene,0.009,VAL
745,64A94,35,RF-0021-003-PPP,Dieldrin (sum),0.001,LOQ
746,64A94,35,RF-0842-001-PPP,Permethrin (sum),0.01,LOQ
747,64A94,35,RF-0295-001-PPP,Methoxychlor,0.01,LOQ
748,64A94,35,RF-0348-001-PPP,Pirimiphos-methyl (sum),0.003,LOQ
749,64A94,35,RF-0123-001-PPP,Diazinon,0.003,LOQ
750,64A94,35,RF-0351-001-PPP,Profenofos,0.02,LOQ
751,64A94,35,RF-0156-001-PPP,Endrin,0.001,LOQ
752,64A94,35,RF-0385-001-PPP,Resmethrin (sum),0.01,LOQ
753,64A94,35,RF-0088-001-PPP,Chlorpyrifos-methyl,0.004,LOQ
754,64A94,35,RF-0690-002-PPP,Fenvalerate/Esfenvalerate (sum),0.005,LOQ
755,64A94,35,RF-0120-001-PPP,Deltamethrin,0.007,LOQ
756,64A94,35,RF-0383-002-PPP,Quintozene (sum),0.01,LOQ
757,64A94,35,RF-0373-001-PPP,Pyrazophos,0.02,LOQ
758,64A94,35,RF-0112-001-PPP,Cypermethrin (sum),0.01,LOQ
759,64A94,35,RF-0236-004-PPP,Heptachlor (sum),0.001,LOQ
760,64A94,35,RF-0290-001-PPP,Methidathion,0.02,LOQ
761,64A94,35,RF-0087-001-PPP,Chlorpyrifos,0.002,LOQ
762,64A94,35,RF-0046-001-PPP,Bifenthrin (sum),0.005,LOQ
763,64A94,35,RF-0082-001-PPP,Chlorobenzilate,0.03,LOQ
764,64A94,35,RF-0328-003-PPP,Parathion-methyl (sum),0.02,LOQ
765,64A94,35,RF-0328-003-PPP,Parathion-methyl (sum),0.02,LOQ
766,64A94,35,RF-0327-001-PPP,Parathion,0.02,LOQ
767,66B8D,35,RF-0348-001-PPP,Pirimiphos-methyl (sum),0.003,LOQ
768,66B8D,35,RF-0123-001-PPP,Diazinon,0.003,LOQ
769,66B8D,35,RF-0295-001-PPP,Methoxychlor,0.01,LOQ
770,66B8D,35,RF-0156-001-PPP,Endrin,0.001,LOQ
771,66B8D,35,RF-0385-001-PPP,Resmethrin (sum),0.01,LOQ
772,66B8D,35,RF-0351-001-PPP,Profenofos,0.02,LOQ
773,66B8D,35,RF-0088-001-PPP,Chlorpyrifos-methyl,0.004,LOQ
774,66B8D,35,RF-0690-002-PPP,Fenvalerate/Esfenvalerate (sum),0.005,LOQ
775,66B8D,35,RF-0120-001-PPP,Deltamethrin,0.007,LOQ
776,66B8D,35,RF-0383-002-PPP,Quintozene (sum),0.01,LOQ
777,66B8D,35,RF-0373-001-PPP,Pyrazophos,0.02,LOQ
778,66B8D,35,RF-0112-001-PPP,Cypermethrin (sum),0.01,LOQ
779,66B8D,35,RF-0236-004-PPP,Heptachlor (sum),0.001,LOQ
780,66B8D,35,RF-0290-001-PPP,Methidathion,0.02,LOQ
781,66B8D,35,RF-0046-001-PPP,Bifenthrin (sum),0.005,LOQ
782,66B8D,35,RF-0082-001-PPP,Chlorobenzilate,0.03,LOQ
783,66B8D,35,RF-0087-001-PPP,Chlorpyrifos,0.002,LOQ
784,66B8D,35,RF-0327-001-PPP,Parathion,0.02,LOQ
785,66B8D,35,RF-0328-003-PPP,Parathion-methyl (sum),0.02,LOQ
786,66B8D,35,RF-0328-003-PPP,Parathion-methyl (sum),0.02,LOQ
787,66B8D,35,RF-0059-001-PPP,Camphechlor (sum),0.002,LOQ
788,66B8D,35,RF-0032-001-PPP,Azinphos-ethyl,0.01,LOQ
789,66B8D,35,RF-0263-001-PPP,Lindane,0.001,LOQ
790,66B8D,35,RF-0119-001-PPP,DDT (sum),0.026,VAL
791,66B8D,35,RF-0406-001-PPP,Tecnazene,0.03,LOQ
792,66B8D,35,RF-0432-001-PPP,Triazophos,0.01,LOQ
793,66B8D,35,RF-0011-001-PPP,Abamectin (sum),0.005,LOQ
794,66B8D,35,RF-0238-001-PPP,HCH-alpha,0.002,LOQ
795,66B8D,35,RF-0075-002-PPP,Chlordane (sum),0.001,LOQ
796,66B8D,35,RF-0075-002-PPP,Chlordane (sum),0.001,LOQ
797,66B8D,35,RF-0155-001-PPP,Endosulfan (sum),0.001,LOQ
798,66B8D,35,RF-0187-006-PPP,Fenthion (sum),0.01,LOQ
799,66B8D,35,RF-0108-003-PPP,Cyfluthrin (sum),0.005,LOQ
800,66B8D,35,RF-0239-002-PPP,HCH-beta,0.002,LOQ
801,66B8D,35,RF-0237-001-PPP,Hexachlorobenzene,0.018,VAL
802,66B8D,35,RF-0021-003-PPP,Dieldrin (sum),0.001,LOQ
803,66B8D,35,RF-0842-001-PPP,Permethrin (sum),0.01,LOQ
804,6AB19,1,RF-0406-001-PPP,Tecnazene,,LOQ
805,6AB19,1,RF-0088-001-PPP,Chlorpyrifos-methyl,,LOQ
806,6AB19,1,RF-0261-001-PPP,Lambda-Cyhalothrin (sum),,LOQ
807,6AB19,1,RF-0373-001-PPP,Pyrazophos,,LOQ
808,6AB19,1,RF-0515-001-PPP,Bromocyclen,,LOQ
809,6AB19,1,RF-0032-001-PPP,Azinphos-ethyl,,LOQ
810,6AB19,1,RF-0112-001-PPP,Cypermethrin (sum),,LOQ
811,6AB19,1,RF-0331-001-PPP,Pendimethalin,,LOQ
812,6AB19,1,RF-0327-001-PPP,Parathion,,LOQ
813,6AB19,1,RF-0842-001-PPP,Permethrin (sum),,LOQ
814,6AB19,1,RF-0120-001-PPP,Deltamethrin,,LOQ
815,6AB19,1,RF-0123-001-PPP,Diazinon,,LOQ
816,6AB19,1,RF-0351-001-PPP,Profenofos,,LOQ
817,6AB19,1,RF-0119-001-PPP,DDT (sum),0.0026,VAL
818,6AB19,1,RF-0432-001-PPP,Triazophos,,LOQ
819,6AB19,1,RF-0653-001-PPP,Endrin ketone,,LOQ
820,6AB19,1,RF-0161-001-PPP,Ethion,,LOQ
821,6AB19,1,RF-0156-001-PPP,Endrin,,LOQ
822,6AB19,1,RF-0328-001-PPP,Parathion-methyl (sum),,LOQ
823,6AB19,1,RF-0079-001-PPP,Chlorfenvinphos,,LOQ
824,6AB19,1,RF-0187-001-PPP,Fenthion (sum),,LOQ
825,6AB19,1,RF-0239-002-PPP,HCH-beta,,LOQ
826,6AB19,1,RF-0087-001-PPP,Chlorpyrifos,,LOQ
827,6AB19,1,RF-0290-001-PPP,Methidathion,,LOQ
828,6AB19,1,RF-0295-001-PPP,Methoxychlor,,LOQ
829,6AB19,1,RF-0108-001-PPP,Cyfluthrin (sum),,LOQ
830,6AB19,1,RF-0240-004-PPP,HCH (sum),,LOQ
831,6AB19,1,RF-0736-001-PPP,HCH (sum),,LOQ
832,6AB19,1,RF-0383-001-PPP,Quintozene (sum),,LOQ
833,6AB19,1,RF-0236-006-PPP,Heptachlor (sum of isomers),,LOQ
834,6AB19,1,RF-0155-001-PPP,Endosulfan (sum),,LOQ
835,6AB19,1,RF-0348-001-PPP,Pirimiphos-methyl (sum),,LOQ
836,6AB19,1,RF-0236-001-PPP,Heptachlor (sum),,LOQ
837,6AB19,1,RF-0075-005-PPP,Chlordane (sum),,LOQ
838,6AB19,1,RF-0263-001-PPP,Lindane,,LOQ
839,6AB19,1,RF-0237-001-PPP,Hexachlorobenzene,,LOQ
840,6AB19,1,RF-0046-001-PPP,Bifenthrin (sum),,LOQ
841,6AB19,1,RF-0238-001-PPP,HCH-alpha,,LOQ
842,6AB19,1,RF-0021-001-PPP,Dieldrin (sum),,LOQ
843,6B738,1,RF-0021-001-PPP,Dieldrin (sum),,LOQ
844,6B738,1,RF-0059-003-PPP,Camphechlor (sum),,LOQ
845,6B738,1,RF-0239-002-PPP,HCH-beta,,LOQ
846,6B738,1,RF-1003-001-PPP,Vinclozolin (sum),,LOQ
847,6B738,1,RF-0238-001-PPP,HCH-alpha,,LOQ
848,6B738,1,RF-0515-001-PPP,Bromocyclen,,LOQ
849,6B738,1,RF-0383-001-PPP,Quintozene (sum),,LOQ
850,6B738,1,RF-0331-001-PPP,Pendimethalin,,LOQ
851,6B738,1,RF-0075-005-PPP,Chlordane (sum),,LOQ
852,6B738,1,RF-0406-001-PPP,Tecnazene,,LOQ
853,6B738,1,RF-0156-001-PPP,Endrin,,LOQ
854,6B738,1,RF-0236-001-PPP,Heptachlor (sum),,LOQ
855,6B738,1,RF-0119-001-PPP,DDT (sum),0.012377,VAL
856,6B738,1,RF-0295-001-PPP,Methoxychlor,,LOQ
857,6B738,1,RF-0155-001-PPP,Endosulfan (sum),,LOQ
858,6B738,1,RF-0653-001-PPP,Endrin ketone,,LOQ
859,6B738,1,RF-0082-001-PPP,Chlorobenzilate,,LOQ
860,6B738,1,RF-0263-001-PPP,Lindane,,LOQ
861,6B738,1,RF-0237-001-PPP,Hexachlorobenzene,,LOQ
862,6E78E,5,RF-0406-001-PPP,Tecnazene,,LOQ
863,6E78E,5,RF-0155-001-PPP,Endosulfan (sum),,LOQ
864,6E78E,5,RF-0119-001-PPP,DDT (sum),0.002,VAL
865,6E78E,5,RF-0866-001-PPP,Propetamphos,,LOQ
866,6E78E,5,RF-0021-001-PPP,Dieldrin (sum),,LOQ
867,6E78E,5,RF-0112-001-PPP,Cypermethrin (sum),,LOQ
868,6E78E,5,RF-0123-001-PPP,Diazinon,,LOQ
869,6E78E,5,RF-0108-001-PPP,Cyfluthrin (sum),,LOQ
870,6E78E,5,RF-0240-004-PPP,HCH (sum),,LOQ
871,6E78E,5,RF-0653-001-PPP,Endrin ketone,,LOQ
872,6E78E,5,RF-0797-001-PPP,Mirex,,LOQ
873,6E78E,5,RF-0837-001-PPP,Pentachloroanisole,,LOQ
874,6E78E,5,RF-0112-002-PPP,Cypermethrin (sum),,LOQ
875,6E78E,5,RF-0156-001-PPP,Endrin,,LOQ
876,6E78E,5,RF-0690-004-PPP,Fenvalerate and Esfenvalerate (sum of isomers),,LOQ
877,6E78E,5,RF-0690-005-PPP,Fenvalerate and Esfenvalerate (sum of isomers),,LOQ
878,6E78E,5,RF-0311-001-PPP,Nitrofen,,LOQ
879,6E78E,5,RF-0515-001-PPP,Bromocyclen,,LOQ
880,6E78E,5,RF-0263-001-PPP,Lindane,0.001,VAL
881,6E78E,5,RF-0238-001-PPP,HCH-alpha,0.003,VAL
882,6E78E,5,RF-0736-001-PPP,HCH (sum),,LOQ
883,6E78E,5,RF-0120-001-PPP,Deltamethrin,,LOQ
884,6E78E,5,RF-0239-002-PPP,HCH-beta,0.002,VAL
885,6E78E,5,RF-0295-001-PPP,Methoxychlor,,LOQ
886,6E78E,5,RF-0236-001-PPP,Heptachlor (sum),,LOQ
887,6E78E,5,RF-0842-001-PPP,Permethrin (sum),,LOQ
888,6E78E,5,RF-0075-005-PPP,Chlordane (sum),,LOQ
889,6E78E,5,RF-0237-001-PPP,Hexachlorobenzene,0.003,VAL
890,70DBA,2,RF-0123-001-PPP,Diazinon,,LOQ
891,70DBA,2,RF-0112-002-PPP,Cypermethrin (sum),,LOQ
892,70DBA,2,RF-0120-001-PPP,Deltamethrin,,LOQ
893,70DBA,2,RF-0263-001-PPP,Lindane,,LOQ
894,70DBA,2,RF-0156-001-PPP,Endrin,,LOQ
895,70DBA,2,RF-0075-005-PPP,Chlordane (sum),,LOQ
896,70DBA,2,RF-0119-001-PPP,DDT (sum),0.001,VAL
897,70DBA,2,RF-0406-001-PPP,Tecnazene,,LOQ
898,70DBA,2,RF-0842-001-PPP,Permethrin (sum),,LOQ
899,70DBA,2,RF-0837-001-PPP,Pentachloroanisole,,LOQ
900,70DBA,2,RF-0797-001-PPP,Mirex,,LOQ
901,70DBA,2,RF-0311-001-PPP,Nitrofen,,LOQ
902,70DBA,2,RF-0690-004-PPP,Fenvalerate and Esfenvalerate (sum of isomers),,LOQ
903,70DBA,2,RF-0866-001-PPP,Propetamphos,,LOQ
904,70DBA,2,RF-0690-005-PPP,Fenvalerate and Esfenvalerate (sum of isomers),,LOQ
905,70DBA,2,RF-0238-001-PPP,HCH-alpha,,LOQ
906,70DBA,2,RF-0239-002-PPP,HCH-beta,,LOQ
907,70DBA,2,RF-0295-001-PPP,Methoxychlor,,LOQ
908,70DBA,2,RF-0237-001-PPP,Hexachlorobenzene,0.003,VAL
909,70DBA,2,RF-0236-001-PPP,Heptachlor (sum),,LOQ
910,70DBA,2,RF-0108-001-PPP,Cyfluthrin (sum),,LOQ
911,70DBA,2,RF-0112-001-PPP,Cypermethrin (sum),,LOQ
912,70DBA,2,RF-0515-001-PPP,Bromocyclen,,LOQ
913,70DBA,2,RF-0653-001-PPP,Endrin ketone,,LOQ
914,70DBA,2,RF-0155-001-PPP,Endosulfan (sum),,LOQ
915,70DBA,2,RF-0240-004-PPP,HCH (sum),,LOQ
916,70DBA,2,RF-0021-001-PPP,Dieldrin (sum),,LOQ
917,70DBA,2,RF-0736-001-PPP,HCH (sum),,LOQ
918,71978,1,RF-0237-001-PPP,Hexachlorobenzene,0.002,VAL
919,71978,1,RF-0021-001-PPP,Dieldrin (sum),,LOQ
920,71978,1,RF-0263-001-PPP,Lindane,,LOQ
921,71978,1,RF-0842-001-PPP,Permethrin (sum),,LOQ
922,71978,1,RF-0295-001-PPP,Methoxychlor,,LOQ
923,71978,1,RF-0866-001-PPP,Propetamphos,,LOQ
924,71978,1,RF-0240-004-PPP,HCH (sum),,LOQ
925,71978,1,RF-0238-001-PPP,HCH-alpha,,LOQ
926,71978,1,RF-0311-001-PPP,Nitrofen,,LOQ
927,71978,1,RF-0690-004-PPP,Fenvalerate and Esfenvalerate (sum of isomers),,LOQ
928,71978,1,RF-0123-001-PPP,Diazinon,,LOQ
929,71978,1,RF-0797-001-PPP,Mirex,,LOQ
930,71978,1,RF-0120-001-PPP,Deltamethrin,,LOQ
931,71978,1,RF-0112-002-PPP,Cypermethrin (sum),,LOQ
932,71978,1,RF-0119-001-PPP,DDT (sum),,LOQ
933,71978,1,RF-0155-001-PPP,Endosulfan (sum),,LOQ
934,71978,1,RF-0690-005-PPP,Fenvalerate and Esfenvalerate (sum of isomers),,LOQ
935,71978,1,RF-0239-002-PPP,HCH-beta,,LOQ
936,71978,1,RF-0736-001-PPP,HCH (sum),,LOQ
937,71978,1,RF-0653-001-PPP,Endrin ketone,,LOQ
938,71978,1,RF-0406-001-PPP,Tecnazene,,LOQ
939,71978,1,RF-0112-001-PPP,Cypermethrin (sum),,LOQ
940,71978,1,RF-0156-001-PPP,Endrin,,LOQ
941,71978,1,RF-0075-005-PPP,Chlordane (sum),,LOQ
942,71978,1,RF-0236-001-PPP,Heptachlor (sum),,LOQ
943,71978,1,RF-0108-001-PPP,Cyfluthrin (sum),,LOQ
944,71978,1,RF-0837-001-PPP,Pentachloroanisole,,LOQ
945,71978,1,RF-0515-001-PPP,Bromocyclen,,LOQ
946,72513,35,RF-0059-001-PPP,Camphechlor (sum),0.002,LOQ
947,72513,35,RF-0032-001-PPP,Azinphos-ethyl,0.01,LOQ
948,72513,35,RF-0119-001-PPP,DDT (sum),0.017,VAL
949,72513,35,RF-0263-001-PPP,Lindane,0.001,LOQ
950,72513,35,RF-0406-001-PPP,Tecnazene,0.03,LOQ
951,72513,35,RF-0432-001-PPP,Triazophos,0.01,LOQ
952,72513,35,RF-0011-001-PPP,Abamectin (sum),0.005,LOQ
953,72513,35,RF-0238-001-PPP,HCH-alpha,0.002,LOQ
954,72513,35,RF-0075-002-PPP,Chlordane (sum),0.001,LOQ
955,72513,35,RF-0075-002-PPP,Chlordane (sum),0.001,LOQ
956,72513,35,RF-0155-001-PPP,Endosulfan (sum),0.001,LOQ
957,72513,35,RF-0187-006-PPP,Fenthion (sum),0.01,LOQ
958,72513,35,RF-0108-003-PPP,Cyfluthrin (sum),0.005,LOQ
959,72513,35,RF-0239-002-PPP,HCH-beta,0.002,LOQ
960,72513,35,RF-0237-001-PPP,Hexachlorobenzene,0.011,VAL
961,72513,35,RF-0021-003-PPP,Dieldrin (sum),0.001,LOQ
962,72513,35,RF-0842-001-PPP,Permethrin (sum),0.01,LOQ
963,72513,35,RF-0295-001-PPP,Methoxychlor,0.01,LOQ
964,72513,35,RF-0348-001-PPP,Pirimiphos-methyl (sum),0.003,LOQ
965,72513,35,RF-0156-001-PPP,Endrin,0.001,LOQ
966,72513,35,RF-0123-001-PPP,Diazinon,0.003,LOQ
967,72513,35,RF-0385-001-PPP,Resmethrin (sum),0.01,LOQ
968,72513,35,RF-0351-001-PPP,Profenofos,0.02,LOQ
969,72513,35,RF-0690-002-PPP,Fenvalerate/Esfenvalerate (sum),0.005,LOQ
970,72513,35,RF-0383-002-PPP,Quintozene (sum),0.01,LOQ
971,72513,35,RF-0088-001-PPP,Chlorpyrifos-methyl,0.004,LOQ
972,72513,35,RF-0112-001-PPP,Cypermethrin (sum),0.01,LOQ
973,72513,35,RF-0120-001-PPP,Deltamethrin,0.007,LOQ
974,72513,35,RF-0290-001-PPP,Methidathion,0.02,LOQ
975,72513,35,RF-0373-001-PPP,Pyrazophos,0.02,LOQ
976,72513,35,RF-0046-001-PPP,Bifenthrin (sum),0.005,LOQ
977,72513,35,RF-0236-004-PPP,Heptachlor (sum),0.001,LOQ
978,72513,35,RF-0082-001-PPP,Chlorobenzilate,0.03,LOQ
979,72513,35,RF-0087-001-PPP,Chlorpyrifos,0.002,LOQ
980,72513,35,RF-0327-001-PPP,Parathion,0.02,LOQ
981,72513,35,RF-0328-003-PPP,Parathion-methyl (sum),0.02,LOQ
982,72513,35,RF-0328-003-PPP,Parathion-methyl (sum),0.02,LOQ
983,74E91,1,RF-0263-001-PPP,Lindane,,LOQ
984,74E91,1,RF-0238-001-PPP,HCH-alpha,,LOQ
985,74E91,1,RF-0236-005-PPP,Heptachlor (sum),,LOQ
986,74E91,1,RF-0237-001-PPP,Hexachlorobenzene,,LOQ
987,74E91,1,RF-0236-001-PPP,Heptachlor (sum),,LOQ
988,74E91,1,RF-0236-004-PPP,Heptachlor (sum),,LOQ
989,74E91,1,RF-0119-007-PPP,DDT (sum),,LOQ
990,74E91,1,RF-0156-001-PPP,Endrin,,LOQ
991,74E91,1,RF-0119-004-PPP,DDT (sum),,LOQ
992,74E91,1,RF-0119-006-PPP,DDT (sum),,LOQ
993,74E91,1,RF-0119-002-PPP,DDT (sum),,LOQ
994,74E91,1,RF-0119-003-PPP,DDT (sum),,LOQ
995,74E91,1,RF-0075-004-PPP,Chlordane (sum),,LOQ
996,74E91,1,RF-0119-001-PPP,DDT (sum),,LOQ
997,74E91,1,RF-0075-005-PPP,Chlordane (sum),,LOQ
998,74E91,1,RF-0075-003-PPP,Chlordane (sum),,LOQ
999,74E91,1,RF-0021-002-PPP,Dieldrin (sum),,LOQ
1000,74E91,1,RF-0021-003-PPP,Dieldrin (sum),,LOQ
1001,74E91,1,RF-0239-002-PPP,HCH-beta,0.019,VAL
1002,74E91,1,RF-0021-001-PPP,Dieldrin (sum),,LOQ
1003,7775F,2,RF-0021-001-PPP,Dieldrin (sum),,LOQ
1004,7775F,2,RF-0348-001-PPP,Pirimiphos-methyl (sum),,LOQ
1005,7775F,2,RF-0075-005-PPP,Chlordane (sum),,LOQ
1006,7775F,2,RF-0108-001-PPP,Cyfluthrin (sum),,LOQ
1007,7775F,2,RF-0120-001-PPP,Deltamethrin,,LOQ
1008,7775F,2,RF-0087-001-PPP,Chlorpyrifos,,LOQ
1009,7775F,2,RF-0383-001-PPP,Quintozene (sum),,LOQ
1010,7775F,2,RF-0119-001-PPP,DDT (sum),0.0032,VAL
1011,7775F,2,RF-0653-001-PPP,Endrin ketone,,LOQ
1012,7775F,2,RF-0263-001-PPP,Lindane,,LOQ
1013,7775F,2,RF-0261-001-PPP,Lambda-Cyhalothrin (sum),,LOQ
1014,7775F,2,RF-0240-004-PPP,HCH (sum),,LOQ
1015,7775F,2,RF-0239-002-PPP,HCH-beta,0.001,VAL
1016,7775F,2,RF-0236-006-PPP,Heptachlor (sum of isomers),,LOQ
1017,7775F,2,RF-0331-001-PPP,Pendimethalin,,LOQ
1018,7775F,2,RF-0032-001-PPP,Azinphos-ethyl,,LOQ
1019,7775F,2,RF-0406-001-PPP,Tecnazene,,LOQ
1020,7775F,2,RF-0088-001-PPP,Chlorpyrifos-methyl,,LOQ
1021,7775F,2,RF-0187-001-PPP,Fenthion (sum),,LOQ
1022,7775F,2,RF-0156-001-PPP,Endrin,,LOQ
1023,7775F,2,RF-0432-001-PPP,Triazophos,,LOQ
1024,7775F,2,RF-0112-001-PPP,Cypermethrin (sum),,LOQ
1025,7775F,2,RF-0155-001-PPP,Endosulfan (sum),,LOQ
1026,7775F,2,RF-0161-001-PPP,Ethion,,LOQ
1027,7775F,2,RF-0290-001-PPP,Methidathion,,LOQ
1028,7775F,2,RF-0736-001-PPP,HCH (sum),,LOQ
1029,7775F,2,RF-0328-001-PPP,Parathion-methyl (sum),,LOQ
1030,7775F,2,RF-0238-001-PPP,HCH-alpha,,LOQ
1031,7775F,2,RF-0842-001-PPP,Permethrin (sum),,LOQ
1032,7775F,2,RF-0079-001-PPP,Chlorfenvinphos,,LOQ
1033,7775F,2,RF-0046-001-PPP,Bifenthrin (sum),,LOQ
1034,7775F,2,RF-0123-001-PPP,Diazinon,,LOQ
1035,7775F,2,RF-0236-001-PPP,Heptachlor (sum),,LOQ
1036,7775F,2,RF-0351-001-PPP,Profenofos,,LOQ
1037,7775F,2,RF-0515-001-PPP,Bromocyclen,,LOQ
1038,7775F,2,RF-0373-001-PPP,Pyrazophos,,LOQ
1039,7775F,2,RF-0295-001-PPP,Methoxychlor,,LOQ
1040,7775F,2,RF-0327-001-PPP,Parathion,,LOQ
1041,7775F,2,RF-0237-001-PPP,Hexachlorobenzene,,LOQ
1042,7A3BC,2,RF-0119-001-PPP,DDT (sum),0.004,VAL
1043,7A3BC,2,RF-0653-001-PPP,Endrin ketone,,LOQ
1044,7A3BC,2,RF-0690-004-PPP,Fenvalerate and Esfenvalerate (sum of isomers),,LOQ
1045,7A3BC,2,RF-0237-001-PPP,Hexachlorobenzene,0.003,VAL
1046,7A3BC,2,RF-0112-002-PPP,Cypermethrin (sum),,LOQ
1047,7A3BC,2,RF-0736-001-PPP,HCH (sum),,LOQ
1048,7A3BC,2,RF-0842-001-PPP,Permethrin (sum),,LOQ
1049,7A3BC,2,RF-0837-001-PPP,Pentachloroanisole,,LOQ
1050,7A3BC,2,RF-0075-005-PPP,Chlordane (sum),,LOQ
1051,7A3BC,2,RF-0263-001-PPP,Lindane,,LOQ
1052,7A3BC,2,RF-0156-001-PPP,Endrin,,LOQ
1053,7A3BC,2,RF-0690-005-PPP,Fenvalerate and Esfenvalerate (sum of isomers),,LOQ
1054,7A3BC,2,RF-0515-001-PPP,Bromocyclen,,LOQ
1055,7A3BC,2,RF-0120-001-PPP,Deltamethrin,,LOQ
1056,7A3BC,2,RF-0123-001-PPP,Diazinon,,LOQ
1057,7A3BC,2,RF-0238-001-PPP,HCH-alpha,,LOQ
1058,7A3BC,2,RF-0155-001-PPP,Endosulfan (sum),,LOQ
1059,7A3BC,2,RF-0406-001-PPP,Tecnazene,,LOQ
1060,7A3BC,2,RF-0311-001-PPP,Nitrofen,,LOQ
1061,7A3BC,2,RF-0797-001-PPP,Mirex,,LOQ
1062,7A3BC,2,RF-0108-001-PPP,Cyfluthrin (sum),,LOQ
1063,7A3BC,2,RF-0240-004-PPP,HCH (sum),,LOQ
1064,7A3BC,2,RF-0295-001-PPP,Methoxychlor,,LOQ
1065,7A3BC,2,RF-0866-001-PPP,Propetamphos,,LOQ
1066,7A3BC,2,RF-0112-001-PPP,Cypermethrin (sum),,LOQ
1067,7A3BC,2,RF-0239-002-PPP,HCH-beta,,LOQ
1068,7A3BC,2,RF-0021-001-PPP,Dieldrin (sum),,LOQ
1069,7A3BC,2,RF-0236-001-PPP,Heptachlor (sum),,LOQ
1070,7D4EA,35,RF-0032-001-PPP,Azinphos-ethyl,0.01,LOQ
1071,7D4EA,35,RF-0263-001-PPP,Lindane,0.001,LOQ
1072,7D4EA,35,RF-0059-001-PPP,Camphechlor (sum),0.002,LOQ
1073,7D4EA,35,RF-0432-001-PPP,Triazophos,0.01,LOQ
1074,7D4EA,35,RF-0119-001-PPP,DDT (sum),0.001,LOQ
1075,7D4EA,35,RF-0406-001-PPP,Tecnazene,0.03,LOQ
1076,7D4EA,35,RF-0011-001-PPP,Abamectin (sum),0.005,LOQ
1077,7D4EA,35,RF-0238-001-PPP,HCH-alpha,0.001,LOQ
1078,7D4EA,35,RF-0075-002-PPP,Chlordane (sum),0.001,LOQ
1079,7D4EA,35,RF-0075-002-PPP,Chlordane (sum),0.001,LOQ
1080,7D4EA,35,RF-0155-001-PPP,Endosulfan (sum),0.001,LOQ
1081,7D4EA,35,RF-0187-006-PPP,Fenthion (sum),0.01,LOQ
1082,7D4EA,35,RF-0108-003-PPP,Cyfluthrin (sum),0.005,LOQ
1083,7D4EA,35,RF-0239-002-PPP,HCH-beta,0.001,LOQ
1084,7D4EA,35,RF-0237-001-PPP,Hexachlorobenzene,0.001,LOQ
1085,7D4EA,35,RF-0021-003-PPP,Dieldrin (sum),0.001,LOQ
1086,7D4EA,35,RF-0842-001-PPP,Permethrin (sum),0.01,LOQ
1087,7D4EA,35,RF-0295-001-PPP,Methoxychlor,0.01,LOQ
1088,7D4EA,35,RF-0348-001-PPP,Pirimiphos-methyl (sum),0.003,LOQ
1089,7D4EA,35,RF-0156-001-PPP,Endrin,0.0002,LOQ
1090,7D4EA,35,RF-0123-001-PPP,Diazinon,0.003,LOQ
1091,7D4EA,35,RF-0385-001-PPP,Resmethrin (sum),0.01,LOQ
1092,7D4EA,35,RF-0351-001-PPP,Profenofos,0.02,LOQ
1093,7D4EA,35,RF-0088-001-PPP,Chlorpyrifos-methyl,0.004,LOQ
1094,7D4EA,35,RF-0690-002-PPP,Fenvalerate/Esfenvalerate (sum),0.005,LOQ
1095,7D4EA,35,RF-0120-001-PPP,Deltamethrin,0.005,LOQ
1096,7D4EA,35,RF-0383-002-PPP,Quintozene (sum),0.01,LOQ
1097,7D4EA,35,RF-0373-001-PPP,Pyrazophos,0.02,LOQ
1098,7D4EA,35,RF-0112-001-PPP,Cypermethrin (sum),0.005,LOQ
1099,7D4EA,35,RF-0236-004-PPP,Heptachlor (sum),0.001,LOQ
1100,7D4EA,35,RF-0290-001-PPP,Methidathion,0.02,LOQ
1101,7D4EA,35,RF-0087-001-PPP,Chlorpyrifos,0.002,LOQ
1102,7D4EA,35,RF-0046-001-PPP,Bifenthrin (sum),0.005,LOQ
1103,7D4EA,35,RF-0328-003-PPP,Parathion-methyl (sum),0.02,LOQ
1104,7D4EA,35,RF-0328-003-PPP,Parathion-methyl (sum),0.02,LOQ
1105,7D4EA,35,RF-0082-001-PPP,Chlorobenzilate,0.03,LOQ
1106,7D4EA,35,RF-0327-001-PPP,Parathion,0.02,LOQ
1107,85EA5,2,RF-0263-001-PPP,Lindane,,LOQ
1108,85EA5,2,RF-0237-001-PPP,Hexachlorobenzene,0.004,VAL
1109,85EA5,2,RF-0311-001-PPP,Nitrofen,,LOQ
1110,85EA5,2,RF-0120-001-PPP,Deltamethrin,,LOQ
1111,85EA5,2,RF-0866-001-PPP,Propetamphos,,LOQ
1112,85EA5,2,RF-0236-001-PPP,Heptachlor (sum),,LOQ
1113,85EA5,2,RF-0295-001-PPP,Methoxychlor,,LOQ
1114,85EA5,2,RF-0736-001-PPP,HCH (sum),,LOQ
1115,85EA5,2,RF-0021-001-PPP,Dieldrin (sum),,LOQ
1116,85EA5,2,RF-0653-001-PPP,Endrin ketone,,LOQ
1117,85EA5,2,RF-0690-004-PPP,Fenvalerate and Esfenvalerate (sum of isomers),,LOQ
1118,85EA5,2,RF-0108-001-PPP,Cyfluthrin (sum),,LOQ
1119,85EA5,2,RF-0240-004-PPP,HCH (sum),,LOQ
1120,85EA5,2,RF-0123-001-PPP,Diazinon,,LOQ
1121,85EA5,2,RF-0112-001-PPP,Cypermethrin (sum),,LOQ
1122,85EA5,2,RF-0406-001-PPP,Tecnazene,,LOQ
1123,85EA5,2,RF-0515-001-PPP,Bromocyclen,,LOQ
1124,85EA5,2,RF-0842-001-PPP,Permethrin (sum),,LOQ
1125,85EA5,2,RF-0112-002-PPP,Cypermethrin (sum),,LOQ
1126,85EA5,2,RF-0239-002-PPP,HCH-beta,,LOQ
1127,85EA5,2,RF-0075-005-PPP,Chlordane (sum),,LOQ
1128,85EA5,2,RF-0156-001-PPP,Endrin,,LOQ
1129,85EA5,2,RF-0690-005-PPP,Fenvalerate and Esfenvalerate (sum of isomers),,LOQ
1130,85EA5,2,RF-0155-001-PPP,Endosulfan (sum),,LOQ
1131,85EA5,2,RF-0837-001-PPP,Pentachloroanisole,,LOQ
1132,85EA5,2,RF-0238-001-PPP,HCH-alpha,,LOQ
1133,85EA5,2,RF-0797-001-PPP,Mirex,,LOQ
1134,85EA5,2,RF-0119-001-PPP,DDT (sum),0.003,VAL
1135,9057C,2,RF-0837-001-PPP,Pentachloroanisole,,LOQ
1136,9057C,2,RF-0842-001-PPP,Permethrin (sum),,LOQ
1137,9057C,2,RF-0120-001-PPP,Deltamethrin,,LOQ
1138,9057C,2,RF-0238-001-PPP,HCH-alpha,,LOQ
1139,9057C,2,RF-0112-001-PPP,Cypermethrin (sum),,LOQ
1140,9057C,2,RF-0021-001-PPP,Dieldrin (sum),,LOQ
1141,9057C,2,RF-0112-002-PPP,Cypermethrin (sum),,LOQ
1142,9057C,2,RF-0311-001-PPP,Nitrofen,,LOQ
1143,9057C,2,RF-0263-001-PPP,Lindane,,LOQ
1144,9057C,2,RF-0653-001-PPP,Endrin ketone,,LOQ
1145,9057C,2,RF-0123-001-PPP,Diazinon,,LOQ
1146,9057C,2,RF-0406-001-PPP,Tecnazene,,LOQ
1147,9057C,2,RF-0075-005-PPP,Chlordane (sum),,LOQ
1148,9057C,2,RF-0108-001-PPP,Cyfluthrin (sum),,LOQ
1149,9057C,2,RF-0736-001-PPP,HCH (sum),,LOQ
1150,9057C,2,RF-0797-001-PPP,Mirex,,LOQ
1151,9057C,2,RF-0240-004-PPP,HCH (sum),,LOQ
1152,9057C,2,RF-0119-001-PPP,DDT (sum),0.001,VAL
1153,9057C,2,RF-0237-001-PPP,Hexachlorobenzene,0.002,VAL
1154,9057C,2,RF-0236-001-PPP,Heptachlor (sum),,LOQ
1155,9057C,2,RF-0239-002-PPP,HCH-beta,,LOQ
1156,9057C,2,RF-0515-001-PPP,Bromocyclen,,LOQ
1157,9057C,2,RF-0690-004-PPP,Fenvalerate and Esfenvalerate (sum of isomers),,LOQ
1158,9057C,2,RF-0155-001-PPP,Endosulfan (sum),,LOQ
1159,9057C,2,RF-0156-001-PPP,Endrin,,LOQ
1160,9057C,2,RF-0295-001-PPP,Methoxychlor,,LOQ
1161,9057C,2,RF-0866-001-PPP,Propetamphos,,LOQ
1162,9057C,2,RF-0690-005-PPP,Fenvalerate and Esfenvalerate (sum of isomers),,LOQ
1163,96AC9,3,RF-0263-001-PPP,Lindane,,LOQ
1164,96AC9,3,RF-0237-001-PPP,Hexachlorobenzene,,LOQ
1165,96AC9,3,RF-0238-001-PPP,HCH-alpha,,LOQ
1166,96AC9,3,RF-0236-001-PPP,Heptachlor (sum),0.01807,VAL
1167,96AC9,3,RF-0236-004-PPP,Heptachlor (sum),,LOQ
1168,96AC9,3,RF-0119-007-PPP,DDT (sum),,LOQ
1169,96AC9,3,RF-0156-001-PPP,Endrin,,LOQ
1170,96AC9,3,RF-0119-004-PPP,DDT (sum),,LOQ
1171,96AC9,3,RF-0119-006-PPP,DDT (sum),,LOQ
1172,96AC9,3,RF-0119-002-PPP,DDT (sum),,LOQ
1173,96AC9,3,RF-0119-003-PPP,DDT (sum),,LOQ
1174,96AC9,3,RF-0075-004-PPP,Chlordane (sum),,LOQ
1175,96AC9,3,RF-0119-001-PPP,DDT (sum),,LOQ
1176,96AC9,3,RF-0075-005-PPP,Chlordane (sum),,LOQ
1177,96AC9,3,RF-0075-003-PPP,Chlordane (sum),,LOQ
1178,96AC9,3,RF-0021-002-PPP,Dieldrin (sum),,LOQ
1179,96AC9,3,RF-0021-003-PPP,Dieldrin (sum),,LOQ
1180,96AC9,3,RF-0021-001-PPP,Dieldrin (sum),,LOQ
1181,96AC9,3,RF-0239-002-PPP,HCH-beta,0.02057,VAL
1182,96AC9,3,RF-0236-005-PPP,Heptachlor (sum),0.01807,VAL
1183,97D20,3,RF-0736-001-PPP,HCH (sum),,LOQ
1184,97D20,3,RF-0797-001-PPP,Mirex,,LOQ
1185,97D20,3,RF-0123-001-PPP,Diazinon,,LOQ
1186,97D20,3,RF-0515-001-PPP,Bromocyclen,,LOQ
1187,97D20,3,RF-0112-001-PPP,Cypermethrin (sum),,LOQ
1188,97D20,3,RF-0237-001-PPP,Hexachlorobenzene,0.003,VAL
1189,97D20,3,RF-0263-001-PPP,Lindane,0.001,VAL
1190,97D20,3,RF-0653-001-PPP,Endrin ketone,,LOQ
1191,97D20,3,RF-0119-001-PPP,DDT (sum),0.003,VAL
1192,97D20,3,RF-0236-001-PPP,Heptachlor (sum),,LOQ
1193,97D20,3,RF-0406-001-PPP,Tecnazene,,LOQ
1194,97D20,3,RF-0112-002-PPP,Cypermethrin (sum),,LOQ
1195,97D20,3,RF-0842-001-PPP,Permethrin (sum),,LOQ
1196,97D20,3,RF-0837-001-PPP,Pentachloroanisole,,LOQ
1197,97D20,3,RF-0690-004-PPP,Fenvalerate and Esfenvalerate (sum of isomers),,LOQ
1198,97D20,3,RF-0311-001-PPP,Nitrofen,,LOQ
1199,97D20,3,RF-0295-001-PPP,Methoxychlor,,LOQ
1200,97D20,3,RF-0238-001-PPP,HCH-alpha,,LOQ
1201,97D20,3,RF-0240-004-PPP,HCH (sum),,LOQ
1202,97D20,3,RF-0021-001-PPP,Dieldrin (sum),,LOQ
1203,97D20,3,RF-0866-001-PPP,Propetamphos,,LOQ
1204,97D20,3,RF-0120-001-PPP,Deltamethrin,,LOQ
1205,97D20,3,RF-0075-005-PPP,Chlordane (sum),,LOQ
1206,97D20,3,RF-0155-001-PPP,Endosulfan (sum),,LOQ
1207,97D20,3,RF-0156-001-PPP,Endrin,,LOQ
1208,97D20,3,RF-0108-001-PPP,Cyfluthrin (sum),,LOQ
1209,97D20,3,RF-0690-005-PPP,Fenvalerate and Esfenvalerate (sum of isomers),,LOQ
1210,97D20,3,RF-0239-002-PPP,HCH-beta,,LOQ
1211,9C546,35,RF-0112-001-PPP,Cypermethrin (sum),0.01,LOQ
1212,9C546,35,RF-0120-001-PPP,Deltamethrin,0.007,LOQ
1213,9C546,35,RF-0290-001-PPP,Methidathion,0.02,LOQ
1214,9C546,35,RF-0373-001-PPP,Pyrazophos,0.02,LOQ
1215,9C546,35,RF-0236-004-PPP,Heptachlor (sum),0.001,LOQ
1216,9C546,35,RF-0046-001-PPP,Bifenthrin (sum),0.005,LOQ
1217,9C546,35,RF-0082-001-PPP,Chlorobenzilate,0.03,LOQ
1218,9C546,35,RF-0087-001-PPP,Chlorpyrifos,0.002,LOQ
1219,9C546,35,RF-0328-003-PPP,Parathion-methyl (sum),0.02,LOQ
1220,9C546,35,RF-0328-003-PPP,Parathion-methyl (sum),0.02,LOQ
1221,9C546,35,RF-0327-001-PPP,Parathion,0.02,LOQ
1222,9C546,35,RF-0032-001-PPP,Azinphos-ethyl,0.01,LOQ
1223,9C546,35,RF-0263-001-PPP,Lindane,0.001,LOQ
1224,9C546,35,RF-0059-001-PPP,Camphechlor (sum),0.002,LOQ
1225,9C546,35,RF-0119-001-PPP,DDT (sum),0.023,VAL
1226,9C546,35,RF-0406-001-PPP,Tecnazene,0.03,LOQ
1227,9C546,35,RF-0432-001-PPP,Triazophos,0.01,LOQ
1228,9C546,35,RF-0011-001-PPP,Abamectin (sum),0.005,LOQ
1229,9C546,35,RF-0238-001-PPP,HCH-alpha,0.002,LOQ
1230,9C546,35,RF-0075-002-PPP,Chlordane (sum),0.001,LOQ
1231,9C546,35,RF-0075-002-PPP,Chlordane (sum),0.001,LOQ
1232,9C546,35,RF-0155-001-PPP,Endosulfan (sum),0.001,LOQ
1233,9C546,35,RF-0187-006-PPP,Fenthion (sum),0.01,LOQ
1234,9C546,35,RF-0108-003-PPP,Cyfluthrin (sum),0.005,LOQ
1235,9C546,35,RF-0239-002-PPP,HCH-beta,0.002,LOQ
1236,9C546,35,RF-0237-001-PPP,Hexachlorobenzene,0.012,VAL
1237,9C546,35,RF-0842-001-PPP,Permethrin (sum),0.01,LOQ
1238,9C546,35,RF-0021-003-PPP,Dieldrin (sum),0.001,LOQ
1239,9C546,35,RF-0295-001-PPP,Methoxychlor,0.01,LOQ
1240,9C546,35,RF-0348-001-PPP,Pirimiphos-methyl (sum),0.003,LOQ
1241,9C546,35,RF-0156-001-PPP,Endrin,0.001,LOQ
1242,9C546,35,RF-0123-001-PPP,Diazinon,0.003,LOQ
1243,9C546,35,RF-0385-001-PPP,Resmethrin (sum),0.01,LOQ
1244,9C546,35,RF-0351-001-PPP,Profenofos,0.02,LOQ
1245,9C546,35,RF-0088-001-PPP,Chlorpyrifos-methyl,0.004,LOQ
1246,9C546,35,RF-0690-002-PPP,Fenvalerate/Esfenvalerate (sum),0.005,LOQ
1247,9C546,35,RF-0383-002-PPP,Quintozene (sum),0.01,LOQ
1248,9CDAD,1,RF-0238-001-PPP,HCH-alpha,,LOQ
1249,9CDAD,1,RF-0348-001-PPP,Pirimiphos-methyl (sum),,LOQ
1250,9CDAD,1,RF-0119-001-PPP,DDT (sum),0.0046,VAL
1251,9CDAD,1,RF-0406-001-PPP,Tecnazene,,LOQ
1252,9CDAD,1,RF-0046-001-PPP,Bifenthrin (sum),,LOQ
1253,9CDAD,1,RF-0373-001-PPP,Pyrazophos,,LOQ
1254,9CDAD,1,RF-0108-003-PPP,Cyfluthrin (sum),,LOQ
1255,9CDAD,1,RF-0155-001-PPP,Endosulfan (sum),,LOQ
1256,9CDAD,1,RF-0690-004-PPP,Fenvalerate and Esfenvalerate (sum of isomers),,LOQ
1257,9CDAD,1,RF-0108-001-PPP,Cyfluthrin (sum),,LOQ
1258,9CDAD,1,RF-0156-001-PPP,Endrin,,LOQ
1259,9CDAD,1,RF-0240-004-PPP,HCH (sum),,LOQ
1260,9CDAD,1,RF-0237-001-PPP,Hexachlorobenzene,,LOQ
1261,9CDAD,1,RF-0187-001-PPP,Fenthion (sum),,LOQ
1262,9CDAD,1,RF-0236-001-PPP,Heptachlor (sum),,LOQ
1263,9CDAD,1,RF-0331-001-PPP,Pendimethalin,,LOQ
1264,9CDAD,1,RF-0327-001-PPP,Parathion,,LOQ
1265,9CDAD,1,RF-0290-001-PPP,Methidathion,,LOQ
1266,9CDAD,1,RF-0112-001-PPP,Cypermethrin (sum),,LOQ
1267,9CDAD,1,RF-0261-001-PPP,Lambda-Cyhalothrin (sum),,LOQ
1268,9CDAD,1,RF-0075-005-PPP,Chlordane (sum),,LOQ
1269,9CDAD,1,RF-0087-001-PPP,Chlorpyrifos,,LOQ
1270,9CDAD,1,RF-0351-001-PPP,Profenofos,,LOQ
1271,9CDAD,1,RF-0236-006-PPP,Heptachlor (sum of isomers),,LOQ
1272,9CDAD,1,RF-0239-002-PPP,HCH-beta,,LOQ
1273,9CDAD,1,RF-0432-001-PPP,Triazophos,,LOQ
1274,9CDAD,1,RF-0383-001-PPP,Quintozene (sum),,LOQ
1275,9CDAD,1,RF-0328-001-PPP,Parathion-methyl (sum),,LOQ
1276,9CDAD,1,RF-0161-001-PPP,Ethion,,LOQ
1277,9CDAD,1,RF-0690-005-PPP,Fenvalerate and Esfenvalerate (sum of isomers),,LOQ
1278,9CDAD,1,RF-0079-001-PPP,Chlorfenvinphos,,LOQ
1279,9CDAD,1,RF-0120-001-PPP,Deltamethrin,,LOQ
1280,9CDAD,1,RF-0123-001-PPP,Diazinon,,LOQ
1281,9CDAD,1,RF-0515-001-PPP,Bromocyclen,,LOQ
1282,9CDAD,1,RF-0653-001-PPP,Endrin ketone,,LOQ
1283,9CDAD,1,RF-0295-001-PPP,Methoxychlor,,LOQ
1284,9CDAD,1,RF-0088-001-PPP,Chlorpyrifos-methyl,,LOQ
1285,9CDAD,1,RF-0263-001-PPP,Lindane,,LOQ
1286,9CDAD,1,RF-0032-001-PPP,Azinphos-ethyl,,LOQ
1287,9CDAD,1,RF-0736-001-PPP,HCH (sum),,LOQ
1288,9CDAD,1,RF-0021-001-PPP,Dieldrin (sum),,LOQ
1289,9CDAD,1,RF-0842-001-PPP,Permethrin (sum),,LOQ
1290,A5A85,35,RF-0059-001-PPP,Camphechlor (sum),0.002,LOQ
1291,A5A85,35,RF-0032-001-PPP,Azinphos-ethyl,0.01,LOQ
1292,A5A85,35,RF-0119-001-PPP,DDT (sum),0.029,VAL
1293,A5A85,35,RF-0263-001-PPP,Lindane,0.001,LOQ
1294,A5A85,35,RF-0406-001-PPP,Tecnazene,0.03,LOQ
1295,A5A85,35,RF-0432-001-PPP,Triazophos,0.01,LOQ
1296,A5A85,35,RF-0011-001-PPP,Abamectin (sum),0.005,LOQ
1297,A5A85,35,RF-0238-001-PPP,HCH-alpha,0.002,LOQ
1298,A5A85,35,RF-0075-002-PPP,Chlordane (sum),0.001,LOQ
1299,A5A85,35,RF-0075-002-PPP,Chlordane (sum),0.001,LOQ
1300,A5A85,35,RF-0155-001-PPP,Endosulfan (sum),0.001,LOQ
1301,A5A85,35,RF-0187-006-PPP,Fenthion (sum),0.01,LOQ
1302,A5A85,35,RF-0108-003-PPP,Cyfluthrin (sum),0.005,LOQ
1303,A5A85,35,RF-0239-002-PPP,HCH-beta,0.002,LOQ
1304,A5A85,35,RF-0237-001-PPP,Hexachlorobenzene,0.015,VAL
1305,A5A85,35,RF-0842-001-PPP,Permethrin (sum),0.01,LOQ
1306,A5A85,35,RF-0021-003-PPP,Dieldrin (sum),0.001,LOQ
1307,A5A85,35,RF-0295-001-PPP,Methoxychlor,0.01,LOQ
1308,A5A85,35,RF-0348-001-PPP,Pirimiphos-methyl (sum),0.003,LOQ
1309,A5A85,35,RF-0156-001-PPP,Endrin,0.001,LOQ
1310,A5A85,35,RF-0123-001-PPP,Diazinon,0.003,LOQ
1311,A5A85,35,RF-0385-001-PPP,Resmethrin (sum),0.01,LOQ
1312,A5A85,35,RF-0351-001-PPP,Profenofos,0.02,LOQ
1313,A5A85,35,RF-0088-001-PPP,Chlorpyrifos-methyl,0.004,LOQ
1314,A5A85,35,RF-0690-002-PPP,Fenvalerate/Esfenvalerate (sum),0.005,LOQ
1315,A5A85,35,RF-0120-001-PPP,Deltamethrin,0.007,LOQ
1316,A5A85,35,RF-0383-002-PPP,Quintozene (sum),0.01,LOQ
1317,A5A85,35,RF-0373-001-PPP,Pyrazophos,0.02,LOQ
1318,A5A85,35,RF-0112-001-PPP,Cypermethrin (sum),0.01,LOQ
1319,A5A85,35,RF-0236-004-PPP,Heptachlor (sum),0.001,LOQ
1320,A5A85,35,RF-0290-001-PPP,Methidathion,0.02,LOQ
1321,A5A85,35,RF-0046-001-PPP,Bifenthrin (sum),0.005,LOQ
1322,A5A85,35,RF-0082-001-PPP,Chlorobenzilate,0.03,LOQ
1323,A5A85,35,RF-0087-001-PPP,Chlorpyrifos,0.002,LOQ
1324,A5A85,35,RF-0327-001-PPP,Parathion,0.02,LOQ
1325,A5A85,35,RF-0328-003-PPP,Parathion-methyl (sum),0.02,LOQ
1326,A5A85,35,RF-0328-003-PPP,Parathion-methyl (sum),0.02,LOQ
1327,ABD23,1,RF-0263-001-PPP,Lindane,,LOQ
1328,ABD23,1,RF-0238-001-PPP,HCH-alpha,,LOQ
1329,ABD23,1,RF-0237-001-PPP,Hexachlorobenzene,,LOQ
1330,ABD23,1,RF-0236-005-PPP,Heptachlor (sum),,LOQ
1331,ABD23,1,RF-0236-004-PPP,Heptachlor (sum),,LOQ
1332,ABD23,1,RF-0236-001-PPP,Heptachlor (sum),,LOQ
1333,ABD23,1,RF-0156-001-PPP,Endrin,,LOQ
1334,ABD23,1,RF-0119-007-PPP,DDT (sum),,LOQ
1335,ABD23,1,RF-0119-004-PPP,DDT (sum),,LOQ
1336,ABD23,1,RF-0119-006-PPP,DDT (sum),,LOQ
1337,ABD23,1,RF-0119-003-PPP,DDT (sum),,LOQ
1338,ABD23,1,RF-0119-002-PPP,DDT (sum),,LOQ
1339,ABD23,1,RF-0119-001-PPP,DDT (sum),,LOQ
1340,ABD23,1,RF-0075-004-PPP,Chlordane (sum),,LOQ
1341,ABD23,1,RF-0075-003-PPP,Chlordane (sum),,LOQ
1342,ABD23,1,RF-0075-005-PPP,Chlordane (sum),,LOQ
1343,ABD23,1,RF-0021-003-PPP,Dieldrin (sum),,LOQ
1344,ABD23,1,RF-0021-002-PPP,Dieldrin (sum),,LOQ
1345,ABD23,1,RF-0021-001-PPP,Dieldrin (sum),,LOQ
1346,ABD23,1,RF-0239-002-PPP,HCH-beta,0.02,VAL
1347,B0769,1,RF-0021-001-PPP,Dieldrin (sum),,LOQ
1348,B0769,1,RF-0236-006-PPP,Heptachlor (sum of isomers),,LOQ
1349,B0769,1,RF-0295-001-PPP,Methoxychlor,,LOQ
1350,B0769,1,RF-0156-001-PPP,Endrin,,LOQ
1351,B0769,1,RF-0046-001-PPP,Bifenthrin (sum),,LOQ
1352,B0769,1,RF-0079-001-PPP,Chlorfenvinphos,,LOQ
1353,B0769,1,RF-0261-001-PPP,Lambda-Cyhalothrin (sum),,LOQ
1354,B0769,1,RF-0108-001-PPP,Cyfluthrin (sum),,LOQ
1355,B0769,1,RF-0237-001-PPP,Hexachlorobenzene,,LOQ
1356,B0769,1,RF-0112-001-PPP,Cypermethrin (sum),,LOQ
1357,B0769,1,RF-0161-001-PPP,Ethion,,LOQ
1358,B0769,1,RF-0120-001-PPP,Deltamethrin,,LOQ
1359,B0769,1,RF-0331-001-PPP,Pendimethalin,,LOQ
1360,B0769,1,RF-0327-001-PPP,Parathion,,LOQ
1361,B0769,1,RF-0155-001-PPP,Endosulfan (sum),,LOQ
1362,B0769,1,RF-0187-001-PPP,Fenthion (sum),,LOQ
1363,B0769,1,RF-0736-001-PPP,HCH (sum),,LOQ
1364,B0769,1,RF-0032-001-PPP,Azinphos-ethyl,,LOQ
1365,B0769,1,RF-0119-001-PPP,DDT (sum),0.0017,VAL
1366,B0769,1,RF-0351-001-PPP,Profenofos,,LOQ
1367,B0769,1,RF-0263-001-PPP,Lindane,,LOQ
1368,B0769,1,RF-0432-001-PPP,Triazophos,,LOQ
1369,B0769,1,RF-0653-001-PPP,Endrin ketone,,LOQ
1370,B0769,1,RF-0842-001-PPP,Permethrin (sum),,LOQ
1371,B0769,1,RF-0240-004-PPP,HCH (sum),,LOQ
1372,B0769,1,RF-0123-001-PPP,Diazinon,,LOQ
1373,B0769,1,RF-0087-001-PPP,Chlorpyrifos,,LOQ
1374,B0769,1,RF-0373-001-PPP,Pyrazophos,,LOQ
1375,B0769,1,RF-0690-004-PPP,Fenvalerate and Esfenvalerate (sum of isomers),,LOQ
1376,B0769,1,RF-0515-001-PPP,Bromocyclen,,LOQ
1377,B0769,1,RF-0290-001-PPP,Methidathion,,LOQ
1378,B0769,1,RF-0088-001-PPP,Chlorpyrifos-methyl,,LOQ
1379,B0769,1,RF-0348-001-PPP,Pirimiphos-methyl (sum),,LOQ
1380,B0769,1,RF-0236-001-PPP,Heptachlor (sum),,LOQ
1381,B0769,1,RF-0328-001-PPP,Parathion-methyl (sum),,LOQ
1382,B0769,1,RF-0075-005-PPP,Chlordane (sum),,LOQ
1383,B0769,1,RF-0406-001-PPP,Tecnazene,,LOQ
1384,B0769,1,RF-0239-002-PPP,HCH-beta,,LOQ
1385,B0769,1,RF-0383-001-PPP,Quintozene (sum),,LOQ
1386,B0769,1,RF-0690-005-PPP,Fenvalerate and Esfenvalerate (sum of isomers),,LOQ
1387,B0769,1,RF-0238-001-PPP,HCH-alpha,,LOQ
1388,B24A3,2,RF-0112-002-PPP,Cypermethrin (sum),,LOQ
1389,B24A3,2,RF-0156-001-PPP,Endrin,,LOQ
1390,B24A3,2,RF-0112-001-PPP,Cypermethrin (sum),,LOQ
1391,B24A3,2,RF-0797-001-PPP,Mirex,,LOQ
1392,B24A3,2,RF-0263-001-PPP,Lindane,,LOQ
1393,B24A3,2,RF-0653-001-PPP,Endrin ketone,,LOQ
1394,B24A3,2,RF-0123-001-PPP,Diazinon,,LOQ
1395,B24A3,2,RF-0866-001-PPP,Propetamphos,,LOQ
1396,B24A3,2,RF-0295-001-PPP,Methoxychlor,,LOQ
1397,B24A3,2,RF-0155-001-PPP,Endosulfan (sum),,LOQ
1398,B24A3,2,RF-0240-004-PPP,HCH (sum),,LOQ
1399,B24A3,2,RF-0239-002-PPP,HCH-beta,,LOQ
1400,B24A3,2,RF-0119-001-PPP,DDT (sum),0.003,VAL
1401,B24A3,2,RF-0108-001-PPP,Cyfluthrin (sum),,LOQ
1402,B24A3,2,RF-0236-001-PPP,Heptachlor (sum),,LOQ
1403,B24A3,2,RF-0842-001-PPP,Permethrin (sum),,LOQ
1404,B24A3,2,RF-0237-001-PPP,Hexachlorobenzene,0.004,VAL
1405,B24A3,2,RF-0238-001-PPP,HCH-alpha,,LOQ
1406,B24A3,2,RF-0690-004-PPP,Fenvalerate and Esfenvalerate (sum of isomers),,LOQ
1407,B24A3,2,RF-0021-001-PPP,Dieldrin (sum),,LOQ
1408,B24A3,2,RF-0736-001-PPP,HCH (sum),,LOQ
1409,B24A3,2,RF-0690-005-PPP,Fenvalerate and Esfenvalerate (sum of isomers),,LOQ
1410,B24A3,2,RF-0075-005-PPP,Chlordane (sum),,LOQ
1411,B24A3,2,RF-0515-001-PPP,Bromocyclen,,LOQ
1412,B24A3,2,RF-0311-001-PPP,Nitrofen,,LOQ
1413,B24A3,2,RF-0406-001-PPP,Tecnazene,,LOQ
1414,B24A3,2,RF-0120-001-PPP,Deltamethrin,,LOQ
1415,B24A3,2,RF-0837-001-PPP,Pentachloroanisole,,LOQ
1416,C1273,2,RF-0311-001-PPP,Nitrofen,,LOQ
1417,C1273,2,RF-0075-005-PPP,Chlordane (sum),,LOQ
1418,C1273,2,RF-0295-001-PPP,Methoxychlor,,LOQ
1419,C1273,2,RF-0240-004-PPP,HCH (sum),,LOQ
1420,C1273,2,RF-0406-001-PPP,Tecnazene,,LOQ
1421,C1273,2,RF-0515-001-PPP,Bromocyclen,,LOQ
1422,C1273,2,RF-0842-001-PPP,Permethrin (sum),,LOQ
1423,C1273,2,RF-0236-001-PPP,Heptachlor (sum),,LOQ
1424,C1273,2,RF-0156-001-PPP,Endrin,,LOQ
1425,C1273,2,RF-0021-001-PPP,Dieldrin (sum),,LOQ
1426,C1273,2,RF-0690-004-PPP,Fenvalerate and Esfenvalerate (sum of isomers),,LOQ
1427,C1273,2,RF-0239-002-PPP,HCH-beta,,LOQ
1428,C1273,2,RF-0653-001-PPP,Endrin ketone,,LOQ
1429,C1273,2,RF-0120-001-PPP,Deltamethrin,,LOQ
1430,C1273,2,RF-0112-002-PPP,Cypermethrin (sum),,LOQ
1431,C1273,2,RF-0119-001-PPP,DDT (sum),0.002,VAL
1432,C1273,2,RF-0112-001-PPP,Cypermethrin (sum),,LOQ
1433,C1273,2,RF-0237-001-PPP,Hexachlorobenzene,0.003,VAL
1434,C1273,2,RF-0123-001-PPP,Diazinon,,LOQ
1435,C1273,2,RF-0155-001-PPP,Endosulfan (sum),,LOQ
1436,C1273,2,RF-0797-001-PPP,Mirex,,LOQ
1437,C1273,2,RF-0690-005-PPP,Fenvalerate and Esfenvalerate (sum of isomers),,LOQ
1438,C1273,2,RF-0238-001-PPP,HCH-alpha,,LOQ
1439,C1273,2,RF-0108-001-PPP,Cyfluthrin (sum),,LOQ
1440,C1273,2,RF-0736-001-PPP,HCH (sum),,LOQ
1441,C1273,2,RF-0837-001-PPP,Pentachloroanisole,,LOQ
1442,C1273,2,RF-0866-001-PPP,Propetamphos,,LOQ
1443,C1273,2,RF-0263-001-PPP,Lindane,,LOQ
1444,C2601,35,RF-0108-003-PPP,Cyfluthrin (sum),0.005,LOQ
1445,C2601,35,RF-0075-002-PPP,Chlordane (sum),0.001,LOQ
1446,C2601,35,RF-0075-002-PPP,Chlordane (sum),0.001,LOQ
1447,C2601,35,RF-0187-006-PPP,Fenthion (sum),0.01,LOQ
1448,C2601,35,RF-0239-002-PPP,HCH-beta,0.002,LOQ
1449,C2601,35,RF-0237-001-PPP,Hexachlorobenzene,0.01,VAL
1450,C2601,35,RF-0021-003-PPP,Dieldrin (sum),0.001,LOQ
1451,C2601,35,RF-0842-001-PPP,Permethrin (sum),0.01,LOQ
1452,C2601,35,RF-0295-001-PPP,Methoxychlor,0.01,LOQ
1453,C2601,35,RF-0348-001-PPP,Pirimiphos-methyl (sum),0.003,LOQ
1454,C2601,35,RF-0123-001-PPP,Diazinon,0.003,LOQ
1455,C2601,35,RF-0351-001-PPP,Profenofos,0.02,LOQ
1456,C2601,35,RF-0156-001-PPP,Endrin,0.001,LOQ
1457,C2601,35,RF-0690-002-PPP,Fenvalerate/Esfenvalerate (sum),0.005,LOQ
1458,C2601,35,RF-0385-001-PPP,Resmethrin (sum),0.01,LOQ
1459,C2601,35,RF-0383-002-PPP,Quintozene (sum),0.01,LOQ
1460,C2601,35,RF-0088-001-PPP,Chlorpyrifos-methyl,0.004,LOQ
1461,C2601,35,RF-0112-001-PPP,Cypermethrin (sum),0.01,LOQ
1462,C2601,35,RF-0120-001-PPP,Deltamethrin,0.007,LOQ
1463,C2601,35,RF-0373-001-PPP,Pyrazophos,0.02,LOQ
1464,C2601,35,RF-0236-004-PPP,Heptachlor (sum),0.001,LOQ
1465,C2601,35,RF-0290-001-PPP,Methidathion,0.02,LOQ
1466,C2601,35,RF-0087-001-PPP,Chlorpyrifos,0.002,LOQ
1467,C2601,35,RF-0046-001-PPP,Bifenthrin (sum),0.005,LOQ
1468,C2601,35,RF-0328-003-PPP,Parathion-methyl (sum),0.02,LOQ
1469,C2601,35,RF-0328-003-PPP,Parathion-methyl (sum),0.02,LOQ
1470,C2601,35,RF-0082-001-PPP,Chlorobenzilate,0.03,LOQ
1471,C2601,35,RF-0327-001-PPP,Parathion,0.02,LOQ
1472,C2601,35,RF-0032-001-PPP,Azinphos-ethyl,0.01,LOQ
1473,C2601,35,RF-0263-001-PPP,Lindane,0.001,LOQ
1474,C2601,35,RF-0059-001-PPP,Camphechlor (sum),0.002,LOQ
1475,C2601,35,RF-0432-001-PPP,Triazophos,0.01,LOQ
1476,C2601,35,RF-0119-001-PPP,DDT (sum),0.019,VAL
1477,C2601,35,RF-0238-001-PPP,HCH-alpha,0.002,LOQ
1478,C2601,35,RF-0406-001-PPP,Tecnazene,0.03,LOQ
1479,C2601,35,RF-0155-001-PPP,Endosulfan (sum),0.001,LOQ
1480,C2601,35,RF-0011-001-PPP,Abamectin (sum),0.005,LOQ
1481,C2B9A,1,RF-0690-005-PPP,Fenvalerate and Esfenvalerate (sum of isomers),,LOQ
1482,C2B9A,1,RF-0108-001-PPP,Cyfluthrin (sum),,LOQ
1483,C2B9A,1,RF-0123-001-PPP,Diazinon,,LOQ
1484,C2B9A,1,RF-0383-001-PPP,Quintozene (sum),,LOQ
1485,C2B9A,1,RF-0075-005-PPP,Chlordane (sum),,LOQ
1486,C2B9A,1,RF-0653-001-PPP,Endrin ketone,,LOQ
1487,C2B9A,1,RF-0087-001-PPP,Chlorpyrifos,,LOQ
1488,C2B9A,1,RF-0238-001-PPP,HCH-alpha,,LOQ
1489,C2B9A,1,RF-0236-006-PPP,Heptachlor (sum of isomers),,LOQ
1490,C2B9A,1,RF-0156-001-PPP,Endrin,,LOQ
1491,C2B9A,1,RF-0736-001-PPP,HCH (sum),,LOQ
1492,C2B9A,1,RF-0406-001-PPP,Tecnazene,,LOQ
1493,C2B9A,1,RF-0295-001-PPP,Methoxychlor,,LOQ
1494,C2B9A,1,RF-0327-001-PPP,Parathion,,LOQ
1495,C2B9A,1,RF-0079-001-PPP,Chlorfenvinphos,,LOQ
1496,C2B9A,1,RF-0351-001-PPP,Profenofos,,LOQ
1497,C2B9A,1,RF-0021-001-PPP,Dieldrin (sum),,LOQ
1498,C2B9A,1,RF-0032-001-PPP,Azinphos-ethyl,,LOQ
1499,C2B9A,1,RF-0690-004-PPP,Fenvalerate and Esfenvalerate (sum of isomers),,LOQ
1500,C2B9A,1,RF-0187-001-PPP,Fenthion (sum),,LOQ
1501,C2B9A,1,RF-0290-001-PPP,Methidathion,,LOQ
1502,C2B9A,1,RF-0161-001-PPP,Ethion,,LOQ
1503,C2B9A,1,RF-0155-001-PPP,Endosulfan (sum),,LOQ
1504,C2B9A,1,RF-0348-001-PPP,Pirimiphos-methyl (sum),,LOQ
1505,C2B9A,1,RF-0373-001-PPP,Pyrazophos,,LOQ
1506,C2B9A,1,RF-0112-001-PPP,Cypermethrin (sum),,LOQ
1507,C2B9A,1,RF-0239-002-PPP,HCH-beta,,LOQ
1508,C2B9A,1,RF-0237-001-PPP,Hexachlorobenzene,,LOQ
1509,C2B9A,1,RF-0236-001-PPP,Heptachlor (sum),,LOQ
1510,C2B9A,1,RF-0331-001-PPP,Pendimethalin,,LOQ
1511,C2B9A,1,RF-0842-001-PPP,Permethrin (sum),,LOQ
1512,C2B9A,1,RF-0046-001-PPP,Bifenthrin (sum),,LOQ
1513,C2B9A,1,RF-0261-001-PPP,Lambda-Cyhalothrin (sum),,LOQ
1514,C2B9A,1,RF-0432-001-PPP,Triazophos,,LOQ
1515,C2B9A,1,RF-0328-001-PPP,Parathion-methyl (sum),,LOQ
1516,C2B9A,1,RF-0120-001-PPP,Deltamethrin,,LOQ
1517,C2B9A,1,RF-0240-004-PPP,HCH (sum),,LOQ
1518,C2B9A,1,RF-0088-001-PPP,Chlorpyrifos-methyl,,LOQ
1519,C2B9A,1,RF-0263-001-PPP,Lindane,,LOQ
1520,C2B9A,1,RF-0119-001-PPP,DDT (sum),0.0025,VAL
1521,C2B9A,1,RF-0515-001-PPP,Bromocyclen,,LOQ
1522,C3C3F,1,RF-0263-001-PPP,Lindane,,LOQ
1523,C3C3F,1,RF-0237-001-PPP,Hexachlorobenzene,,LOQ
1524,C3C3F,1,RF-0238-001-PPP,HCH-alpha,,LOQ
1525,C3C3F,1,RF-0236-004-PPP,Heptachlor (sum),,LOQ
1526,C3C3F,1,RF-0236-005-PPP,Heptachlor (sum),,LOQ
1527,C3C3F,1,RF-0156-001-PPP,Endrin,,LOQ
1528,C3C3F,1,RF-0236-001-PPP,Heptachlor (sum),,LOQ
1529,C3C3F,1,RF-0119-006-PPP,DDT (sum),,LOQ
1530,C3C3F,1,RF-0119-007-PPP,DDT (sum),,LOQ
1531,C3C3F,1,RF-0119-003-PPP,DDT (sum),,LOQ
1532,C3C3F,1,RF-0119-004-PPP,DDT (sum),,LOQ
1533,C3C3F,1,RF-0119-001-PPP,DDT (sum),,LOQ
1534,C3C3F,1,RF-0119-002-PPP,DDT (sum),,LOQ
1535,C3C3F,1,RF-0075-003-PPP,Chlordane (sum),,LOQ
1536,C3C3F,1,RF-0075-004-PPP,Chlordane (sum),,LOQ
1537,C3C3F,1,RF-0021-003-PPP,Dieldrin (sum),,LOQ
1538,C3C3F,1,RF-0075-005-PPP,Chlordane (sum),,LOQ
1539,C3C3F,1,RF-0021-001-PPP,Dieldrin (sum),,LOQ
1540,C3C3F,1,RF-0021-002-PPP,Dieldrin (sum),,LOQ
1541,C3C3F,1,RF-0239-002-PPP,HCH-beta,0.01175,VAL
1542,CCDD4,1,RF-0331-001-PPP,Pendimethalin,,LOQ
1543,CCDD4,1,RF-0237-001-PPP,Hexachlorobenzene,,LOQ
1544,CCDD4,1,RF-0119-001-PPP,DDT (sum),0.0036,VAL
1545,CCDD4,1,RF-0087-001-PPP,Chlorpyrifos,,LOQ
1546,CCDD4,1,RF-0261-001-PPP,Lambda-Cyhalothrin (sum),,LOQ
1547,CCDD4,1,RF-0108-003-PPP,Cyfluthrin (sum),,LOQ
1548,CCDD4,1,RF-0383-001-PPP,Quintozene (sum),,LOQ
1549,CCDD4,1,RF-0351-001-PPP,Profenofos,,LOQ
1550,CCDD4,1,RF-0263-001-PPP,Lindane,,LOQ
1551,CCDD4,1,RF-0238-001-PPP,HCH-alpha,,LOQ
1552,CCDD4,1,RF-0075-005-PPP,Chlordane (sum),,LOQ
1553,CCDD4,1,RF-0021-001-PPP,Dieldrin (sum),,LOQ
1554,CCDD4,1,RF-0842-001-PPP,Permethrin (sum),,LOQ
1555,CCDD4,1,RF-0290-001-PPP,Methidathion,,LOQ
1556,CCDD4,1,RF-0328-001-PPP,Parathion-methyl (sum),,LOQ
1557,CCDD4,1,RF-0690-004-PPP,Fenvalerate and Esfenvalerate (sum of isomers),,LOQ
1558,CCDD4,1,RF-0348-001-PPP,Pirimiphos-methyl (sum),,LOQ
1559,CCDD4,1,RF-0311-001-PPP,Nitrofen,,LOQ
1560,CCDD4,1,RF-0797-001-PPP,Mirex,,LOQ
1561,CCDD4,1,RF-0088-001-PPP,Chlorpyrifos-methyl,,LOQ
1562,CCDD4,1,RF-0327-001-PPP,Parathion,,LOQ
1563,CCDD4,1,RF-0108-001-PPP,Cyfluthrin (sum),,LOQ
1564,CCDD4,1,RF-0123-001-PPP,Diazinon,,LOQ
1565,CCDD4,1,RF-0373-001-PPP,Pyrazophos,,LOQ
1566,CCDD4,1,RF-0515-001-PPP,Bromocyclen,,LOQ
1567,CCDD4,1,RF-0240-004-PPP,HCH (sum),,LOQ
1568,CCDD4,1,RF-0239-002-PPP,HCH-beta,,LOQ
1569,CCDD4,1,RF-0236-001-PPP,Heptachlor (sum),,LOQ
1570,CCDD4,1,RF-0653-001-PPP,Endrin ketone,,LOQ
1571,CCDD4,1,RF-0295-001-PPP,Methoxychlor,,LOQ
1572,CCDD4,1,RF-0406-001-PPP,Tecnazene,,LOQ
1573,CCDD4,1,RF-0236-006-PPP,Heptachlor (sum of isomers),,LOQ
1574,CCDD4,1,RF-0432-001-PPP,Triazophos,,LOQ
1575,CCDD4,1,RF-0161-001-PPP,Ethion,,LOQ
1576,CCDD4,1,RF-0032-001-PPP,Azinphos-ethyl,,LOQ
1577,CCDD4,1,RF-0155-001-PPP,Endosulfan (sum),,LOQ
1578,CCDD4,1,RF-0112-001-PPP,Cypermethrin (sum),,LOQ
1579,CCDD4,1,RF-0690-005-PPP,Fenvalerate and Esfenvalerate (sum of isomers),,LOQ
1580,CCDD4,1,RF-0187-001-PPP,Fenthion (sum),,LOQ
1581,CCDD4,1,RF-0120-001-PPP,Deltamethrin,,LOQ
1582,CCDD4,1,RF-0046-001-PPP,Bifenthrin (sum),,LOQ
1583,CCDD4,1,RF-0156-001-PPP,Endrin,,LOQ
1584,CCDD4,1,RF-0108-002-PPP,Cyfluthrin (sum),,LOQ
1585,CCDD4,1,RF-0079-001-PPP,Chlorfenvinphos,,LOQ
1586,CCDD4,1,RF-0736-001-PPP,HCH (sum),,LOQ
1587,CD8F1,1,RF-0653-001-PPP,Endrin ketone,,LOQ
1588,CD8F1,1,RF-0239-002-PPP,HCH-beta,,LOQ
1589,CD8F1,1,RF-0238-001-PPP,HCH-alpha,,LOQ
1590,CD8F1,1,RF-0237-001-PPP,Hexachlorobenzene,,LOQ
1591,CD8F1,1,RF-0156-001-PPP,Endrin,,LOQ
1592,CD8F1,1,RF-0406-001-PPP,Tecnazene,,LOQ
1593,CD8F1,1,RF-0075-005-PPP,Chlordane (sum),,LOQ
1594,CD8F1,1,RF-0021-001-PPP,Dieldrin (sum),,LOQ
1595,CD8F1,1,RF-0383-001-PPP,Quintozene (sum),,LOQ
1596,CD8F1,1,RF-0082-001-PPP,Chlorobenzilate,,LOQ
1597,CD8F1,1,RF-0155-001-PPP,Endosulfan (sum),,LOQ
1598,CD8F1,1,RF-0515-001-PPP,Bromocyclen,,LOQ
1599,CD8F1,1,RF-0295-001-PPP,Methoxychlor,,LOQ
1600,CD8F1,1,RF-0236-001-PPP,Heptachlor (sum),,LOQ
1601,CD8F1,1,RF-1003-001-PPP,Vinclozolin (sum),,LOQ
1602,CD8F1,1,RF-0059-003-PPP,Camphechlor (sum),,LOQ
1603,CD8F1,1,RF-0263-001-PPP,Lindane,,LOQ
1604,CD8F1,1,RF-0119-001-PPP,DDT (sum),0.011373,VAL
1605,CD8F1,1,RF-0331-001-PPP,Pendimethalin,,LOQ
1606,CDBED,1,RF-0155-001-PPP,Endosulfan (sum),,LOQ
1607,CDBED,1,RF-0021-001-PPP,Dieldrin (sum),,LOQ
1608,CDBED,1,RF-0075-005-PPP,Chlordane (sum),,LOQ
1609,CDBED,1,RF-0238-001-PPP,HCH-alpha,,LOQ
1610,CDBED,1,RF-0236-001-PPP,Heptachlor (sum),,LOQ
1611,CDBED,1,RF-0237-001-PPP,Hexachlorobenzene,,LOQ
1612,CDBED,1,RF-0263-001-PPP,Lindane,,LOQ
1613,CDBED,1,RF-0653-001-PPP,Endrin ketone,,LOQ
1614,CDBED,1,RF-1003-001-PPP,Vinclozolin (sum),,LOQ
1615,CDBED,1,RF-0156-001-PPP,Endrin,,LOQ
1616,CDBED,1,RF-0295-001-PPP,Methoxychlor,,LOQ
1617,CDBED,1,RF-0406-001-PPP,Tecnazene,,LOQ
1618,CDBED,1,RF-0239-002-PPP,HCH-beta,,LOQ
1619,CDBED,1,RF-0236-006-PPP,Heptachlor (sum of isomers),,LOQ
1620,CDBED,1,RF-0059-003-PPP,Camphechlor (sum),,LOQ
1621,CDBED,1,RF-0119-001-PPP,DDT (sum),0.018398,VAL
1622,CDBED,1,RF-0383-001-PPP,Quintozene (sum),,LOQ
1623,CDBED,1,RF-0515-001-PPP,Bromocyclen,,LOQ
1624,CDBED,1,RF-0331-001-PPP,Pendimethalin,,LOQ
1625,CDBED,1,RF-0082-001-PPP,Chlorobenzilate,,LOQ
1626,D00A8,1,RF-0515-001-PPP,Bromocyclen,,LOQ
1627,D00A8,1,RF-0237-001-PPP,Hexachlorobenzene,,LOQ
1628,D00A8,1,RF-0187-001-PPP,Fenthion (sum),,LOQ
1629,D00A8,1,RF-0120-001-PPP,Deltamethrin,,LOQ
1630,D00A8,1,RF-0112-001-PPP,Cypermethrin (sum),,LOQ
1631,D00A8,1,RF-0331-001-PPP,Pendimethalin,,LOQ
1632,D00A8,1,RF-0263-001-PPP,Lindane,,LOQ
1633,D00A8,1,RF-0261-001-PPP,Lambda-Cyhalothrin (sum),,LOQ
1634,D00A8,1,RF-0079-001-PPP,Chlorfenvinphos,,LOQ
1635,D00A8,1,RF-0032-001-PPP,Azinphos-ethyl,,LOQ
1636,D00A8,1,RF-0290-001-PPP,Methidathion,,LOQ
1637,D00A8,1,RF-0236-006-PPP,Heptachlor (sum of isomers),,LOQ
1638,D00A8,1,RF-0240-004-PPP,HCH (sum),,LOQ
1639,D00A8,1,RF-0075-005-PPP,Chlordane (sum),,LOQ
1640,D00A8,1,RF-0123-001-PPP,Diazinon,,LOQ
1641,D00A8,1,RF-0383-001-PPP,Quintozene (sum),,LOQ
1642,D00A8,1,RF-0238-001-PPP,HCH-alpha,,LOQ
1643,D00A8,1,RF-0653-001-PPP,Endrin ketone,,LOQ
1644,D00A8,1,RF-0348-001-PPP,Pirimiphos-methyl (sum),,LOQ
1645,D00A8,1,RF-0239-002-PPP,HCH-beta,,LOQ
1646,D00A8,1,RF-0373-001-PPP,Pyrazophos,,LOQ
1647,D00A8,1,RF-0351-001-PPP,Profenofos,,LOQ
1648,D00A8,1,RF-0161-001-PPP,Ethion,,LOQ
1649,D00A8,1,RF-0119-001-PPP,DDT (sum),0.004,VAL
1650,D00A8,1,RF-0295-001-PPP,Methoxychlor,,LOQ
1651,D00A8,1,RF-0156-001-PPP,Endrin,,LOQ
1652,D00A8,1,RF-0842-001-PPP,Permethrin (sum),,LOQ
1653,D00A8,1,RF-0088-001-PPP,Chlorpyrifos-methyl,,LOQ
1654,D00A8,1,RF-0108-001-PPP,Cyfluthrin (sum),,LOQ
1655,D00A8,1,RF-0432-001-PPP,Triazophos,,LOQ
1656,D00A8,1,RF-0155-001-PPP,Endosulfan (sum),,LOQ
1657,D00A8,1,RF-0087-001-PPP,Chlorpyrifos,,LOQ
1658,D00A8,1,RF-0406-001-PPP,Tecnazene,,LOQ
1659,D00A8,1,RF-0736-001-PPP,HCH (sum),,LOQ
1660,D00A8,1,RF-0328-001-PPP,Parathion-methyl (sum),,LOQ
1661,D00A8,1,RF-0236-001-PPP,Heptachlor (sum),,LOQ
1662,D00A8,1,RF-0327-001-PPP,Parathion,,LOQ
1663,D00A8,1,RF-0021-001-PPP,Dieldrin (sum),,LOQ
1664,D00A8,1,RF-0046-001-PPP,Bifenthrin (sum),,LOQ
1665,D08E9,35,RF-0059-001-PPP,Camphechlor (sum),0.002,LOQ
1666,D08E9,35,RF-0032-001-PPP,Azinphos-ethyl,0.01,LOQ
1667,D08E9,35,RF-0119-001-PPP,DDT (sum),0.019,VAL
1668,D08E9,35,RF-0263-001-PPP,Lindane,0.001,LOQ
1669,D08E9,35,RF-0406-001-PPP,Tecnazene,0.03,LOQ
1670,D08E9,35,RF-0432-001-PPP,Triazophos,0.01,LOQ
1671,D08E9,35,RF-0238-001-PPP,HCH-alpha,0.002,LOQ
1672,D08E9,35,RF-0155-001-PPP,Endosulfan (sum),0.001,LOQ
1673,D08E9,35,RF-0011-001-PPP,Abamectin (sum),0.005,LOQ
1674,D08E9,35,RF-0108-003-PPP,Cyfluthrin (sum),0.005,LOQ
1675,D08E9,35,RF-0075-002-PPP,Chlordane (sum),0.001,LOQ
1676,D08E9,35,RF-0075-002-PPP,Chlordane (sum),0.001,LOQ
1677,D08E9,35,RF-0237-001-PPP,Hexachlorobenzene,0.015,VAL
1678,D08E9,35,RF-0187-006-PPP,Fenthion (sum),0.01,LOQ
1679,D08E9,35,RF-0842-001-PPP,Permethrin (sum),0.01,LOQ
1680,D08E9,35,RF-0239-002-PPP,HCH-beta,0.002,LOQ
1681,D08E9,35,RF-0348-001-PPP,Pirimiphos-methyl (sum),0.003,LOQ
1682,D08E9,35,RF-0021-003-PPP,Dieldrin (sum),0.001,LOQ
1683,D08E9,35,RF-0123-001-PPP,Diazinon,0.003,LOQ
1684,D08E9,35,RF-0295-001-PPP,Methoxychlor,0.01,LOQ
1685,D08E9,35,RF-0351-001-PPP,Profenofos,0.02,LOQ
1686,D08E9,35,RF-0156-001-PPP,Endrin,0.001,LOQ
1687,D08E9,35,RF-0690-002-PPP,Fenvalerate/Esfenvalerate (sum),0.005,LOQ
1688,D08E9,35,RF-0385-001-PPP,Resmethrin (sum),0.01,LOQ
1689,D08E9,35,RF-0088-001-PPP,Chlorpyrifos-methyl,0.004,LOQ
1690,D08E9,35,RF-0120-001-PPP,Deltamethrin,0.007,LOQ
1691,D08E9,35,RF-0383-002-PPP,Quintozene (sum),0.01,LOQ
1692,D08E9,35,RF-0373-001-PPP,Pyrazophos,0.02,LOQ
1693,D08E9,35,RF-0112-001-PPP,Cypermethrin (sum),0.01,LOQ
1694,D08E9,35,RF-0236-004-PPP,Heptachlor (sum),0.001,LOQ
1695,D08E9,35,RF-0290-001-PPP,Methidathion,0.02,LOQ
1696,D08E9,35,RF-0087-001-PPP,Chlorpyrifos,0.002,LOQ
1697,D08E9,35,RF-0046-001-PPP,Bifenthrin (sum),0.005,LOQ
1698,D08E9,35,RF-0328-003-PPP,Parathion-methyl (sum),0.02,LOQ
1699,D08E9,35,RF-0328-003-PPP,Parathion-methyl (sum),0.02,LOQ
1700,D08E9,35,RF-0082-001-PPP,Chlorobenzilate,0.03,LOQ
1701,D08E9,35,RF-0327-001-PPP,Parathion,0.02,LOQ
1702,D0A73,3,RF-0236-006-PPP,Heptachlor (sum of isomers),,LOQ
1703,D0A73,3,RF-0238-001-PPP,HCH-alpha,,LOQ
1704,D0A73,3,RF-0889-001-PPP,S421,,LOQ
1705,D0A73,3,RF-0295-001-PPP,Methoxychlor,,LOQ
1706,D0A73,3,RF-0768-001-PPP,Iodofenphos,,LOQ
1707,D0A73,3,RF-0515-001-PPP,Bromocyclen,,LOQ
1708,D0A73,3,RF-0237-001-PPP,Hexachlorobenzene,0.002,VAL
1709,D0A73,3,RF-0156-001-PPP,Endrin,,LOQ
1710,D0A73,3,RF-0736-001-PPP,HCH (sum),,LOQ
1711,D0A73,3,RF-0331-001-PPP,Pendimethalin,,LOQ
1712,D0A73,3,RF-0311-001-PPP,Nitrofen,,LOQ
1713,D0A73,3,RF-0263-001-PPP,Lindane,,LOQ
1714,D0A73,3,RF-0236-001-PPP,Heptachlor (sum),,LOQ
1715,D0A73,3,RF-0999-001-PPP,Nonachlor-Trans,,LOQ
1716,D0A73,3,RF-0021-001-PPP,Dieldrin (sum),,LOQ
1717,D0A73,3,RF-0119-001-PPP,DDT (sum),0.007,VAL
1718,D0A73,3,RF-0653-001-PPP,Endrin ketone,,LOQ
1719,D0A73,3,RF-0239-002-PPP,HCH-beta,,LOQ
1720,D0A73,3,RF-0155-001-PPP,Endosulfan (sum),0.001,VAL
1721,D0A73,3,RF-0075-005-PPP,Chlordane (sum),,LOQ
1722,D2E78,35,RF-0032-001-PPP,Azinphos-ethyl,0.01,LOQ
1723,D2E78,35,RF-0059-001-PPP,Camphechlor (sum),0.002,LOQ
1724,D2E78,35,RF-0263-001-PPP,Lindane,0.001,LOQ
1725,D2E78,35,RF-0432-001-PPP,Triazophos,0.01,LOQ
1726,D2E78,35,RF-0119-001-PPP,DDT (sum),0.001,LOQ
1727,D2E78,35,RF-0238-001-PPP,HCH-alpha,0.001,LOQ
1728,D2E78,35,RF-0406-001-PPP,Tecnazene,0.03,LOQ
1729,D2E78,35,RF-0155-001-PPP,Endosulfan (sum),0.001,LOQ
1730,D2E78,35,RF-0011-001-PPP,Abamectin (sum),0.005,LOQ
1731,D2E78,35,RF-0108-003-PPP,Cyfluthrin (sum),0.005,LOQ
1732,D2E78,35,RF-0075-002-PPP,Chlordane (sum),0.001,LOQ
1733,D2E78,35,RF-0075-002-PPP,Chlordane (sum),0.001,LOQ
1734,D2E78,35,RF-0237-001-PPP,Hexachlorobenzene,0.001,LOQ
1735,D2E78,35,RF-0187-006-PPP,Fenthion (sum),0.01,LOQ
1736,D2E78,35,RF-0842-001-PPP,Permethrin (sum),0.01,LOQ
1737,D2E78,35,RF-0239-002-PPP,HCH-beta,0.001,LOQ
1738,D2E78,35,RF-0348-001-PPP,Pirimiphos-methyl (sum),0.003,LOQ
1739,D2E78,35,RF-0021-003-PPP,Dieldrin (sum),0.001,LOQ
1740,D2E78,35,RF-0123-001-PPP,Diazinon,0.003,LOQ
1741,D2E78,35,RF-0295-001-PPP,Methoxychlor,0.01,LOQ
1742,D2E78,35,RF-0156-001-PPP,Endrin,0.0002,LOQ
1743,D2E78,35,RF-0351-001-PPP,Profenofos,0.02,LOQ
1744,D2E78,35,RF-0690-002-PPP,Fenvalerate/Esfenvalerate (sum),0.005,LOQ
1745,D2E78,35,RF-0385-001-PPP,Resmethrin (sum),0.01,LOQ
1746,D2E78,35,RF-0383-002-PPP,Quintozene (sum),0.01,LOQ
1747,D2E78,35,RF-0088-001-PPP,Chlorpyrifos-methyl,0.004,LOQ
1748,D2E78,35,RF-0112-001-PPP,Cypermethrin (sum),0.005,LOQ
1749,D2E78,35,RF-0120-001-PPP,Deltamethrin,0.005,LOQ
1750,D2E78,35,RF-0290-001-PPP,Methidathion,0.02,LOQ
1751,D2E78,35,RF-0373-001-PPP,Pyrazophos,0.02,LOQ
1752,D2E78,35,RF-0046-001-PPP,Bifenthrin (sum),0.005,LOQ
1753,D2E78,35,RF-0236-004-PPP,Heptachlor (sum),0.001,LOQ
1754,D2E78,35,RF-0082-001-PPP,Chlorobenzilate,0.03,LOQ
1755,D2E78,35,RF-0087-001-PPP,Chlorpyrifos,0.002,LOQ
1756,D2E78,35,RF-0327-001-PPP,Parathion,0.02,LOQ
1757,D2E78,35,RF-0328-003-PPP,Parathion-methyl (sum),0.02,LOQ
1758,D2E78,35,RF-0328-003-PPP,Parathion-methyl (sum),0.02,LOQ
1759,D3174,2,RF-0690-004-PPP,Fenvalerate and Esfenvalerate (sum of isomers),,LOQ
1760,D3174,2,RF-0239-002-PPP,HCH-beta,,LOQ
1761,D3174,2,RF-0515-001-PPP,Bromocyclen,,LOQ
1762,D3174,2,RF-0236-001-PPP,Heptachlor (sum),,LOQ
1763,D3174,2,RF-0238-001-PPP,HCH-alpha,,LOQ
1764,D3174,2,RF-0112-001-PPP,Cypermethrin (sum),,LOQ
1765,D3174,2,RF-0295-001-PPP,Methoxychlor,,LOQ
1766,D3174,2,RF-0406-001-PPP,Tecnazene,,LOQ
1767,D3174,2,RF-0311-001-PPP,Nitrofen,,LOQ
1768,D3174,2,RF-0653-001-PPP,Endrin ketone,,LOQ
1769,D3174,2,RF-0119-001-PPP,DDT (sum),0.001,VAL
1770,D3174,2,RF-0837-001-PPP,Pentachloroanisole,,LOQ
1771,D3174,2,RF-0120-001-PPP,Deltamethrin,,LOQ
1772,D3174,2,RF-0263-001-PPP,Lindane,,LOQ
1773,D3174,2,RF-0797-001-PPP,Mirex,,LOQ
1774,D3174,2,RF-0112-002-PPP,Cypermethrin (sum),,LOQ
1775,D3174,2,RF-0021-001-PPP,Dieldrin (sum),,LOQ
1776,D3174,2,RF-0240-004-PPP,HCH (sum),,LOQ
1777,D3174,2,RF-0075-005-PPP,Chlordane (sum),,LOQ
1778,D3174,2,RF-0155-001-PPP,Endosulfan (sum),,LOQ
1779,D3174,2,RF-0123-001-PPP,Diazinon,,LOQ
1780,D3174,2,RF-0237-001-PPP,Hexachlorobenzene,0.003,VAL
1781,D3174,2,RF-0736-001-PPP,HCH (sum),,LOQ
1782,D3174,2,RF-0690-005-PPP,Fenvalerate and Esfenvalerate (sum of isomers),,LOQ
1783,D3174,2,RF-0866-001-PPP,Propetamphos,,LOQ
1784,D3174,2,RF-0108-001-PPP,Cyfluthrin (sum),,LOQ
1785,D3174,2,RF-0842-001-PPP,Permethrin (sum),,LOQ
1786,D3174,2,RF-0156-001-PPP,Endrin,,LOQ
1787,D3A57,1,RF-0238-001-PPP,HCH-alpha,,LOQ
1788,D3A57,1,RF-0263-001-PPP,Lindane,,LOQ
1789,D3A57,1,RF-0236-005-PPP,Heptachlor (sum),,LOQ
1790,D3A57,1,RF-0237-001-PPP,Hexachlorobenzene,,LOQ
1791,D3A57,1,RF-0236-001-PPP,Heptachlor (sum),,LOQ
1792,D3A57,1,RF-0236-004-PPP,Heptachlor (sum),,LOQ
1793,D3A57,1,RF-0119-007-PPP,DDT (sum),,LOQ
1794,D3A57,1,RF-0156-001-PPP,Endrin,,LOQ
1795,D3A57,1,RF-0119-006-PPP,DDT (sum),,LOQ
1796,D3A57,1,RF-0119-003-PPP,DDT (sum),,LOQ
1797,D3A57,1,RF-0119-004-PPP,DDT (sum),,LOQ
1798,D3A57,1,RF-0119-001-PPP,DDT (sum),,LOQ
1799,D3A57,1,RF-0119-002-PPP,DDT (sum),,LOQ
1800,D3A57,1,RF-0075-003-PPP,Chlordane (sum),,LOQ
1801,D3A57,1,RF-0075-004-PPP,Chlordane (sum),,LOQ
1802,D3A57,1,RF-0021-003-PPP,Dieldrin (sum),,LOQ
1803,D3A57,1,RF-0075-005-PPP,Chlordane (sum),,LOQ
1804,D3A57,1,RF-0021-001-PPP,Dieldrin (sum),,LOQ
1805,D3A57,1,RF-0021-002-PPP,Dieldrin (sum),,LOQ
1806,D3A57,1,RF-0239-002-PPP,HCH-beta,0.02877,VAL
1807,D744E,3,RF-0119-002-PPP,DDT (sum),,LOQ
1808,D744E,3,RF-0119-001-PPP,DDT (sum),0.02388,VAL
1809,D744E,3,RF-0075-004-PPP,Chlordane (sum),,LOQ
1810,D744E,3,RF-0075-003-PPP,Chlordane (sum),,LOQ
1811,D744E,3,RF-0075-005-PPP,Chlordane (sum),,LOQ
1812,D744E,3,RF-0021-003-PPP,Dieldrin (sum),,LOQ
1813,D744E,3,RF-0021-002-PPP,Dieldrin (sum),,LOQ
1814,D744E,3,RF-0021-001-PPP,Dieldrin (sum),,LOQ
1815,D744E,3,RF-0239-002-PPP,HCH-beta,0.02882,VAL
1816,D744E,3,RF-0263-001-PPP,Lindane,,LOQ
1817,D744E,3,RF-0238-001-PPP,HCH-alpha,,LOQ
1818,D744E,3,RF-0237-001-PPP,Hexachlorobenzene,,LOQ
1819,D744E,3,RF-0236-005-PPP,Heptachlor (sum),,LOQ
1820,D744E,3,RF-0236-004-PPP,Heptachlor (sum),,LOQ
1821,D744E,3,RF-0236-001-PPP,Heptachlor (sum),,LOQ
1822,D744E,3,RF-0156-001-PPP,Endrin,,LOQ
1823,D744E,3,RF-0119-007-PPP,DDT (sum),0.02388,VAL
1824,D744E,3,RF-0119-006-PPP,DDT (sum),,LOQ
1825,D744E,3,RF-0119-004-PPP,DDT (sum),,LOQ
1826,D744E,3,RF-0119-003-PPP,DDT (sum),,LOQ
1827,D9FF2,1,RF-0331-001-PPP,Pendimethalin,,LOQ
1828,D9FF2,1,RF-0238-001-PPP,HCH-alpha,,LOQ
1829,D9FF2,1,RF-0156-001-PPP,Endrin,,LOQ
1830,D9FF2,1,RF-0087-001-PPP,Chlorpyrifos,,LOQ
1831,D9FF2,1,RF-0842-001-PPP,Permethrin (sum),,LOQ
1832,D9FF2,1,RF-0112-001-PPP,Cypermethrin (sum),,LOQ
1833,D9FF2,1,RF-0236-006-PPP,Heptachlor (sum of isomers),,LOQ
1834,D9FF2,1,RF-0236-001-PPP,Heptachlor (sum),,LOQ
1835,D9FF2,1,RF-0046-001-PPP,Bifenthrin (sum),,LOQ
1836,D9FF2,1,RF-0240-004-PPP,HCH (sum),,LOQ
1837,D9FF2,1,RF-0406-001-PPP,Tecnazene,,LOQ
1838,D9FF2,1,RF-0161-001-PPP,Ethion,,LOQ
1839,D9FF2,1,RF-0123-001-PPP,Diazinon,,LOQ
1840,D9FF2,1,RF-0263-001-PPP,Lindane,,LOQ
1841,D9FF2,1,RF-0327-001-PPP,Parathion,,LOQ
1842,D9FF2,1,RF-0187-001-PPP,Fenthion (sum),,LOQ
1843,D9FF2,1,RF-0383-001-PPP,Quintozene (sum),,LOQ
1844,D9FF2,1,RF-0120-001-PPP,Deltamethrin,,LOQ
1845,D9FF2,1,RF-0119-001-PPP,DDT (sum),0.0023,VAL
1846,D9FF2,1,RF-0653-001-PPP,Endrin ketone,,LOQ
1847,D9FF2,1,RF-0155-001-PPP,Endosulfan (sum),,LOQ
1848,D9FF2,1,RF-0432-001-PPP,Triazophos,,LOQ
1849,D9FF2,1,RF-0328-001-PPP,Parathion-methyl (sum),,LOQ
1850,D9FF2,1,RF-0032-001-PPP,Azinphos-ethyl,,LOQ
1851,D9FF2,1,RF-0237-001-PPP,Hexachlorobenzene,,LOQ
1852,D9FF2,1,RF-0736-001-PPP,HCH (sum),,LOQ
1853,D9FF2,1,RF-0021-001-PPP,Dieldrin (sum),,LOQ
1854,D9FF2,1,RF-0075-005-PPP,Chlordane (sum),,LOQ
1855,D9FF2,1,RF-0295-001-PPP,Methoxychlor,,LOQ
1856,D9FF2,1,RF-0088-001-PPP,Chlorpyrifos-methyl,,LOQ
1857,D9FF2,1,RF-0351-001-PPP,Profenofos,,LOQ
1858,D9FF2,1,RF-0373-001-PPP,Pyrazophos,,LOQ
1859,D9FF2,1,RF-0239-002-PPP,HCH-beta,,LOQ
1860,D9FF2,1,RF-0079-001-PPP,Chlorfenvinphos,,LOQ
1861,D9FF2,1,RF-0261-001-PPP,Lambda-Cyhalothrin (sum),,LOQ
1862,D9FF2,1,RF-0515-001-PPP,Bromocyclen,,LOQ
1863,D9FF2,1,RF-0348-001-PPP,Pirimiphos-methyl (sum),,LOQ
1864,D9FF2,1,RF-0108-001-PPP,Cyfluthrin (sum),,LOQ
1865,D9FF2,1,RF-0290-001-PPP,Methidathion,,LOQ
1866,DCC5A,35,RF-0290-001-PPP,Methidathion,0.02,LOQ
1867,DCC5A,35,RF-0373-001-PPP,Pyrazophos,0.02,LOQ
1868,DCC5A,35,RF-0046-001-PPP,Bifenthrin (sum),0.005,LOQ
1869,DCC5A,35,RF-0236-004-PPP,Heptachlor (sum),0.001,LOQ
1870,DCC5A,35,RF-0087-001-PPP,Chlorpyrifos,0.002,LOQ
1871,DCC5A,35,RF-0082-001-PPP,Chlorobenzilate,0.03,LOQ
1872,DCC5A,35,RF-0327-001-PPP,Parathion,0.02,LOQ
1873,DCC5A,35,RF-0328-003-PPP,Parathion-methyl (sum),0.02,LOQ
1874,DCC5A,35,RF-0328-003-PPP,Parathion-methyl (sum),0.02,LOQ
1875,DCC5A,35,RF-0032-001-PPP,Azinphos-ethyl,0.01,LOQ
1876,DCC5A,35,RF-0263-001-PPP,Lindane,0.001,LOQ
1877,DCC5A,35,RF-0059-001-PPP,Camphechlor (sum),0.002,LOQ
1878,DCC5A,35,RF-0432-001-PPP,Triazophos,0.01,LOQ
1879,DCC5A,35,RF-0119-001-PPP,DDT (sum),0.001,LOQ
1880,DCC5A,35,RF-0238-001-PPP,HCH-alpha,0.001,LOQ
1881,DCC5A,35,RF-0406-001-PPP,Tecnazene,0.03,LOQ
1882,DCC5A,35,RF-0155-001-PPP,Endosulfan (sum),0.001,LOQ
1883,DCC5A,35,RF-0011-001-PPP,Abamectin (sum),0.005,LOQ
1884,DCC5A,35,RF-0108-003-PPP,Cyfluthrin (sum),0.005,LOQ
1885,DCC5A,35,RF-0075-002-PPP,Chlordane (sum),0.001,LOQ
1886,DCC5A,35,RF-0075-002-PPP,Chlordane (sum),0.001,LOQ
1887,DCC5A,35,RF-0237-001-PPP,Hexachlorobenzene,0.001,LOQ
1888,DCC5A,35,RF-0187-006-PPP,Fenthion (sum),0.01,LOQ
1889,DCC5A,35,RF-0239-002-PPP,HCH-beta,0.001,LOQ
1890,DCC5A,35,RF-0021-003-PPP,Dieldrin (sum),0.001,LOQ
1891,DCC5A,35,RF-0842-001-PPP,Permethrin (sum),0.01,LOQ
1892,DCC5A,35,RF-0348-001-PPP,Pirimiphos-methyl (sum),0.003,LOQ
1893,DCC5A,35,RF-0295-001-PPP,Methoxychlor,0.01,LOQ
1894,DCC5A,35,RF-0123-001-PPP,Diazinon,0.003,LOQ
1895,DCC5A,35,RF-0351-001-PPP,Profenofos,0.02,LOQ
1896,DCC5A,35,RF-0156-001-PPP,Endrin,0.0002,LOQ
1897,DCC5A,35,RF-0690-002-PPP,Fenvalerate/Esfenvalerate (sum),0.005,LOQ
1898,DCC5A,35,RF-0385-001-PPP,Resmethrin (sum),0.01,LOQ
1899,DCC5A,35,RF-0383-002-PPP,Quintozene (sum),0.01,LOQ
1900,DCC5A,35,RF-0088-001-PPP,Chlorpyrifos-methyl,0.004,LOQ
1901,DCC5A,35,RF-0112-001-PPP,Cypermethrin (sum),0.005,LOQ
1902,DCC5A,35,RF-0120-001-PPP,Deltamethrin,0.005,LOQ
1903,DEE14,2,RF-0156-001-PPP,Endrin,,LOQ
1904,DEE14,2,RF-0119-007-PPP,DDT (sum),,LOQ
1905,DEE14,2,RF-0119-006-PPP,DDT (sum),,LOQ
1906,DEE14,2,RF-0119-004-PPP,DDT (sum),0.01532,VAL
1907,DEE14,2,RF-0119-003-PPP,DDT (sum),,LOQ
1908,DEE14,2,RF-0119-002-PPP,DDT (sum),,LOQ
1909,DEE14,2,RF-0119-001-PPP,DDT (sum),0.01532,VAL
1910,DEE14,2,RF-0075-004-PPP,Chlordane (sum),,LOQ
1911,DEE14,2,RF-0075-003-PPP,Chlordane (sum),,LOQ
1912,DEE14,2,RF-0075-005-PPP,Chlordane (sum),,LOQ
1913,DEE14,2,RF-0021-003-PPP,Dieldrin (sum),,LOQ
1914,DEE14,2,RF-0021-002-PPP,Dieldrin (sum),,LOQ
1915,DEE14,2,RF-0021-001-PPP,Dieldrin (sum),,LOQ
1916,DEE14,2,RF-0263-001-PPP,Lindane,,LOQ
1917,DEE14,2,RF-0239-002-PPP,HCH-beta,,LOQ
1918,DEE14,2,RF-0238-001-PPP,HCH-alpha,,LOQ
1919,DEE14,2,RF-0237-001-PPP,Hexachlorobenzene,,LOQ
1920,DEE14,2,RF-0236-005-PPP,Heptachlor (sum),,LOQ
1921,DEE14,2,RF-0236-004-PPP,Heptachlor (sum),,LOQ
1922,DEE14,2,RF-0236-001-PPP,Heptachlor (sum),,LOQ
1923,E7DA8,35,RF-0021-003-PPP,Dieldrin (sum),0.001,LOQ
1924,E7DA8,35,RF-0842-001-PPP,Permethrin (sum),0.01,LOQ
1925,E7DA8,35,RF-0295-001-PPP,Methoxychlor,0.01,LOQ
1926,E7DA8,35,RF-0348-001-PPP,Pirimiphos-methyl (sum),0.003,LOQ
1927,E7DA8,35,RF-0123-001-PPP,Diazinon,0.003,LOQ
1928,E7DA8,35,RF-0351-001-PPP,Profenofos,0.02,LOQ
1929,E7DA8,35,RF-0156-001-PPP,Endrin,0.0002,LOQ
1930,E7DA8,35,RF-0690-002-PPP,Fenvalerate/Esfenvalerate (sum),0.005,LOQ
1931,E7DA8,35,RF-0385-001-PPP,Resmethrin (sum),0.01,LOQ
1932,E7DA8,35,RF-0088-001-PPP,Chlorpyrifos-methyl,0.004,LOQ
1933,E7DA8,35,RF-0120-001-PPP,Deltamethrin,0.005,LOQ
1934,E7DA8,35,RF-0383-002-PPP,Quintozene (sum),0.01,LOQ
1935,E7DA8,35,RF-0373-001-PPP,Pyrazophos,0.02,LOQ
1936,E7DA8,35,RF-0112-001-PPP,Cypermethrin (sum),0.005,LOQ
1937,E7DA8,35,RF-0290-001-PPP,Methidathion,0.02,LOQ
1938,E7DA8,35,RF-0236-004-PPP,Heptachlor (sum),0.001,LOQ
1939,E7DA8,35,RF-0087-001-PPP,Chlorpyrifos,0.002,LOQ
1940,E7DA8,35,RF-0046-001-PPP,Bifenthrin (sum),0.005,LOQ
1941,E7DA8,35,RF-0328-003-PPP,Parathion-methyl (sum),0.02,LOQ
1942,E7DA8,35,RF-0328-003-PPP,Parathion-methyl (sum),0.02,LOQ
1943,E7DA8,35,RF-0082-001-PPP,Chlorobenzilate,0.03,LOQ
1944,E7DA8,35,RF-0327-001-PPP,Parathion,0.02,LOQ
1945,E7DA8,35,RF-0032-001-PPP,Azinphos-ethyl,0.01,LOQ
1946,E7DA8,35,RF-0263-001-PPP,Lindane,0.001,LOQ
1947,E7DA8,35,RF-0059-001-PPP,Camphechlor (sum),0.002,LOQ
1948,E7DA8,35,RF-0119-001-PPP,DDT (sum),0.001,LOQ
1949,E7DA8,35,RF-0432-001-PPP,Triazophos,0.01,LOQ
1950,E7DA8,35,RF-0238-001-PPP,HCH-alpha,0.001,LOQ
1951,E7DA8,35,RF-0406-001-PPP,Tecnazene,0.03,LOQ
1952,E7DA8,35,RF-0155-001-PPP,Endosulfan (sum),0.001,LOQ
1953,E7DA8,35,RF-0011-001-PPP,Abamectin (sum),0.005,LOQ
1954,E7DA8,35,RF-0108-003-PPP,Cyfluthrin (sum),0.005,LOQ
1955,E7DA8,35,RF-0075-002-PPP,Chlordane (sum),0.001,LOQ
1956,E7DA8,35,RF-0075-002-PPP,Chlordane (sum),0.001,LOQ
1957,E7DA8,35,RF-0237-001-PPP,Hexachlorobenzene,0.001,LOQ
1958,E7DA8,35,RF-0187-006-PPP,Fenthion (sum),0.01,LOQ
1959,E7DA8,35,RF-0239-002-PPP,HCH-beta,0.001,LOQ
1960,E9EDB,35,RF-0059-001-PPP,Camphechlor (sum),0.002,LOQ
1961,E9EDB,35,RF-0032-001-PPP,Azinphos-ethyl,0.01,LOQ
1962,E9EDB,35,RF-0119-001-PPP,DDT (sum),0.001,LOQ
1963,E9EDB,35,RF-0263-001-PPP,Lindane,0.001,LOQ
1964,E9EDB,35,RF-0406-001-PPP,Tecnazene,0.03,LOQ
1965,E9EDB,35,RF-0432-001-PPP,Triazophos,0.01,LOQ
1966,E9EDB,35,RF-0011-001-PPP,Abamectin (sum),0.005,LOQ
1967,E9EDB,35,RF-0238-001-PPP,HCH-alpha,0.001,LOQ
1968,E9EDB,35,RF-0155-001-PPP,Endosulfan (sum),0.001,LOQ
1969,E9EDB,35,RF-0075-002-PPP,Chlordane (sum),0.001,LOQ
1970,E9EDB,35,RF-0075-002-PPP,Chlordane (sum),0.001,LOQ
1971,E9EDB,35,RF-0187-006-PPP,Fenthion (sum),0.01,LOQ
1972,E9EDB,35,RF-0108-003-PPP,Cyfluthrin (sum),0.005,LOQ
1973,E9EDB,35,RF-0239-002-PPP,HCH-beta,0.001,LOQ
1974,E9EDB,35,RF-0237-001-PPP,Hexachlorobenzene,0.001,LOQ
1975,E9EDB,35,RF-0021-003-PPP,Dieldrin (sum),0.001,LOQ
1976,E9EDB,35,RF-0842-001-PPP,Permethrin (sum),0.01,LOQ
1977,E9EDB,35,RF-0295-001-PPP,Methoxychlor,0.01,LOQ
1978,E9EDB,35,RF-0348-001-PPP,Pirimiphos-methyl (sum),0.003,LOQ
1979,E9EDB,35,RF-0156-001-PPP,Endrin,0.0002,LOQ
1980,E9EDB,35,RF-0123-001-PPP,Diazinon,0.003,LOQ
1981,E9EDB,35,RF-0385-001-PPP,Resmethrin (sum),0.01,LOQ
1982,E9EDB,35,RF-0351-001-PPP,Profenofos,0.02,LOQ
1983,E9EDB,35,RF-0088-001-PPP,Chlorpyrifos-methyl,0.004,LOQ
1984,E9EDB,35,RF-0690-002-PPP,Fenvalerate/Esfenvalerate (sum),0.005,LOQ
1985,E9EDB,35,RF-0120-001-PPP,Deltamethrin,0.005,LOQ
1986,E9EDB,35,RF-0383-002-PPP,Quintozene (sum),0.01,LOQ
1987,E9EDB,35,RF-0373-001-PPP,Pyrazophos,0.02,LOQ
1988,E9EDB,35,RF-0112-001-PPP,Cypermethrin (sum),0.005,LOQ
1989,E9EDB,35,RF-0290-001-PPP,Methidathion,0.02,LOQ
1990,E9EDB,35,RF-0236-004-PPP,Heptachlor (sum),0.001,LOQ
1991,E9EDB,35,RF-0087-001-PPP,Chlorpyrifos,0.002,LOQ
1992,E9EDB,35,RF-0046-001-PPP,Bifenthrin (sum),0.005,LOQ
1993,E9EDB,35,RF-0328-003-PPP,Parathion-methyl (sum),0.02,LOQ
1994,E9EDB,35,RF-0328-003-PPP,Parathion-methyl (sum),0.02,LOQ
1995,E9EDB,35,RF-0082-001-PPP,Chlorobenzilate,0.03,LOQ
1996,E9EDB,35,RF-0327-001-PPP,Parathion,0.02,LOQ
1997,F5C9E,2,RF-0120-001-PPP,Deltamethrin,,LOQ
1998,F5C9E,2,RF-0112-001-PPP,Cypermethrin (sum),,LOQ
1999,F5C9E,2,RF-0236-001-PPP,Heptachlor (sum),,LOQ
2000,F5C9E,2,RF-0690-004-PPP,Fenvalerate and Esfenvalerate (sum of isomers),,LOQ
2001,F5C9E,2,RF-0311-001-PPP,Nitrofen,,LOQ
2002,F5C9E,2,RF-0238-001-PPP,HCH-alpha,,LOQ
2003,F5C9E,2,RF-0295-001-PPP,Methoxychlor,,LOQ
2004,F5C9E,2,RF-0075-005-PPP,Chlordane (sum),,LOQ
2005,F5C9E,2,RF-0112-002-PPP,Cypermethrin (sum),,LOQ
2006,F5C9E,2,RF-0797-001-PPP,Mirex,,LOQ
2007,F5C9E,2,RF-0842-001-PPP,Permethrin (sum),,LOQ
2008,F5C9E,2,RF-0240-004-PPP,HCH (sum),,LOQ
2009,F5C9E,2,RF-0119-001-PPP,DDT (sum),0.002,VAL
2010,F5C9E,2,RF-0237-001-PPP,Hexachlorobenzene,0.002,VAL
2011,F5C9E,2,RF-0156-001-PPP,Endrin,,LOQ
2012,F5C9E,2,RF-0736-001-PPP,HCH (sum),,LOQ
2013,F5C9E,2,RF-0021-001-PPP,Dieldrin (sum),,LOQ
2014,F5C9E,2,RF-0515-001-PPP,Bromocyclen,,LOQ
2015,F5C9E,2,RF-0123-001-PPP,Diazinon,,LOQ
2016,F5C9E,2,RF-0406-001-PPP,Tecnazene,,LOQ
2017,F5C9E,2,RF-0155-001-PPP,Endosulfan (sum),,LOQ
2018,F5C9E,2,RF-0837-001-PPP,Pentachloroanisole,,LOQ
2019,F5C9E,2,RF-0263-001-PPP,Lindane,,LOQ
2020,F5C9E,2,RF-0866-001-PPP,Propetamphos,,LOQ
2021,F5C9E,2,RF-0108-001-PPP,Cyfluthrin (sum),,LOQ
2022,F5C9E,2,RF-0653-001-PPP,Endrin ketone,,LOQ
2023,F5C9E,2,RF-0690-005-PPP,Fenvalerate and Esfenvalerate (sum of isomers),,LOQ
2024,F5C9E,2,RF-0239-002-PPP,HCH-beta,,LOQ
2025,F7A7E,2,RF-0797-001-PPP,Mirex,,LOQ
2026,F7A7E,2,RF-0263-001-PPP,Lindane,,LOQ
2027,F7A7E,2,RF-0236-001-PPP,Heptachlor (sum),,LOQ
2028,F7A7E,2,RF-0237-001-PPP,Hexachlorobenzene,0.003,VAL
2029,F7A7E,2,RF-0123-001-PPP,Diazinon,,LOQ
2030,F7A7E,2,RF-0119-001-PPP,DDT (sum),0.001,VAL
2031,F7A7E,2,RF-0842-001-PPP,Permethrin (sum),,LOQ
2032,F7A7E,2,RF-0295-001-PPP,Methoxychlor,,LOQ
2033,F7A7E,2,RF-0736-001-PPP,HCH (sum),,LOQ
2034,F7A7E,2,RF-0406-001-PPP,Tecnazene,,LOQ
2035,F7A7E,2,RF-0515-001-PPP,Bromocyclen,,LOQ
2036,F7A7E,2,RF-0120-001-PPP,Deltamethrin,,LOQ
2037,F7A7E,2,RF-0311-001-PPP,Nitrofen,,LOQ
2038,F7A7E,2,RF-0238-001-PPP,HCH-alpha,,LOQ
2039,F7A7E,2,RF-0866-001-PPP,Propetamphos,,LOQ
2040,F7A7E,2,RF-0112-001-PPP,Cypermethrin (sum),,LOQ
2041,F7A7E,2,RF-0021-001-PPP,Dieldrin (sum),,LOQ
2042,F7A7E,2,RF-0653-001-PPP,Endrin ketone,,LOQ
2043,F7A7E,2,RF-0690-004-PPP,Fenvalerate and Esfenvalerate (sum of isomers),,LOQ
2044,F7A7E,2,RF-0156-001-PPP,Endrin,,LOQ
2045,F7A7E,2,RF-0155-001-PPP,Endosulfan (sum),,LOQ
2046,F7A7E,2,RF-0240-004-PPP,HCH (sum),,LOQ
2047,F7A7E,2,RF-0112-002-PPP,Cypermethrin (sum),,LOQ
2048,F7A7E,2,RF-0690-005-PPP,Fenvalerate and Esfenvalerate (sum of isomers),,LOQ
2049,F7A7E,2,RF-0075-005-PPP,Chlordane (sum),,LOQ
2050,F7A7E,2,RF-0837-001-PPP,Pentachloroanisole,,LOQ
2051,F7A7E,2,RF-0239-002-PPP,HCH-beta,,LOQ
2052,F7A7E,2,RF-0108-001-PPP,Cyfluthrin (sum),,LOQ
2053,FC91D,1,RF-0263-001-PPP,Lindane,,LOQ
2054,FC91D,1,RF-0237-001-PPP,Hexachlorobenzene,,LOQ
2055,FC91D,1,RF-0238-001-PPP,HCH-alpha,,LOQ
2056,FC91D,1,RF-0236-004-PPP,Heptachlor (sum),,LOQ
2057,FC91D,1,RF-0236-005-PPP,Heptachlor (sum),,LOQ
2058,FC91D,1,RF-0156-001-PPP,Endrin,,LOQ
2059,FC91D,1,RF-0236-001-PPP,Heptachlor (sum),,LOQ
2060,FC91D,1,RF-0119-006-PPP,DDT (sum),,LOQ
2061,FC91D,1,RF-0119-007-PPP,DDT (sum),,LOQ
2062,FC91D,1,RF-0119-004-PPP,DDT (sum),,LOQ
2063,FC91D,1,RF-0119-002-PPP,DDT (sum),,LOQ
2064,FC91D,1,RF-0119-003-PPP,DDT (sum),,LOQ
2065,FC91D,1,RF-0075-004-PPP,Chlordane (sum),,LOQ
2066,FC91D,1,RF-0119-001-PPP,DDT (sum),,LOQ
2067,FC91D,1,RF-0075-005-PPP,Chlordane (sum),,LOQ
2068,FC91D,1,RF-0075-003-PPP,Chlordane (sum),,LOQ
2069,FC91D,1,RF-0021-002-PPP,Dieldrin (sum),,LOQ
2070,FC91D,1,RF-0021-003-PPP,Dieldrin (sum),,LOQ
2071,FC91D,1,RF-0239-002-PPP,HCH-beta,0.01653,VAL
2072,FC91D,1,RF-0021-001-PPP,Dieldrin (sum),,LOQ
